type=SYSCALL msg=audit(1748731792.852:31625): arch=c000003e syscall=59 success=yes exit=0 a0=563700c2ec30 a1=563700c2ed00 a2=563700c394b0 a3=8 items=2 ppid=14215 pid=14227 auid=1003 uid=1003 gid=1004 euid=1003 suid=1003 fsuid=1003 egid=1004 sgid=1004 fsgid=1004 tty=pts2 ses=34 comm="ls" exe="/usr/bin/ls" subj=unconfined
type=EXECVE msg=audit(1748731792.852:31625): argc=2 a0="ls" a1="--color=auto"
type=CWD msg=audit(1748731792.852:31625): cwd="/home/alice"
type=PATH msg=audit(1748731792.852:31625): item=0 name="/usr/bin/ls" inode=1615 dev=08:01 mode=0100755 ouid=0 ogid=0 rdev=00:00 nametype=NORMAL cap_fp=0 cap_fi=0 cap_fe=0 cap_fver=0 cap_frootid=0
type=PATH msg=audit(1748731792.852:31625): item=1 name="/lib64/ld-linux-x86-64.so.2" inode=4742 dev=08:01 mode=0100755 ouid=0 ogid=0 rdev=00:00 nametype=NORMAL cap_fp=0 cap_fi=0 cap_fe=0 cap_fver=0 cap_frootid=0
type=PROCTITLE msg=audit(1748731792.852:31625): proctitle=6C73002D2D636F6C6F723D6175746F
type=SYSCALL msg=audit(1748731807.788:31626): arch=c000003e syscall=59 success=yes exit=0 a0=563700c2ec30 a1=563700c4b870 a2=563700c394b0 a3=8 items=2 ppid=14215 pid=14230 auid=1003 uid=1003 gid=1004 euid=1003 suid=1003 fsuid=1003 egid=1004 sgid=1004 fsgid=1004 tty=pts2 ses=34 comm="ls" exe="/usr/bin/ls" subj=unconfined
type=EXECVE msg=audit(1748731807.788:31626): argc=4 a0="ls" a1="--color=auto" a2="-lh" a3="summary-paper1.txt"
type=CWD msg=audit(1748731807.788:31626): cwd="/home/alice"
type=PATH msg=audit(1748731807.788:31626): item=0 name="/usr/bin/ls" inode=1615 dev=08:01 mode=0100755 ouid=0 ogid=0 rdev=00:00 nametype=NORMAL cap_fp=0 cap_fi=0 cap_fe=0 cap_fver=0 cap_frootid=0
type=PATH msg=audit(1748731807.788:31626): item=1 name="/lib64/ld-linux-x86-64.so.2" inode=4742 dev=08:01 mode=0100755 ouid=0 ogid=0 rdev=00:00 nametype=NORMAL cap_fp=0 cap_fi=0 cap_fe=0 cap_fver=0 cap_frootid=0
type=PROCTITLE msg=audit(1748731807.788:31626): proctitle=6C73002D2D636F6C6F723D6175746F002D6C680073756D6D6172792D7061706572312E747874
type=SYSCALL msg=audit(1748731815.608:31627): arch=c000003e syscall=59 success=yes exit=0 a0=563700c3e100 a1=563700c3a960 a2=563700c394b0 a3=8 items=2 ppid=14215 pid=14233 auid=1003 uid=1003 gid=1004 euid=1003 suid=1003 fsuid=1003 egid=1004 sgid=1004 fsgid=1004 tty=pts2 ses=34 comm="cat" exe="/usr/bin/cat" subj=unconfined
type=EXECVE msg=audit(1748731815.608:31627): argc=2 a0="cat" a1="summary-paper1.txt"
type=CWD msg=audit(1748731815.608:31627): cwd="/home/alice"
type=PATH msg=audit(1748731815.608:31627): item=0 name="/usr/bin/cat" inode=1603 dev=08:01 mode=0100755 ouid=0 ogid=0 rdev=00:00 nametype=NORMAL cap_fp=0 cap_fi=0 cap_fe=0 cap_fver=0 cap_frootid=0
type=PATH msg=audit(1748731815.608:31627): item=1 name="/lib64/ld-linux-x86-64.so.2" inode=4742 dev=08:01 mode=0100755 ouid=0 ogid=0 rdev=00:00 nametype=NORMAL cap_fp=0 cap_fi=0 cap_fe=0 cap_fver=0 cap_frootid=0
type=PROCTITLE msg=audit(1748731815.608:31627): proctitle=6361740073756D6D6172792D7061706572312E747874
type=SYSCALL msg=audit(1748731825.144:31628): arch=c000003e syscall=59 success=yes exit=0 a0=563700c47ec0 a1=563700c49ad0 a2=563700c394b0 a3=8 items=2 ppid=14215 pid=14236 auid=1003 uid=1003 gid=1004 euid=1003 suid=1003 fsuid=1003 egid=1004 sgid=1004 fsgid=1004 tty=pts2 ses=34 comm="ls" exe="/usr/bin/ls" subj=unconfined
type=EXECVE msg=audit(1748731825.144:31628): argc=2 a0="ls" a1="--color=auto"
type=CWD msg=audit(1748731825.144:31628): cwd="/home/alice/Dropbox"
type=PATH msg=audit(1748731825.144:31628): item=0 name="/usr/bin/ls" inode=1615 dev=08:01 mode=0100755 ouid=0 ogid=0 rdev=00:00 nametype=NORMAL cap_fp=0 cap_fi=0 cap_fe=0 cap_fver=0 cap_frootid=0
type=PATH msg=audit(1748731825.144:31628): item=1 name="/lib64/ld-linux-x86-64.so.2" inode=4742 dev=08:01 mode=0100755 ouid=0 ogid=0 rdev=00:00 nametype=NORMAL cap_fp=0 cap_fi=0 cap_fe=0 cap_fver=0 cap_frootid=0
type=PROCTITLE msg=audit(1748731825.144:31628): proctitle=6C73002D2D636F6C6F723D6175746F
type=SYSCALL msg=audit(1748731834.264:31629): arch=c000003e syscall=59 success=yes exit=0 a0=563700c4c470 a1=563700c54c60 a2=563700c394b0 a3=8 items=2 ppid=14215 pid=14239 auid=1003 uid=1003 gid=1004 euid=1003 suid=1003 fsuid=1003 egid=1004 sgid=1004 fsgid=1004 tty=pts2 ses=34 comm="ls" exe="/usr/bin/ls" subj=unconfined
type=EXECVE msg=audit(1748731834.264:31629): argc=4 a0="ls" a1="--color=auto" a2="-lh" a3="user-information"
type=CWD msg=audit(1748731834.264:31629): cwd="/home/alice/Dropbox"
type=PATH msg=audit(1748731834.264:31629): item=0 name="/usr/bin/ls" inode=1615 dev=08:01 mode=0100755 ouid=0 ogid=0 rdev=00:00 nametype=NORMAL cap_fp=0 cap_fi=0 cap_fe=0 cap_fver=0 cap_frootid=0
type=PATH msg=audit(1748731834.264:31629): item=1 name="/lib64/ld-linux-x86-64.so.2" inode=4742 dev=08:01 mode=0100755 ouid=0 ogid=0 rdev=00:00 nametype=NORMAL cap_fp=0 cap_fi=0 cap_fe=0 cap_fver=0 cap_frootid=0
type=PROCTITLE msg=audit(1748731834.264:31629): proctitle=6C73002D2D636F6C6F723D6175746F002D6C6800757365722D696E666F726D6174696F6E
type=SYSCALL msg=audit(1748731847.952:31630): arch=c000003e syscall=59 success=yes exit=0 a0=563700c51230 a1=563700c49ad0 a2=563700c394b0 a3=8 items=2 ppid=14215 pid=14242 auid=1003 uid=1003 gid=1004 euid=1003 suid=1003 fsuid=1003 egid=1004 sgid=1004 fsgid=1004 tty=pts2 ses=34 comm="cat" exe="/usr/bin/cat" subj=unconfined
type=EXECVE msg=audit(1748731847.952:31630): argc=2 a0="cat" a1="user-information"
type=CWD msg=audit(1748731847.952:31630): cwd="/home/alice/Dropbox"
type=PATH msg=audit(1748731847.952:31630): item=0 name="/usr/bin/cat" inode=1603 dev=08:01 mode=0100755 ouid=0 ogid=0 rdev=00:00 nametype=NORMAL cap_fp=0 cap_fi=0 cap_fe=0 cap_fver=0 cap_frootid=0
type=PATH msg=audit(1748731847.952:31630): item=1 name="/lib64/ld-linux-x86-64.so.2" inode=4742 dev=08:01 mode=0100755 ouid=0 ogid=0 rdev=00:00 nametype=NORMAL cap_fp=0 cap_fi=0 cap_fe=0 cap_fver=0 cap_frootid=0
type=PROCTITLE msg=audit(1748731847.952:31630): proctitle=63617400757365722D696E666F726D6174696F6E
type=SYSCALL msg=audit(1748731934.270:31631): arch=c000003e syscall=59 success=yes exit=0 a0=55dd9f2602a0 a1=55dd9f25c540 a2=55dd9f266440 a3=8 items=2 ppid=14141 pid=14246 auid=1003 uid=1003 gid=1004 euid=1003 suid=1003 fsuid=1003 egid=1004 sgid=1004 fsgid=1004 tty=pts1 ses=33 comm="ls" exe="/usr/bin/ls" subj=unconfined
type=EXECVE msg=audit(1748731934.270:31631): argc=2 a0="ls" a1="--color=auto"
type=CWD msg=audit(1748731934.270:31631): cwd="/home/alice/Documents"
type=PATH msg=audit(1748731934.270:31631): item=0 name="/usr/bin/ls" inode=1615 dev=08:01 mode=0100755 ouid=0 ogid=0 rdev=00:00 nametype=NORMAL cap_fp=0 cap_fi=0 cap_fe=0 cap_fver=0 cap_frootid=0
type=PATH msg=audit(1748731934.270:31631): item=1 name="/lib64/ld-linux-x86-64.so.2" inode=4742 dev=08:01 mode=0100755 ouid=0 ogid=0 rdev=00:00 nametype=NORMAL cap_fp=0 cap_fi=0 cap_fe=0 cap_fver=0 cap_frootid=0
type=PROCTITLE msg=audit(1748731934.270:31631): proctitle=6C73002D2D636F6C6F723D6175746F
type=SYSCALL msg=audit(1748731946.114:31632): arch=c000003e syscall=59 success=yes exit=0 a0=55dd9f26ac30 a1=55dd9f26b860 a2=55dd9f266440 a3=8 items=2 ppid=14141 pid=14251 auid=1003 uid=1003 gid=1004 euid=1003 suid=1003 fsuid=1003 egid=1004 sgid=1004 fsgid=1004 tty=pts1 ses=33 comm="ls" exe="/usr/bin/ls" subj=unconfined
type=EXECVE msg=audit(1748731946.114:31632): argc=4 a0="ls" a1="--color=auto" a2="-lh" a3="problem-1.py"
type=CWD msg=audit(1748731946.114:31632): cwd="/home/alice/Documents"
type=PATH msg=audit(1748731946.114:31632): item=0 name="/usr/bin/ls" inode=1615 dev=08:01 mode=0100755 ouid=0 ogid=0 rdev=00:00 nametype=NORMAL cap_fp=0 cap_fi=0 cap_fe=0 cap_fver=0 cap_frootid=0
type=PATH msg=audit(1748731946.114:31632): item=1 name="/lib64/ld-linux-x86-64.so.2" inode=4742 dev=08:01 mode=0100755 ouid=0 ogid=0 rdev=00:00 nametype=NORMAL cap_fp=0 cap_fi=0 cap_fe=0 cap_fver=0 cap_frootid=0
type=PROCTITLE msg=audit(1748731946.114:31632): proctitle=6C73002D2D636F6C6F723D6175746F002D6C680070726F626C656D2D312E7079
type=SYSCALL msg=audit(1748731949.870:31633): arch=c000003e syscall=59 success=yes exit=0 a0=55dd9f22cd20 a1=55dd9f265680 a2=55dd9f266440 a3=8 items=2 ppid=14141 pid=14260 auid=1003 uid=1003 gid=1004 euid=1003 suid=1003 fsuid=1003 egid=1004 sgid=1004 fsgid=1004 tty=pts1 ses=33 comm="vi" exe="/usr/bin/vim.basic" subj=unconfined
type=EXECVE msg=audit(1748731949.870:31633): argc=2 a0="vi" a1="problem-1.py"
type=CWD msg=audit(1748731949.870:31633): cwd="/home/alice/Documents"
type=PATH msg=audit(1748731949.870:31633): item=0 name="/usr/bin/vi" inode=6486 dev=08:01 mode=0100755 ouid=0 ogid=0 rdev=00:00 nametype=NORMAL cap_fp=0 cap_fi=0 cap_fe=0 cap_fver=0 cap_frootid=0
type=PATH msg=audit(1748731949.870:31633): item=1 name="/lib64/ld-linux-x86-64.so.2" inode=4742 dev=08:01 mode=0100755 ouid=0 ogid=0 rdev=00:00 nametype=NORMAL cap_fp=0 cap_fi=0 cap_fe=0 cap_fver=0 cap_frootid=0
type=PROCTITLE msg=audit(1748731949.870:31633): proctitle=76690070726F626C656D2D312E7079
type=SYSCALL msg=audit(1748731949.890:31634): arch=c000003e syscall=87 success=yes exit=0 a0=5612f0158b40 a1=7ffdb0e4f5c0 a2=7ffdb0e4f5c0 a3=180 items=2 ppid=14141 pid=14260 auid=1003 uid=1003 gid=1004 euid=1003 suid=1003 fsuid=1003 egid=1004 sgid=1004 fsgid=1004 tty=pts1 ses=33 comm="vi" exe="/usr/bin/vim.basic" subj=unconfined
type=CWD msg=audit(1748731949.890:31634): cwd="/home/alice/Documents"
type=PATH msg=audit(1748731949.890:31634): item=0 name="/home/alice/Documents" inode=2884364 dev=08:01 mode=040755 ouid=1003 ogid=1004 rdev=00:00 nametype=PARENT cap_fp=0 cap_fi=0 cap_fe=0 cap_fver=0 cap_frootid=0
type=PATH msg=audit(1748731949.890:31634): item=1 name=".problem-1.py.swx" inode=2880745 dev=08:01 mode=0100600 ouid=1003 ogid=1004 rdev=00:00 nametype=DELETE cap_fp=0 cap_fi=0 cap_fe=0 cap_fver=0 cap_frootid=0
type=PROCTITLE msg=audit(1748731949.890:31634): proctitle=76690070726F626C656D2D312E7079
type=SYSCALL msg=audit(1748731949.890:31635): arch=c000003e syscall=87 success=yes exit=0 a0=5612f0393b80 a1=1 a2=7ffdb0e4f5c0 a3=180 items=2 ppid=14141 pid=14260 auid=1003 uid=1003 gid=1004 euid=1003 suid=1003 fsuid=1003 egid=1004 sgid=1004 fsgid=1004 tty=pts1 ses=33 comm="vi" exe="/usr/bin/vim.basic" subj=unconfined
type=CWD msg=audit(1748731949.890:31635): cwd="/home/alice/Documents"
type=PATH msg=audit(1748731949.890:31635): item=0 name="/home/alice/Documents" inode=2884364 dev=08:01 mode=040755 ouid=1003 ogid=1004 rdev=00:00 nametype=PARENT cap_fp=0 cap_fi=0 cap_fe=0 cap_fver=0 cap_frootid=0
type=PATH msg=audit(1748731949.890:31635): item=1 name=".problem-1.py.swp" inode=2880744 dev=08:01 mode=0100600 ouid=1003 ogid=1004 rdev=00:00 nametype=DELETE cap_fp=0 cap_fi=0 cap_fe=0 cap_fver=0 cap_frootid=0
type=PROCTITLE msg=audit(1748731949.890:31635): proctitle=76690070726F626C656D2D312E7079
type=SYSCALL msg=audit(1748731949.890:31636): arch=c000003e syscall=90 success=yes exit=0 a0=5612f0393b80 a1=1a4 a2=5612b12b7b80 a3=5612b12b7b00 items=1 ppid=14141 pid=14260 auid=1003 uid=1003 gid=1004 euid=1003 suid=1003 fsuid=1003 egid=1004 sgid=1004 fsgid=1004 tty=pts1 ses=33 comm="vi" exe="/usr/bin/vim.basic" subj=unconfined
type=CWD msg=audit(1748731949.890:31636): cwd="/home/alice/Documents"
type=PATH msg=audit(1748731949.890:31636): item=0 name=".problem-1.py.swp" inode=2880744 dev=08:01 mode=0100600 ouid=1003 ogid=1004 rdev=00:00 nametype=NORMAL cap_fp=0 cap_fi=0 cap_fe=0 cap_fver=0 cap_frootid=0
type=PROCTITLE msg=audit(1748731949.890:31636): proctitle=76690070726F626C656D2D312E7079
type=SYSCALL msg=audit(1748731953.082:31637): arch=c000003e syscall=93 success=yes exit=0 a0=3 a1=3eb a2=3ec a3=81b4 items=1 ppid=14141 pid=14260 auid=1003 uid=1003 gid=1004 euid=1003 suid=1003 fsuid=1003 egid=1004 sgid=1004 fsgid=1004 tty=pts1 ses=33 comm="vi" exe="/usr/bin/vim.basic" subj=unconfined
type=CWD msg=audit(1748731953.082:31637): cwd="/home/alice/Documents"
type=PATH msg=audit(1748731953.082:31637): item=0 name=(null) inode=2880745 dev=08:01 mode=0100664 ouid=1003 ogid=1004 rdev=00:00 nametype=NORMAL cap_fp=0 cap_fi=0 cap_fe=0 cap_fver=0 cap_frootid=0
type=PROCTITLE msg=audit(1748731953.082:31637): proctitle=76690070726F626C656D2D312E7079
type=SYSCALL msg=audit(1748731953.082:31638): arch=c000003e syscall=87 success=yes exit=0 a0=5612f014a500 a1=7ffdb0e4f1a0 a2=7ffdb0e4f1a0 a3=81b4 items=2 ppid=14141 pid=14260 auid=1003 uid=1003 gid=1004 euid=1003 suid=1003 fsuid=1003 egid=1004 sgid=1004 fsgid=1004 tty=pts1 ses=33 comm="vi" exe="/usr/bin/vim.basic" subj=unconfined
type=CWD msg=audit(1748731953.082:31638): cwd="/home/alice/Documents"
type=PATH msg=audit(1748731953.082:31638): item=0 name="/home/alice/Documents" inode=2884364 dev=08:01 mode=040755 ouid=1003 ogid=1004 rdev=00:00 nametype=PARENT cap_fp=0 cap_fi=0 cap_fe=0 cap_fver=0 cap_frootid=0
type=PATH msg=audit(1748731953.082:31638): item=1 name="4913" inode=2880745 dev=08:01 mode=0100664 ouid=1003 ogid=1004 rdev=00:00 nametype=DELETE cap_fp=0 cap_fi=0 cap_fe=0 cap_fver=0 cap_frootid=0
type=PROCTITLE msg=audit(1748731953.082:31638): proctitle=76690070726F626C656D2D312E7079
type=SYSCALL msg=audit(1748731953.082:31639): arch=c000003e syscall=87 success=no exit=-2 a0=5612f03a2a10 a1=7ffdb0e4de80 a2=fffffffffffffe98 a3=81b4 items=1 ppid=14141 pid=14260 auid=1003 uid=1003 gid=1004 euid=1003 suid=1003 fsuid=1003 egid=1004 sgid=1004 fsgid=1004 tty=pts1 ses=33 comm="vi" exe="/usr/bin/vim.basic" subj=unconfined
type=CWD msg=audit(1748731953.082:31639): cwd="/home/alice/Documents"
type=PATH msg=audit(1748731953.082:31639): item=0 name="/home/alice/Documents" inode=2884364 dev=08:01 mode=040755 ouid=1003 ogid=1004 rdev=00:00 nametype=PARENT cap_fp=0 cap_fi=0 cap_fe=0 cap_fver=0 cap_frootid=0
type=PROCTITLE msg=audit(1748731953.082:31639): proctitle=76690070726F626C656D2D312E7079
type=SYSCALL msg=audit(1748731953.082:31640): arch=c000003e syscall=82 success=yes exit=0 a0=5612f0157f70 a1=5612f03a2a10 a2=fffffffffffffe98 a3=81b4 items=4 ppid=14141 pid=14260 auid=1003 uid=1003 gid=1004 euid=1003 suid=1003 fsuid=1003 egid=1004 sgid=1004 fsgid=1004 tty=pts1 ses=33 comm="vi" exe="/usr/bin/vim.basic" subj=unconfined
type=CWD msg=audit(1748731953.082:31640): cwd="/home/alice/Documents"
type=PATH msg=audit(1748731953.082:31640): item=0 name="/home/alice/Documents" inode=2884364 dev=08:01 mode=040755 ouid=1003 ogid=1004 rdev=00:00 nametype=PARENT cap_fp=0 cap_fi=0 cap_fe=0 cap_fver=0 cap_frootid=0
type=PATH msg=audit(1748731953.082:31640): item=1 name="/home/alice/Documents" inode=2884364 dev=08:01 mode=040755 ouid=1003 ogid=1004 rdev=00:00 nametype=PARENT cap_fp=0 cap_fi=0 cap_fe=0 cap_fver=0 cap_frootid=0
type=PATH msg=audit(1748731953.082:31640): item=2 name="problem-1.py" inode=2880590 dev=08:01 mode=0100664 ouid=1003 ogid=1004 rdev=00:00 nametype=DELETE cap_fp=0 cap_fi=0 cap_fe=0 cap_fver=0 cap_frootid=0
type=PATH msg=audit(1748731953.082:31640): item=3 name="problem-1.py~" inode=2880590 dev=08:01 mode=0100664 ouid=1003 ogid=1004 rdev=00:00 nametype=CREATE cap_fp=0 cap_fi=0 cap_fe=0 cap_fver=0 cap_frootid=0
type=PROCTITLE msg=audit(1748731953.082:31640): proctitle=76690070726F626C656D2D312E7079
type=SYSCALL msg=audit(1748731953.086:31641): arch=c000003e syscall=82 success=yes exit=0 a0=55a0a944b6c0 a1=55a0a9442f80 a2=55a0a944b70f a3=7fbe5a070900 items=4 ppid=1 pid=1444 auid=1003 uid=1003 gid=1004 euid=1003 suid=1003 fsuid=1003 egid=1004 sgid=1004 fsgid=1004 tty=(none) ses=3 comm="systemd" exe="/usr/lib/systemd/systemd" subj=unconfined
type=CWD msg=audit(1748731953.086:31641): cwd="/"
type=PATH msg=audit(1748731953.086:31641): item=0 name="/run/user/1003/systemd/units/" inode=10 dev=00:33 mode=040755 ouid=1003 ogid=1004 rdev=00:00 nametype=PARENT cap_fp=0 cap_fi=0 cap_fe=0 cap_fver=0 cap_frootid=0
type=PATH msg=audit(1748731953.086:31641): item=1 name="/run/user/1003/systemd/units/" inode=10 dev=00:33 mode=040755 ouid=1003 ogid=1004 rdev=00:00 nametype=PARENT cap_fp=0 cap_fi=0 cap_fe=0 cap_fver=0 cap_frootid=0
type=PATH msg=audit(1748731953.086:31641): item=2 name="/run/user/1003/systemd/units/.#invocation:tracker-store.service0342fb534475751d" inode=84 dev=00:33 mode=0120777 ouid=1003 ogid=1004 rdev=00:00 nametype=DELETE cap_fp=0 cap_fi=0 cap_fe=0 cap_fver=0 cap_frootid=0
type=PATH msg=audit(1748731953.086:31641): item=3 name="/run/user/1003/systemd/units/invocation:tracker-store.service" inode=84 dev=00:33 mode=0120777 ouid=1003 ogid=1004 rdev=00:00 nametype=CREATE cap_fp=0 cap_fi=0 cap_fe=0 cap_fver=0 cap_frootid=0
type=PROCTITLE msg=audit(1748731953.086:31641): proctitle="(systemd)"
type=SYSCALL msg=audit(1748731953.086:31642): arch=c000003e syscall=91 success=yes exit=0 a0=3 a1=81b4 a2=7ffdb0e4eeb0 a3=1b4 items=1 ppid=14141 pid=14260 auid=1003 uid=1003 gid=1004 euid=1003 suid=1003 fsuid=1003 egid=1004 sgid=1004 fsgid=1004 tty=pts1 ses=33 comm="vi" exe="/usr/bin/vim.basic" subj=unconfined
type=CWD msg=audit(1748731953.086:31642): cwd="/home/alice/Documents"
type=PATH msg=audit(1748731953.086:31642): item=0 name=(null) inode=2880745 dev=08:01 mode=0100664 ouid=1003 ogid=1004 rdev=00:00 nametype=NORMAL cap_fp=0 cap_fi=0 cap_fe=0 cap_fver=0 cap_frootid=0
type=PROCTITLE msg=audit(1748731953.086:31642): proctitle=76690070726F626C656D2D312E7079
type=SYSCALL msg=audit(1748731953.086:31643): arch=c000003e syscall=188 success=yes exit=0 a0=5612f0157f70 a1=7efda0f7f0b3 a2=5612f0393c10 a3=1c items=1 ppid=14141 pid=14260 auid=1003 uid=1003 gid=1004 euid=1003 suid=1003 fsuid=1003 egid=1004 sgid=1004 fsgid=1004 tty=pts1 ses=33 comm="vi" exe="/usr/bin/vim.basic" subj=unconfined
type=CWD msg=audit(1748731953.086:31643): cwd="/home/alice/Documents"
type=PATH msg=audit(1748731953.086:31643): item=0 name="problem-1.py" inode=2880745 dev=08:01 mode=0100664 ouid=1003 ogid=1004 rdev=00:00 nametype=NORMAL cap_fp=0 cap_fi=0 cap_fe=0 cap_fver=0 cap_frootid=0
type=PROCTITLE msg=audit(1748731953.086:31643): proctitle=76690070726F626C656D2D312E7079
type=SYSCALL msg=audit(1748731953.086:31644): arch=c000003e syscall=87 success=yes exit=0 a0=5612f03a2a10 a1=5612f017ead0 a2=5612b1228ee5 a3=20 items=2 ppid=14141 pid=14260 auid=1003 uid=1003 gid=1004 euid=1003 suid=1003 fsuid=1003 egid=1004 sgid=1004 fsgid=1004 tty=pts1 ses=33 comm="vi" exe="/usr/bin/vim.basic" subj=unconfined
type=CWD msg=audit(1748731953.086:31644): cwd="/home/alice/Documents"
type=PATH msg=audit(1748731953.086:31644): item=0 name="/home/alice/Documents" inode=2884364 dev=08:01 mode=040755 ouid=1003 ogid=1004 rdev=00:00 nametype=PARENT cap_fp=0 cap_fi=0 cap_fe=0 cap_fver=0 cap_frootid=0
type=PATH msg=audit(1748731953.086:31644): item=1 name="problem-1.py~" inode=2880590 dev=08:01 mode=0100664 ouid=1003 ogid=1004 rdev=00:00 nametype=DELETE cap_fp=0 cap_fi=0 cap_fe=0 cap_fver=0 cap_frootid=0
type=PROCTITLE msg=audit(1748731953.086:31644): proctitle=76690070726F626C656D2D312E7079
type=SYSCALL msg=audit(1748731953.086:31645): arch=c000003e syscall=257 success=no exit=-13 a0=ffffff9c a1=55a0a9459fb0 a2=80101 a3=0 items=1 ppid=1444 pid=14261 auid=1003 uid=1003 gid=1004 euid=1003 suid=1003 fsuid=1003 egid=1004 sgid=1004 fsgid=1004 tty=(none) ses=3 comm="(er-store)" exe="/usr/lib/systemd/systemd" subj=unconfined
type=CWD msg=audit(1748731953.086:31645): cwd="/"
type=PATH msg=audit(1748731953.086:31645): item=0 name="/sys/fs/cgroup/cpu/user.slice/cgroup.procs" inode=128 dev=00:25 mode=0100644 ouid=0 ogid=0 rdev=00:00 nametype=NORMAL cap_fp=0 cap_fi=0 cap_fe=0 cap_fver=0 cap_frootid=0
type=PROCTITLE msg=audit(1748731953.086:31645): proctitle="(er-store)"
type=SYSCALL msg=audit(1748731953.086:31646): arch=c000003e syscall=257 success=no exit=-13 a0=ffffff9c a1=55a0a93948d0 a2=80101 a3=0 items=1 ppid=1444 pid=14261 auid=1003 uid=1003 gid=1004 euid=1003 suid=1003 fsuid=1003 egid=1004 sgid=1004 fsgid=1004 tty=(none) ses=3 comm="(er-store)" exe="/usr/lib/systemd/systemd" subj=unconfined
type=CWD msg=audit(1748731953.086:31646): cwd="/"
type=PATH msg=audit(1748731953.086:31646): item=0 name="/sys/fs/cgroup/cpu/cgroup.procs" inode=2 dev=00:25 mode=0100644 ouid=0 ogid=0 rdev=00:00 nametype=NORMAL cap_fp=0 cap_fi=0 cap_fe=0 cap_fver=0 cap_frootid=0
type=PROCTITLE msg=audit(1748731953.086:31646): proctitle="(er-store)"
type=SYSCALL msg=audit(1748731953.086:31647): arch=c000003e syscall=257 success=no exit=-13 a0=ffffff9c a1=55a0a9459fb0 a2=80101 a3=0 items=1 ppid=1444 pid=14261 auid=1003 uid=1003 gid=1004 euid=1003 suid=1003 fsuid=1003 egid=1004 sgid=1004 fsgid=1004 tty=(none) ses=3 comm="(er-store)" exe="/usr/lib/systemd/systemd" subj=unconfined
type=CWD msg=audit(1748731953.086:31647): cwd="/"
type=PATH msg=audit(1748731953.086:31647): item=0 name="/sys/fs/cgroup/blkio/user.slice/cgroup.procs" inode=94 dev=00:27 mode=0100644 ouid=0 ogid=0 rdev=00:00 nametype=NORMAL cap_fp=0 cap_fi=0 cap_fe=0 cap_fver=0 cap_frootid=0
type=PROCTITLE msg=audit(1748731953.086:31647): proctitle="(er-store)"
type=SYSCALL msg=audit(1748731953.086:31648): arch=c000003e syscall=257 success=no exit=-13 a0=ffffff9c a1=55a0a93948d0 a2=80101 a3=0 items=1 ppid=1444 pid=14261 auid=1003 uid=1003 gid=1004 euid=1003 suid=1003 fsuid=1003 egid=1004 sgid=1004 fsgid=1004 tty=(none) ses=3 comm="(er-store)" exe="/usr/lib/systemd/systemd" subj=unconfined
type=CWD msg=audit(1748731953.086:31648): cwd="/"
type=PATH msg=audit(1748731953.086:31648): item=0 name="/sys/fs/cgroup/blkio/cgroup.procs" inode=2 dev=00:27 mode=0100644 ouid=0 ogid=0 rdev=00:00 nametype=NORMAL cap_fp=0 cap_fi=0 cap_fe=0 cap_fver=0 cap_frootid=0
type=PROCTITLE msg=audit(1748731953.086:31648): proctitle="(er-store)"
type=SYSCALL msg=audit(1748731953.086:31649): arch=c000003e syscall=257 success=no exit=-13 a0=ffffff9c a1=55a0a944b6c0 a2=80101 a3=0 items=1 ppid=1444 pid=14261 auid=1003 uid=1003 gid=1004 euid=1003 suid=1003 fsuid=1003 egid=1004 sgid=1004 fsgid=1004 tty=(none) ses=3 comm="(er-store)" exe="/usr/lib/systemd/systemd" subj=unconfined
type=CWD msg=audit(1748731953.086:31649): cwd="/"
type=PATH msg=audit(1748731953.086:31649): item=0 name="/sys/fs/cgroup/memory/user.slice/user-1003.slice/user@1003.service/cgroup.procs" inode=4708 dev=00:26 mode=0100644 ouid=0 ogid=0 rdev=00:00 nametype=NORMAL cap_fp=0 cap_fi=0 cap_fe=0 cap_fver=0 cap_frootid=0
type=PROCTITLE msg=audit(1748731953.086:31649): proctitle="(er-store)"
type=SYSCALL msg=audit(1748731953.086:31650): arch=c000003e syscall=257 success=no exit=-13 a0=ffffff9c a1=55a0a9349be0 a2=80101 a3=0 items=1 ppid=1444 pid=14261 auid=1003 uid=1003 gid=1004 euid=1003 suid=1003 fsuid=1003 egid=1004 sgid=1004 fsgid=1004 tty=(none) ses=3 comm="(er-store)" exe="/usr/lib/systemd/systemd" subj=unconfined
type=CWD msg=audit(1748731953.086:31650): cwd="/"
type=PATH msg=audit(1748731953.086:31650): item=0 name="/sys/fs/cgroup/memory/user.slice/user-1003.slice/cgroup.procs" inode=4644 dev=00:26 mode=0100644 ouid=0 ogid=0 rdev=00:00 nametype=NORMAL cap_fp=0 cap_fi=0 cap_fe=0 cap_fver=0 cap_frootid=0
type=PROCTITLE msg=audit(1748731953.086:31650): proctitle="(er-store)"
type=SYSCALL msg=audit(1748731953.086:31651): arch=c000003e syscall=257 success=no exit=-13 a0=ffffff9c a1=55a0a9459fb0 a2=80101 a3=0 items=1 ppid=1444 pid=14261 auid=1003 uid=1003 gid=1004 euid=1003 suid=1003 fsuid=1003 egid=1004 sgid=1004 fsgid=1004 tty=(none) ses=3 comm="(er-store)" exe="/usr/lib/systemd/systemd" subj=unconfined
type=CWD msg=audit(1748731953.086:31651): cwd="/"
type=PATH msg=audit(1748731953.086:31651): item=0 name="/sys/fs/cgroup/memory/user.slice/cgroup.procs" inode=196 dev=00:26 mode=0100644 ouid=0 ogid=0 rdev=00:00 nametype=NORMAL cap_fp=0 cap_fi=0 cap_fe=0 cap_fver=0 cap_frootid=0
type=PROCTITLE msg=audit(1748731953.086:31651): proctitle="(er-store)"
type=SYSCALL msg=audit(1748731953.086:31652): arch=c000003e syscall=257 success=no exit=-13 a0=ffffff9c a1=55a0a93948d0 a2=80101 a3=0 items=1 ppid=1444 pid=14261 auid=1003 uid=1003 gid=1004 euid=1003 suid=1003 fsuid=1003 egid=1004 sgid=1004 fsgid=1004 tty=(none) ses=3 comm="(er-store)" exe="/usr/lib/systemd/systemd" subj=unconfined
type=CWD msg=audit(1748731953.086:31652): cwd="/"
type=PATH msg=audit(1748731953.086:31652): item=0 name="/sys/fs/cgroup/memory/cgroup.procs" inode=2 dev=00:26 mode=0100644 ouid=0 ogid=0 rdev=00:00 nametype=NORMAL cap_fp=0 cap_fi=0 cap_fe=0 cap_fver=0 cap_frootid=0
type=PROCTITLE msg=audit(1748731953.086:31652): proctitle="(er-store)"
type=SYSCALL msg=audit(1748731953.086:31653): arch=c000003e syscall=257 success=no exit=-13 a0=ffffff9c a1=55a0a9459fb0 a2=80101 a3=0 items=1 ppid=1444 pid=14261 auid=1003 uid=1003 gid=1004 euid=1003 suid=1003 fsuid=1003 egid=1004 sgid=1004 fsgid=1004 tty=(none) ses=3 comm="(er-store)" exe="/usr/lib/systemd/systemd" subj=unconfined
type=CWD msg=audit(1748731953.086:31653): cwd="/"
type=PATH msg=audit(1748731953.086:31653): item=0 name="/sys/fs/cgroup/devices/user.slice/cgroup.procs" inode=52 dev=00:22 mode=0100644 ouid=0 ogid=0 rdev=00:00 nametype=NORMAL cap_fp=0 cap_fi=0 cap_fe=0 cap_fver=0 cap_frootid=0
type=PROCTITLE msg=audit(1748731953.086:31653): proctitle="(er-store)"
type=SYSCALL msg=audit(1748731953.086:31654): arch=c000003e syscall=257 success=no exit=-13 a0=ffffff9c a1=55a0a93948d0 a2=80101 a3=0 items=1 ppid=1444 pid=14261 auid=1003 uid=1003 gid=1004 euid=1003 suid=1003 fsuid=1003 egid=1004 sgid=1004 fsgid=1004 tty=(none) ses=3 comm="(er-store)" exe="/usr/lib/systemd/systemd" subj=unconfined
type=CWD msg=audit(1748731953.086:31654): cwd="/"
type=PATH msg=audit(1748731953.086:31654): item=0 name="/sys/fs/cgroup/devices/cgroup.procs" inode=2 dev=00:22 mode=0100644 ouid=0 ogid=0 rdev=00:00 nametype=NORMAL cap_fp=0 cap_fi=0 cap_fe=0 cap_fver=0 cap_frootid=0
type=PROCTITLE msg=audit(1748731953.086:31654): proctitle="(er-store)"
type=SYSCALL msg=audit(1748731953.086:31655): arch=c000003e syscall=257 success=no exit=-13 a0=ffffff9c a1=55a0a944b6c0 a2=80101 a3=0 items=1 ppid=1444 pid=14261 auid=1003 uid=1003 gid=1004 euid=1003 suid=1003 fsuid=1003 egid=1004 sgid=1004 fsgid=1004 tty=(none) ses=3 comm="(er-store)" exe="/usr/lib/systemd/systemd" subj=unconfined
type=CWD msg=audit(1748731953.086:31655): cwd="/"
type=PATH msg=audit(1748731953.086:31655): item=0 name="/sys/fs/cgroup/pids/user.slice/user-1003.slice/user@1003.service/cgroup.procs" inode=1177 dev=00:29 mode=0100644 ouid=0 ogid=0 rdev=00:00 nametype=NORMAL cap_fp=0 cap_fi=0 cap_fe=0 cap_fver=0 cap_frootid=0
type=PROCTITLE msg=audit(1748731953.086:31655): proctitle="(er-store)"
type=SYSCALL msg=audit(1748731953.086:31656): arch=c000003e syscall=257 success=no exit=-13 a0=ffffff9c a1=55a0a9349be0 a2=80101 a3=0 items=1 ppid=1444 pid=14261 auid=1003 uid=1003 gid=1004 euid=1003 suid=1003 fsuid=1003 egid=1004 sgid=1004 fsgid=1004 tty=(none) ses=3 comm="(er-store)" exe="/usr/lib/systemd/systemd" subj=unconfined
type=CWD msg=audit(1748731953.086:31656): cwd="/"
type=PATH msg=audit(1748731953.086:31656): item=0 name="/sys/fs/cgroup/pids/user.slice/user-1003.slice/cgroup.procs" inode=1161 dev=00:29 mode=0100644 ouid=0 ogid=0 rdev=00:00 nametype=NORMAL cap_fp=0 cap_fi=0 cap_fe=0 cap_fver=0 cap_frootid=0
type=PROCTITLE msg=audit(1748731953.086:31656): proctitle="(er-store)"
type=SYSCALL msg=audit(1748731953.086:31657): arch=c000003e syscall=257 success=no exit=-13 a0=ffffff9c a1=55a0a9459fb0 a2=80101 a3=0 items=1 ppid=1444 pid=14261 auid=1003 uid=1003 gid=1004 euid=1003 suid=1003 fsuid=1003 egid=1004 sgid=1004 fsgid=1004 tty=(none) ses=3 comm="(er-store)" exe="/usr/lib/systemd/systemd" subj=unconfined
type=CWD msg=audit(1748731953.086:31657): cwd="/"
type=PATH msg=audit(1748731953.086:31657): item=0 name="/sys/fs/cgroup/pids/user.slice/cgroup.procs" inode=49 dev=00:29 mode=0100644 ouid=0 ogid=0 rdev=00:00 nametype=NORMAL cap_fp=0 cap_fi=0 cap_fe=0 cap_fver=0 cap_frootid=0
type=PROCTITLE msg=audit(1748731953.086:31657): proctitle="(er-store)"
type=SYSCALL msg=audit(1748731953.086:31658): arch=c000003e syscall=87 success=yes exit=0 a0=5612f03942f0 a1=7ffdb0e4e150 a2=7ffdb0e4e150 a3=5612b123c0a2 items=2 ppid=14141 pid=14260 auid=1003 uid=1003 gid=1004 euid=1003 suid=1003 fsuid=1003 egid=1004 sgid=1004 fsgid=1004 tty=pts1 ses=33 comm="vi" exe="/usr/bin/vim.basic" subj=unconfined
type=CWD msg=audit(1748731953.086:31658): cwd="/home/alice/Documents"
type=PATH msg=audit(1748731953.086:31658): item=0 name="/home/alice/" inode=2884327 dev=08:01 mode=040700 ouid=1003 ogid=1004 rdev=00:00 nametype=PARENT cap_fp=0 cap_fi=0 cap_fe=0 cap_fver=0 cap_frootid=0
type=PATH msg=audit(1748731953.086:31658): item=1 name="/home/alice/.viminfo" inode=2877432 dev=08:01 mode=0100600 ouid=1003 ogid=1004 rdev=00:00 nametype=DELETE cap_fp=0 cap_fi=0 cap_fe=0 cap_fver=0 cap_frootid=0
type=SYSCALL msg=audit(1748731953.086:31659): arch=c000003e syscall=257 success=no exit=-13 a0=ffffff9c a1=55a0a93948d0 a2=80101 a3=0 items=1 ppid=1444 pid=14261 auid=1003 uid=1003 gid=1004 euid=1003 suid=1003 fsuid=1003 egid=1004 sgid=1004 fsgid=1004 tty=(none) ses=3 comm="(er-store)" exe="/usr/lib/systemd/systemd" subj=unconfined
type=PROCTITLE msg=audit(1748731953.086:31658): proctitle=76690070726F626C656D2D312E7079
type=CWD msg=audit(1748731953.086:31659): cwd="/"
type=PATH msg=audit(1748731953.086:31659): item=0 name="/sys/fs/cgroup/pids/cgroup.procs" inode=2 dev=00:29 mode=0100644 ouid=0 ogid=0 rdev=00:00 nametype=NORMAL cap_fp=0 cap_fi=0 cap_fe=0 cap_fver=0 cap_frootid=0
type=PROCTITLE msg=audit(1748731953.086:31659): proctitle="(er-store)"
type=SYSCALL msg=audit(1748731953.086:31660): arch=c000003e syscall=82 success=yes exit=0 a0=5612f0394c60 a1=5612f03942f0 a2=7ffdb0e4e150 a3=5612b123c0a2 items=4 ppid=14141 pid=14260 auid=1003 uid=1003 gid=1004 euid=1003 suid=1003 fsuid=1003 egid=1004 sgid=1004 fsgid=1004 tty=pts1 ses=33 comm="vi" exe="/usr/bin/vim.basic" subj=unconfined
type=CWD msg=audit(1748731953.086:31660): cwd="/home/alice/Documents"
type=PATH msg=audit(1748731953.086:31660): item=0 name="/home/alice/" inode=2884327 dev=08:01 mode=040700 ouid=1003 ogid=1004 rdev=00:00 nametype=PARENT cap_fp=0 cap_fi=0 cap_fe=0 cap_fver=0 cap_frootid=0
type=PATH msg=audit(1748731953.086:31660): item=1 name="/home/alice/" inode=2884327 dev=08:01 mode=040700 ouid=1003 ogid=1004 rdev=00:00 nametype=PARENT cap_fp=0 cap_fi=0 cap_fe=0 cap_fver=0 cap_frootid=0
type=PATH msg=audit(1748731953.086:31660): item=2 name="/home/alice/.viminfo.tmp" inode=2880590 dev=08:01 mode=0100600 ouid=1003 ogid=1004 rdev=00:00 nametype=DELETE cap_fp=0 cap_fi=0 cap_fe=0 cap_fver=0 cap_frootid=0
type=PATH msg=audit(1748731953.086:31660): item=3 name="/home/alice/.viminfo" inode=2880590 dev=08:01 mode=0100600 ouid=1003 ogid=1004 rdev=00:00 nametype=CREATE cap_fp=0 cap_fi=0 cap_fe=0 cap_fver=0 cap_frootid=0
type=PROCTITLE msg=audit(1748731953.086:31660): proctitle=76690070726F626C656D2D312E7079
type=SYSCALL msg=audit(1748731953.086:31661): arch=c000003e syscall=59 success=yes exit=0 a0=55a0a944a910 a1=55a0a93d44e0 a2=55a0a941a240 a3=55a0a93f2d40 items=2 ppid=1444 pid=14261 auid=1003 uid=1003 gid=1004 euid=1003 suid=1003 fsuid=1003 egid=1004 sgid=1004 fsgid=1004 tty=(none) ses=3 comm="tracker-store" exe="/usr/libexec/tracker-store" subj=unconfined
type=EXECVE msg=audit(1748731953.086:31661): argc=1 a0="/usr/libexec/tracker-store"
type=CWD msg=audit(1748731953.086:31661): cwd="/home/alice"
type=PATH msg=audit(1748731953.086:31661): item=0 name="/usr/libexec/tracker-store" inode=78727 dev=08:01 mode=0100755 ouid=0 ogid=0 rdev=00:00 nametype=NORMAL cap_fp=0 cap_fi=0 cap_fe=0 cap_fver=0 cap_frootid=0
type=PATH msg=audit(1748731953.086:31661): item=1 name="/lib64/ld-linux-x86-64.so.2" inode=4742 dev=08:01 mode=0100755 ouid=0 ogid=0 rdev=00:00 nametype=NORMAL cap_fp=0 cap_fi=0 cap_fe=0 cap_fver=0 cap_frootid=0
type=PROCTITLE msg=audit(1748731953.086:31661): proctitle="(er-store)"
type=SYSCALL msg=audit(1748731953.086:31662): arch=c000003e syscall=87 success=yes exit=0 a0=5612f0393bc0 a1=1 a2=1d a3=1 items=2 ppid=14141 pid=14260 auid=1003 uid=1003 gid=1004 euid=1003 suid=1003 fsuid=1003 egid=1004 sgid=1004 fsgid=1004 tty=pts1 ses=33 comm="vi" exe="/usr/bin/vim.basic" subj=unconfined
type=CWD msg=audit(1748731953.086:31662): cwd="/home/alice/Documents"
type=PATH msg=audit(1748731953.086:31662): item=0 name="/home/alice/Documents/" inode=2884364 dev=08:01 mode=040755 ouid=1003 ogid=1004 rdev=00:00 nametype=PARENT cap_fp=0 cap_fi=0 cap_fe=0 cap_fver=0 cap_frootid=0
type=PATH msg=audit(1748731953.086:31662): item=1 name="/home/alice/Documents/.problem-1.py.swp" inode=2880744 dev=08:01 mode=0100644 ouid=1003 ogid=1004 rdev=00:00 nametype=DELETE cap_fp=0 cap_fi=0 cap_fe=0 cap_fver=0 cap_frootid=0
type=PROCTITLE msg=audit(1748731953.086:31662): proctitle=76690070726F626C656D2D312E7079
type=SYSCALL msg=audit(1748731953.146:31663): arch=c000003e syscall=59 success=yes exit=0 a0=5564defb6880 a1=5564df0681f0 a2=5564df08d900 a3=0 items=2 ppid=14268 pid=14269 auid=1003 uid=1003 gid=1004 euid=1003 suid=1003 fsuid=1003 egid=1004 sgid=1004 fsgid=1004 tty=(none) ses=3 comm="tumblerd" exe="/usr/lib/x86_64-linux-gnu/tumbler-1/tumblerd" subj=unconfined
type=EXECVE msg=audit(1748731953.146:31663): argc=1 a0="/usr/lib/x86_64-linux-gnu/tumbler-1/tumblerd"
type=CWD msg=audit(1748731953.146:31663): cwd="/home/alice"
type=PATH msg=audit(1748731953.146:31663): item=0 name="/usr/lib/x86_64-linux-gnu/tumbler-1/tumblerd" inode=1068801 dev=08:01 mode=0100755 ouid=0 ogid=0 rdev=00:00 nametype=NORMAL cap_fp=0 cap_fi=0 cap_fe=0 cap_fver=0 cap_frootid=0
type=PATH msg=audit(1748731953.146:31663): item=1 name="/lib64/ld-linux-x86-64.so.2" inode=4742 dev=08:01 mode=0100755 ouid=0 ogid=0 rdev=00:00 nametype=NORMAL cap_fp=0 cap_fi=0 cap_fe=0 cap_fver=0 cap_frootid=0
type=PROCTITLE msg=audit(1748731953.146:31663): proctitle="/usr/lib/x86_64-linux-gnu/tumbler-1/tumblerd"
type=SYSCALL msg=audit(1748731953.186:31664): arch=c000003e syscall=87 success=no exit=-2 a0=7fce88001430 a1=1 a2=0 a3=55823f761c98 items=1 ppid=1444 pid=14269 auid=1003 uid=1003 gid=1004 euid=1003 suid=1003 fsuid=1003 egid=1004 sgid=1004 fsgid=1004 tty=(none) ses=3 comm="pool-tumblerd" exe="/usr/lib/x86_64-linux-gnu/tumbler-1/tumblerd" subj=unconfined
type=CWD msg=audit(1748731953.186:31664): cwd="/home/alice"
type=PATH msg=audit(1748731953.186:31664): item=0 name="/home/alice/.cache/thumbnails/large/a5a0af6fbbf6b06f5770cae8b9ede0c2.png" nametype=UNKNOWN cap_fp=0 cap_fi=0 cap_fe=0 cap_fver=0 cap_frootid=0
type=PROCTITLE msg=audit(1748731953.186:31664): proctitle="/usr/lib/x86_64-linux-gnu/tumbler-1/tumblerd"
type=SYSCALL msg=audit(1748731953.186:31665): arch=c000003e syscall=87 success=no exit=-2 a0=7fce88001430 a1=1 a2=0 a3=55823f761c98 items=1 ppid=1444 pid=14269 auid=1003 uid=1003 gid=1004 euid=1003 suid=1003 fsuid=1003 egid=1004 sgid=1004 fsgid=1004 tty=(none) ses=3 comm="pool-tumblerd" exe="/usr/lib/x86_64-linux-gnu/tumbler-1/tumblerd" subj=unconfined
type=CWD msg=audit(1748731953.186:31665): cwd="/home/alice"
type=PATH msg=audit(1748731953.186:31665): item=0 name="/home/alice/.cache/thumbnails/large/17c9d39d46aae6ea1cce4a40f68ccf6b.png" nametype=UNKNOWN cap_fp=0 cap_fi=0 cap_fe=0 cap_fver=0 cap_frootid=0
type=PROCTITLE msg=audit(1748731953.186:31665): proctitle="/usr/lib/x86_64-linux-gnu/tumbler-1/tumblerd"
type=SYSCALL msg=audit(1748731953.186:31666): arch=c000003e syscall=87 success=no exit=-2 a0=7fce88001430 a1=1 a2=0 a3=55823f761c98 items=1 ppid=1444 pid=14269 auid=1003 uid=1003 gid=1004 euid=1003 suid=1003 fsuid=1003 egid=1004 sgid=1004 fsgid=1004 tty=(none) ses=3 comm="pool-tumblerd" exe="/usr/lib/x86_64-linux-gnu/tumbler-1/tumblerd" subj=unconfined
type=CWD msg=audit(1748731953.186:31666): cwd="/home/alice"
type=PATH msg=audit(1748731953.186:31666): item=0 name="/home/alice/.cache/thumbnails/normal/" inode=3115766 dev=08:01 mode=040700 ouid=1003 ogid=1004 rdev=00:00 nametype=PARENT cap_fp=0 cap_fi=0 cap_fe=0 cap_fver=0 cap_frootid=0
type=PROCTITLE msg=audit(1748731953.186:31666): proctitle="/usr/lib/x86_64-linux-gnu/tumbler-1/tumblerd"
type=SYSCALL msg=audit(1748731953.186:31667): arch=c000003e syscall=87 success=no exit=-2 a0=7fce88001430 a1=1 a2=0 a3=55823f761c98 items=1 ppid=1444 pid=14269 auid=1003 uid=1003 gid=1004 euid=1003 suid=1003 fsuid=1003 egid=1004 sgid=1004 fsgid=1004 tty=(none) ses=3 comm="pool-tumblerd" exe="/usr/lib/x86_64-linux-gnu/tumbler-1/tumblerd" subj=unconfined
type=CWD msg=audit(1748731953.186:31667): cwd="/home/alice"
type=PATH msg=audit(1748731953.186:31667): item=0 name="/home/alice/.cache/thumbnails/normal/" inode=3115766 dev=08:01 mode=040700 ouid=1003 ogid=1004 rdev=00:00 nametype=PARENT cap_fp=0 cap_fi=0 cap_fe=0 cap_fver=0 cap_frootid=0
type=PROCTITLE msg=audit(1748731953.186:31667): proctitle="/usr/lib/x86_64-linux-gnu/tumbler-1/tumblerd"
type=SYSCALL msg=audit(1748731953.190:31668): arch=c000003e syscall=87 success=no exit=-2 a0=7fcea400a400 a1=1 a2=0 a3=55823f761c98 items=1 ppid=1444 pid=14269 auid=1003 uid=1003 gid=1004 euid=1003 suid=1003 fsuid=1003 egid=1004 sgid=1004 fsgid=1004 tty=(none) ses=3 comm="pool-tumblerd" exe="/usr/lib/x86_64-linux-gnu/tumbler-1/tumblerd" subj=unconfined
type=CWD msg=audit(1748731953.190:31668): cwd="/home/alice"
type=PATH msg=audit(1748731953.190:31668): item=0 name="/home/alice/.cache/thumbnails/large/8ab3d95aa5595824f590db33bb6449cd.png" nametype=UNKNOWN cap_fp=0 cap_fi=0 cap_fe=0 cap_fver=0 cap_frootid=0
type=PROCTITLE msg=audit(1748731953.190:31668): proctitle="/usr/lib/x86_64-linux-gnu/tumbler-1/tumblerd"
type=SYSCALL msg=audit(1748731953.190:31669): arch=c000003e syscall=87 success=no exit=-2 a0=7fcea401adb0 a1=1 a2=0 a3=55823f761c98 items=1 ppid=1444 pid=14269 auid=1003 uid=1003 gid=1004 euid=1003 suid=1003 fsuid=1003 egid=1004 sgid=1004 fsgid=1004 tty=(none) ses=3 comm="pool-tumblerd" exe="/usr/lib/x86_64-linux-gnu/tumbler-1/tumblerd" subj=unconfined
type=CWD msg=audit(1748731953.190:31669): cwd="/home/alice"
type=PATH msg=audit(1748731953.190:31669): item=0 name="/home/alice/.cache/thumbnails/normal/" inode=3115766 dev=08:01 mode=040700 ouid=1003 ogid=1004 rdev=00:00 nametype=PARENT cap_fp=0 cap_fi=0 cap_fe=0 cap_fver=0 cap_frootid=0
type=PROCTITLE msg=audit(1748731953.190:31669): proctitle="/usr/lib/x86_64-linux-gnu/tumbler-1/tumblerd"
type=SYSCALL msg=audit(1748731953.206:31670): arch=c000003e syscall=82 success=yes exit=0 a0=55a0a9406d90 a1=55a0a9459360 a2=55a0a9406de1 a3=7fbe5a070900 items=4 ppid=1 pid=1444 auid=1003 uid=1003 gid=1004 euid=1003 suid=1003 fsuid=1003 egid=1004 sgid=1004 fsgid=1004 tty=(none) ses=3 comm="systemd" exe="/usr/lib/systemd/systemd" subj=unconfined
type=CWD msg=audit(1748731953.206:31670): cwd="/"
type=PATH msg=audit(1748731953.206:31670): item=0 name="/run/user/1003/systemd/units/" inode=10 dev=00:33 mode=040755 ouid=1003 ogid=1004 rdev=00:00 nametype=PARENT cap_fp=0 cap_fi=0 cap_fe=0 cap_fver=0 cap_frootid=0
type=PATH msg=audit(1748731953.206:31670): item=1 name="/run/user/1003/systemd/units/" inode=10 dev=00:33 mode=040755 ouid=1003 ogid=1004 rdev=00:00 nametype=PARENT cap_fp=0 cap_fi=0 cap_fe=0 cap_fver=0 cap_frootid=0
type=PATH msg=audit(1748731953.206:31670): item=2 name="/run/user/1003/systemd/units/.#invocation:tracker-extract.service7886d63cd975e83e" inode=85 dev=00:33 mode=0120777 ouid=1003 ogid=1004 rdev=00:00 nametype=DELETE cap_fp=0 cap_fi=0 cap_fe=0 cap_fver=0 cap_frootid=0
type=PATH msg=audit(1748731953.206:31670): item=3 name="/run/user/1003/systemd/units/invocation:tracker-extract.service" inode=85 dev=00:33 mode=0120777 ouid=1003 ogid=1004 rdev=00:00 nametype=CREATE cap_fp=0 cap_fi=0 cap_fe=0 cap_fver=0 cap_frootid=0
type=PROCTITLE msg=audit(1748731953.206:31670): proctitle="(systemd)"
type=SYSCALL msg=audit(1748731953.206:31671): arch=c000003e syscall=257 success=no exit=-13 a0=ffffff9c a1=55a0a945a8b0 a2=80101 a3=0 items=1 ppid=1444 pid=14280 auid=1003 uid=1003 gid=1004 euid=1003 suid=1003 fsuid=1003 egid=1004 sgid=1004 fsgid=1004 tty=(none) ses=3 comm="(-extract)" exe="/usr/lib/systemd/systemd" subj=unconfined
type=CWD msg=audit(1748731953.206:31671): cwd="/"
type=PATH msg=audit(1748731953.206:31671): item=0 name="/sys/fs/cgroup/cpu/user.slice/cgroup.procs" inode=128 dev=00:25 mode=0100644 ouid=0 ogid=0 rdev=00:00 nametype=NORMAL cap_fp=0 cap_fi=0 cap_fe=0 cap_fver=0 cap_frootid=0
type=PROCTITLE msg=audit(1748731953.206:31671): proctitle="(-extract)"
type=SYSCALL msg=audit(1748731953.206:31672): arch=c000003e syscall=257 success=no exit=-13 a0=ffffff9c a1=55a0a9459e50 a2=80101 a3=0 items=1 ppid=1444 pid=14280 auid=1003 uid=1003 gid=1004 euid=1003 suid=1003 fsuid=1003 egid=1004 sgid=1004 fsgid=1004 tty=(none) ses=3 comm="(-extract)" exe="/usr/lib/systemd/systemd" subj=unconfined
type=CWD msg=audit(1748731953.206:31672): cwd="/"
type=PATH msg=audit(1748731953.206:31672): item=0 name="/sys/fs/cgroup/cpu/cgroup.procs" inode=2 dev=00:25 mode=0100644 ouid=0 ogid=0 rdev=00:00 nametype=NORMAL cap_fp=0 cap_fi=0 cap_fe=0 cap_fver=0 cap_frootid=0
type=PROCTITLE msg=audit(1748731953.206:31672): proctitle="(-extract)"
type=SYSCALL msg=audit(1748731953.206:31673): arch=c000003e syscall=257 success=no exit=-13 a0=ffffff9c a1=55a0a945a8b0 a2=80101 a3=0 items=1 ppid=1444 pid=14280 auid=1003 uid=1003 gid=1004 euid=1003 suid=1003 fsuid=1003 egid=1004 sgid=1004 fsgid=1004 tty=(none) ses=3 comm="(-extract)" exe="/usr/lib/systemd/systemd" subj=unconfined
type=CWD msg=audit(1748731953.206:31673): cwd="/"
type=PATH msg=audit(1748731953.206:31673): item=0 name="/sys/fs/cgroup/blkio/user.slice/cgroup.procs" inode=94 dev=00:27 mode=0100644 ouid=0 ogid=0 rdev=00:00 nametype=NORMAL cap_fp=0 cap_fi=0 cap_fe=0 cap_fver=0 cap_frootid=0
type=PROCTITLE msg=audit(1748731953.206:31673): proctitle="(-extract)"
type=SYSCALL msg=audit(1748731953.206:31674): arch=c000003e syscall=257 success=no exit=-13 a0=ffffff9c a1=55a0a9459e50 a2=80101 a3=0 items=1 ppid=1444 pid=14280 auid=1003 uid=1003 gid=1004 euid=1003 suid=1003 fsuid=1003 egid=1004 sgid=1004 fsgid=1004 tty=(none) ses=3 comm="(-extract)" exe="/usr/lib/systemd/systemd" subj=unconfined
type=CWD msg=audit(1748731953.206:31674): cwd="/"
type=PATH msg=audit(1748731953.206:31674): item=0 name="/sys/fs/cgroup/blkio/cgroup.procs" inode=2 dev=00:27 mode=0100644 ouid=0 ogid=0 rdev=00:00 nametype=NORMAL cap_fp=0 cap_fi=0 cap_fe=0 cap_fver=0 cap_frootid=0
type=PROCTITLE msg=audit(1748731953.206:31674): proctitle="(-extract)"
type=SYSCALL msg=audit(1748731953.206:31675): arch=c000003e syscall=257 success=no exit=-13 a0=ffffff9c a1=55a0a9406d90 a2=80101 a3=0 items=1 ppid=1444 pid=14280 auid=1003 uid=1003 gid=1004 euid=1003 suid=1003 fsuid=1003 egid=1004 sgid=1004 fsgid=1004 tty=(none) ses=3 comm="(-extract)" exe="/usr/lib/systemd/systemd" subj=unconfined
type=CWD msg=audit(1748731953.206:31675): cwd="/"
type=PATH msg=audit(1748731953.206:31675): item=0 name="/sys/fs/cgroup/memory/user.slice/user-1003.slice/user@1003.service/cgroup.procs" inode=4708 dev=00:26 mode=0100644 ouid=0 ogid=0 rdev=00:00 nametype=NORMAL cap_fp=0 cap_fi=0 cap_fe=0 cap_fver=0 cap_frootid=0
type=PROCTITLE msg=audit(1748731953.206:31675): proctitle="(-extract)"
type=SYSCALL msg=audit(1748731953.206:31676): arch=c000003e syscall=257 success=no exit=-13 a0=ffffff9c a1=55a0a945a0f0 a2=80101 a3=0 items=1 ppid=1444 pid=14280 auid=1003 uid=1003 gid=1004 euid=1003 suid=1003 fsuid=1003 egid=1004 sgid=1004 fsgid=1004 tty=(none) ses=3 comm="(-extract)" exe="/usr/lib/systemd/systemd" subj=unconfined
type=CWD msg=audit(1748731953.206:31676): cwd="/"
type=PATH msg=audit(1748731953.206:31676): item=0 name="/sys/fs/cgroup/memory/user.slice/user-1003.slice/cgroup.procs" inode=4644 dev=00:26 mode=0100644 ouid=0 ogid=0 rdev=00:00 nametype=NORMAL cap_fp=0 cap_fi=0 cap_fe=0 cap_fver=0 cap_frootid=0
type=PROCTITLE msg=audit(1748731953.206:31676): proctitle="(-extract)"
type=SYSCALL msg=audit(1748731953.206:31677): arch=c000003e syscall=257 success=no exit=-13 a0=ffffff9c a1=55a0a945a8b0 a2=80101 a3=0 items=1 ppid=1444 pid=14280 auid=1003 uid=1003 gid=1004 euid=1003 suid=1003 fsuid=1003 egid=1004 sgid=1004 fsgid=1004 tty=(none) ses=3 comm="(-extract)" exe="/usr/lib/systemd/systemd" subj=unconfined
type=CWD msg=audit(1748731953.206:31677): cwd="/"
type=PATH msg=audit(1748731953.206:31677): item=0 name="/sys/fs/cgroup/memory/user.slice/cgroup.procs" inode=196 dev=00:26 mode=0100644 ouid=0 ogid=0 rdev=00:00 nametype=NORMAL cap_fp=0 cap_fi=0 cap_fe=0 cap_fver=0 cap_frootid=0
type=PROCTITLE msg=audit(1748731953.206:31677): proctitle="(-extract)"
type=SYSCALL msg=audit(1748731953.206:31678): arch=c000003e syscall=257 success=no exit=-13 a0=ffffff9c a1=55a0a9459e50 a2=80101 a3=0 items=1 ppid=1444 pid=14280 auid=1003 uid=1003 gid=1004 euid=1003 suid=1003 fsuid=1003 egid=1004 sgid=1004 fsgid=1004 tty=(none) ses=3 comm="(-extract)" exe="/usr/lib/systemd/systemd" subj=unconfined
type=CWD msg=audit(1748731953.206:31678): cwd="/"
type=PATH msg=audit(1748731953.206:31678): item=0 name="/sys/fs/cgroup/memory/cgroup.procs" inode=2 dev=00:26 mode=0100644 ouid=0 ogid=0 rdev=00:00 nametype=NORMAL cap_fp=0 cap_fi=0 cap_fe=0 cap_fver=0 cap_frootid=0
type=PROCTITLE msg=audit(1748731953.206:31678): proctitle="(-extract)"
type=SYSCALL msg=audit(1748731953.206:31679): arch=c000003e syscall=257 success=no exit=-13 a0=ffffff9c a1=55a0a945a8b0 a2=80101 a3=0 items=1 ppid=1444 pid=14280 auid=1003 uid=1003 gid=1004 euid=1003 suid=1003 fsuid=1003 egid=1004 sgid=1004 fsgid=1004 tty=(none) ses=3 comm="(-extract)" exe="/usr/lib/systemd/systemd" subj=unconfined
type=CWD msg=audit(1748731953.206:31679): cwd="/"
type=PATH msg=audit(1748731953.206:31679): item=0 name="/sys/fs/cgroup/devices/user.slice/cgroup.procs" inode=52 dev=00:22 mode=0100644 ouid=0 ogid=0 rdev=00:00 nametype=NORMAL cap_fp=0 cap_fi=0 cap_fe=0 cap_fver=0 cap_frootid=0
type=PROCTITLE msg=audit(1748731953.206:31679): proctitle="(-extract)"
type=SYSCALL msg=audit(1748731953.206:31680): arch=c000003e syscall=257 success=no exit=-13 a0=ffffff9c a1=55a0a9459e50 a2=80101 a3=0 items=1 ppid=1444 pid=14280 auid=1003 uid=1003 gid=1004 euid=1003 suid=1003 fsuid=1003 egid=1004 sgid=1004 fsgid=1004 tty=(none) ses=3 comm="(-extract)" exe="/usr/lib/systemd/systemd" subj=unconfined
type=CWD msg=audit(1748731953.206:31680): cwd="/"
type=PATH msg=audit(1748731953.206:31680): item=0 name="/sys/fs/cgroup/devices/cgroup.procs" inode=2 dev=00:22 mode=0100644 ouid=0 ogid=0 rdev=00:00 nametype=NORMAL cap_fp=0 cap_fi=0 cap_fe=0 cap_fver=0 cap_frootid=0
type=PROCTITLE msg=audit(1748731953.206:31680): proctitle="(-extract)"
type=SYSCALL msg=audit(1748731953.206:31681): arch=c000003e syscall=257 success=no exit=-13 a0=ffffff9c a1=55a0a9406d90 a2=80101 a3=0 items=1 ppid=1444 pid=14280 auid=1003 uid=1003 gid=1004 euid=1003 suid=1003 fsuid=1003 egid=1004 sgid=1004 fsgid=1004 tty=(none) ses=3 comm="(-extract)" exe="/usr/lib/systemd/systemd" subj=unconfined
type=CWD msg=audit(1748731953.206:31681): cwd="/"
type=PATH msg=audit(1748731953.206:31681): item=0 name="/sys/fs/cgroup/pids/user.slice/user-1003.slice/user@1003.service/cgroup.procs" inode=1177 dev=00:29 mode=0100644 ouid=0 ogid=0 rdev=00:00 nametype=NORMAL cap_fp=0 cap_fi=0 cap_fe=0 cap_fver=0 cap_frootid=0
type=PROCTITLE msg=audit(1748731953.206:31681): proctitle="(-extract)"
type=SYSCALL msg=audit(1748731953.206:31682): arch=c000003e syscall=257 success=no exit=-13 a0=ffffff9c a1=55a0a945a0f0 a2=80101 a3=0 items=1 ppid=1444 pid=14280 auid=1003 uid=1003 gid=1004 euid=1003 suid=1003 fsuid=1003 egid=1004 sgid=1004 fsgid=1004 tty=(none) ses=3 comm="(-extract)" exe="/usr/lib/systemd/systemd" subj=unconfined
type=CWD msg=audit(1748731953.206:31682): cwd="/"
type=PATH msg=audit(1748731953.206:31682): item=0 name="/sys/fs/cgroup/pids/user.slice/user-1003.slice/cgroup.procs" inode=1161 dev=00:29 mode=0100644 ouid=0 ogid=0 rdev=00:00 nametype=NORMAL cap_fp=0 cap_fi=0 cap_fe=0 cap_fver=0 cap_frootid=0
type=PROCTITLE msg=audit(1748731953.206:31682): proctitle="(-extract)"
type=SYSCALL msg=audit(1748731953.206:31683): arch=c000003e syscall=257 success=no exit=-13 a0=ffffff9c a1=55a0a945a8b0 a2=80101 a3=0 items=1 ppid=1444 pid=14280 auid=1003 uid=1003 gid=1004 euid=1003 suid=1003 fsuid=1003 egid=1004 sgid=1004 fsgid=1004 tty=(none) ses=3 comm="(-extract)" exe="/usr/lib/systemd/systemd" subj=unconfined
type=CWD msg=audit(1748731953.206:31683): cwd="/"
type=PATH msg=audit(1748731953.206:31683): item=0 name="/sys/fs/cgroup/pids/user.slice/cgroup.procs" inode=49 dev=00:29 mode=0100644 ouid=0 ogid=0 rdev=00:00 nametype=NORMAL cap_fp=0 cap_fi=0 cap_fe=0 cap_fver=0 cap_frootid=0
type=PROCTITLE msg=audit(1748731953.206:31683): proctitle="(-extract)"
type=SYSCALL msg=audit(1748731953.206:31684): arch=c000003e syscall=257 success=no exit=-13 a0=ffffff9c a1=55a0a9459e50 a2=80101 a3=0 items=1 ppid=1444 pid=14280 auid=1003 uid=1003 gid=1004 euid=1003 suid=1003 fsuid=1003 egid=1004 sgid=1004 fsgid=1004 tty=(none) ses=3 comm="(-extract)" exe="/usr/lib/systemd/systemd" subj=unconfined
type=CWD msg=audit(1748731953.206:31684): cwd="/"
type=PATH msg=audit(1748731953.206:31684): item=0 name="/sys/fs/cgroup/pids/cgroup.procs" inode=2 dev=00:29 mode=0100644 ouid=0 ogid=0 rdev=00:00 nametype=NORMAL cap_fp=0 cap_fi=0 cap_fe=0 cap_fver=0 cap_frootid=0
type=PROCTITLE msg=audit(1748731953.206:31684): proctitle="(-extract)"
type=SYSCALL msg=audit(1748731953.206:31685): arch=c000003e syscall=59 success=yes exit=0 a0=55a0a935f1b0 a1=55a0a9443590 a2=55a0a941a240 a3=55a0a9442fd0 items=2 ppid=1444 pid=14280 auid=1003 uid=1003 gid=1004 euid=1003 suid=1003 fsuid=1003 egid=1004 sgid=1004 fsgid=1004 tty=(none) ses=3 comm="tracker-extract" exe="/usr/libexec/tracker-extract" subj=unconfined
type=EXECVE msg=audit(1748731953.206:31685): argc=1 a0="/usr/libexec/tracker-extract"
type=CWD msg=audit(1748731953.206:31685): cwd="/home/alice"
type=PATH msg=audit(1748731953.206:31685): item=0 name="/usr/libexec/tracker-extract" inode=79028 dev=08:01 mode=0100755 ouid=0 ogid=0 rdev=00:00 nametype=NORMAL cap_fp=0 cap_fi=0 cap_fe=0 cap_fver=0 cap_frootid=0
type=PATH msg=audit(1748731953.206:31685): item=1 name="/lib64/ld-linux-x86-64.so.2" inode=4742 dev=08:01 mode=0100755 ouid=0 ogid=0 rdev=00:00 nametype=NORMAL cap_fp=0 cap_fi=0 cap_fe=0 cap_fver=0 cap_frootid=0
type=PROCTITLE msg=audit(1748731953.206:31685): proctitle="(-extract)"
type=SYSCALL msg=audit(1748731953.282:31686): arch=c000003e syscall=87 success=yes exit=0 a0=7f8f8c0165a0 a1=1 a2=0 a3=55e7dfbbd2c8 items=2 ppid=1444 pid=14280 auid=1003 uid=1003 gid=1004 euid=1003 suid=1003 fsuid=1003 egid=1004 sgid=1004 fsgid=1004 tty=(none) ses=3 comm="tracker-extract" exe="/usr/libexec/tracker-extract" subj=unconfined
type=CWD msg=audit(1748731953.282:31686): cwd="/home/alice"
type=PATH msg=audit(1748731953.282:31686): item=0 name="/tmp/tracker-extract-files.1003/" inode=2584714 dev=08:01 mode=040700 ouid=1003 ogid=1004 rdev=00:00 nametype=PARENT cap_fp=0 cap_fi=0 cap_fe=0 cap_fver=0 cap_frootid=0
type=PATH msg=audit(1748731953.282:31686): item=1 name="/tmp/tracker-extract-files.1003/1-32230b0592f81ccb26b56d44d74b2240" inode=2580508 dev=08:01 mode=0120777 ouid=1003 ogid=1004 rdev=00:00 nametype=DELETE cap_fp=0 cap_fi=0 cap_fe=0 cap_fver=0 cap_frootid=0
type=PROCTITLE msg=audit(1748731953.282:31686): proctitle="(-extract)"
type=SYSCALL msg=audit(1748731956.482:31687): arch=c000003e syscall=42 success=yes exit=0 a0=30 a1=7f13b8ab3dcc a2=10 a3=7f13b8ab03c4 items=0 ppid=1 pid=3154 auid=1003 uid=1003 gid=1004 euid=1003 suid=1003 fsuid=1003 egid=1004 sgid=1004 fsgid=1004 tty=(none) ses=2 comm="connector-threa" exe="/home/alice/.dropbox-dist/dropbox-lnx.x86_64-225.4.4896/dropbox" subj=unconfined
type=SOCKADDR msg=audit(1748731956.482:31687): saddr=020000357F0000350000000000000000
type=PROCTITLE msg=audit(1748731956.482:31687): proctitle="/home/alice/.dropbox-dist/dropbox-lnx.x86_64-225.4.4896/dropbox"
type=SYSCALL msg=audit(1748731956.482:31688): arch=c000003e syscall=42 success=yes exit=0 a0=f a1=7ffed01ae050 a2=10 a3=7ffed01ae04c items=0 ppid=1 pid=530 auid=4294967295 uid=101 gid=103 euid=101 suid=101 fsuid=101 egid=103 sgid=103 fsgid=103 tty=(none) ses=4294967295 comm="systemd-resolve" exe="/usr/lib/systemd/systemd-resolved" subj=unconfined
type=SOCKADDR msg=audit(1748731956.482:31688): saddr=02000035A9FEA9FE0000000000000000
type=PROCTITLE msg=audit(1748731956.482:31688): proctitle="/lib/systemd/systemd-resolved"
type=SYSCALL msg=audit(1748731956.482:31689): arch=c000003e syscall=42 success=yes exit=0 a0=10 a1=7ffed01ae050 a2=10 a3=7ffed01ae04c items=0 ppid=1 pid=530 auid=4294967295 uid=101 gid=103 euid=101 suid=101 fsuid=101 egid=103 sgid=103 fsgid=103 tty=(none) ses=4294967295 comm="systemd-resolve" exe="/usr/lib/systemd/systemd-resolved" subj=unconfined
type=SOCKADDR msg=audit(1748731956.482:31689): saddr=02000035A9FEA9FE0000000000000000
type=PROCTITLE msg=audit(1748731956.482:31689): proctitle="/lib/systemd/systemd-resolved"
type=SYSCALL msg=audit(1748731956.510:31690): arch=c000003e syscall=42 success=yes exit=0 a0=30 a1=7f1360006d80 a2=10 a3=7f13b8ab1c30 items=0 ppid=1 pid=3154 auid=1003 uid=1003 gid=1004 euid=1003 suid=1003 fsuid=1003 egid=1004 sgid=1004 fsgid=1004 tty=(none) ses=2 comm="connector-threa" exe="/home/alice/.dropbox-dist/dropbox-lnx.x86_64-225.4.4896/dropbox" subj=unconfined
type=SOCKADDR msg=audit(1748731956.510:31690): saddr=02000000A27D030D0000000000000000
type=PROCTITLE msg=audit(1748731956.510:31690): proctitle="/home/alice/.dropbox-dist/dropbox-lnx.x86_64-225.4.4896/dropbox"
type=SYSCALL msg=audit(1748731956.714:31691): arch=c000003e syscall=87 success=yes exit=0 a0=7f136405b07f a1=7f136405b07f a2=0 a3=64080b01 items=2 ppid=1 pid=3154 auid=1003 uid=1003 gid=1004 euid=1003 suid=1003 fsuid=1003 egid=1004 sgid=1004 fsgid=1004 tty=(none) ses=2 comm="HOURLY_REFRESH" exe="/home/alice/.dropbox-dist/dropbox-lnx.x86_64-225.4.4896/dropbox" subj=unconfined
type=CWD msg=audit(1748731956.714:31691): cwd="/home/alice"
type=PATH msg=audit(1748731956.714:31691): item=0 name="/home/alice/.dropbox/instance1/" inode=3099360 dev=08:01 mode=040700 ouid=1003 ogid=1004 rdev=00:00 nametype=PARENT cap_fp=0 cap_fi=0 cap_fe=0 cap_fver=0 cap_frootid=0
type=PATH msg=audit(1748731956.714:31691): item=1 name="/home/alice/.dropbox/instance1/config.dbx-journal" inode=3122200 dev=08:01 mode=0100600 ouid=1003 ogid=1004 rdev=00:00 nametype=DELETE cap_fp=0 cap_fi=0 cap_fe=0 cap_fver=0 cap_frootid=0
type=PROCTITLE msg=audit(1748731956.714:31691): proctitle="/home/alice/.dropbox-dist/dropbox-lnx.x86_64-225.4.4896/dropbox"
type=SYSCALL msg=audit(1748731956.718:31692): arch=c000003e syscall=82 success=yes exit=0 a0=7f13787f29c0 a1=7f13787f2840 a2=2b a3=8080808080808080 items=4 ppid=1 pid=3154 auid=1003 uid=1003 gid=1004 euid=1003 suid=1003 fsuid=1003 egid=1004 sgid=1004 fsgid=1004 tty=(none) ses=2 comm="DBXLOG_WORKER" exe="/home/alice/.dropbox-dist/dropbox-lnx.x86_64-225.4.4896/dropbox" subj=unconfined
type=CWD msg=audit(1748731956.718:31692): cwd="/home/alice"
type=PATH msg=audit(1748731956.718:31692): item=0 name="/home/alice/.dropbox/logs/1/" inode=3099364 dev=08:01 mode=040700 ouid=1003 ogid=1004 rdev=00:00 nametype=PARENT cap_fp=0 cap_fi=0 cap_fe=0 cap_fver=0 cap_frootid=0
type=PATH msg=audit(1748731956.718:31692): item=1 name="/home/alice/.dropbox/logs/1/" inode=3099364 dev=08:01 mode=040700 ouid=1003 ogid=1004 rdev=00:00 nametype=PARENT cap_fp=0 cap_fi=0 cap_fe=0 cap_fver=0 cap_frootid=0
type=PATH msg=audit(1748731956.718:31692): item=2 name="/home/alice/.dropbox/logs/1/~1-41d7-683b7e15" inode=3122200 dev=08:01 mode=0100664 ouid=1003 ogid=1004 rdev=00:00 nametype=DELETE cap_fp=0 cap_fi=0 cap_fe=0 cap_fver=0 cap_frootid=0
type=PATH msg=audit(1748731956.718:31692): item=3 name="/home/alice/.dropbox/logs/1/1-41d7-683b7e15" inode=3122200 dev=08:01 mode=0100664 ouid=1003 ogid=1004 rdev=00:00 nametype=CREATE cap_fp=0 cap_fi=0 cap_fe=0 cap_fver=0 cap_frootid=0
type=PROCTITLE msg=audit(1748731956.718:31692): proctitle="/home/alice/.dropbox-dist/dropbox-lnx.x86_64-225.4.4896/dropbox"
type=SYSCALL msg=audit(1748731956.722:31693): arch=c000003e syscall=90 success=yes exit=0 a0=7f1305f62790 a1=1c0 a2=0 a3=0 items=1 ppid=1 pid=3154 auid=1003 uid=1003 gid=1004 euid=1003 suid=1003 fsuid=1003 egid=1004 sgid=1004 fsgid=1004 tty=(none) ses=2 comm="RTRACE" exe="/home/alice/.dropbox-dist/dropbox-lnx.x86_64-225.4.4896/dropbox" subj=unconfined
type=CWD msg=audit(1748731956.722:31693): cwd="/home/alice"
type=PATH msg=audit(1748731956.722:31693): item=0 name="/home/alice/.dropbox/logs/0" inode=3099352 dev=08:01 mode=040700 ouid=1003 ogid=1004 rdev=00:00 nametype=NORMAL cap_fp=0 cap_fi=0 cap_fe=0 cap_fver=0 cap_frootid=0
type=PROCTITLE msg=audit(1748731956.722:31693): proctitle="/home/alice/.dropbox-dist/dropbox-lnx.x86_64-225.4.4896/dropbox"
type=SYSCALL msg=audit(1748731956.726:31694): arch=c000003e syscall=90 success=yes exit=0 a0=7f1307050050 a1=1c0 a2=0 a3=7f133a7f99d7 items=1 ppid=1 pid=3154 auid=1003 uid=1003 gid=1004 euid=1003 suid=1003 fsuid=1003 egid=1004 sgid=1004 fsgid=1004 tty=(none) ses=2 comm="RTRACE" exe="/home/alice/.dropbox-dist/dropbox-lnx.x86_64-225.4.4896/dropbox" subj=unconfined
type=CWD msg=audit(1748731956.726:31694): cwd="/home/alice"
type=PATH msg=audit(1748731956.726:31694): item=0 name="/home/alice/.dropbox/logs/1" inode=3099364 dev=08:01 mode=040700 ouid=1003 ogid=1004 rdev=00:00 nametype=NORMAL cap_fp=0 cap_fi=0 cap_fe=0 cap_fver=0 cap_frootid=0
type=PROCTITLE msg=audit(1748731956.726:31694): proctitle="/home/alice/.dropbox-dist/dropbox-lnx.x86_64-225.4.4896/dropbox"
type=SYSCALL msg=audit(1748731956.726:31695): arch=c000003e syscall=42 success=yes exit=0 a0=60 a1=7f13b8cb4dcc a2=10 a3=7f13b8cb13c4 items=0 ppid=1 pid=3154 auid=1003 uid=1003 gid=1004 euid=1003 suid=1003 fsuid=1003 egid=1004 sgid=1004 fsgid=1004 tty=(none) ses=2 comm="connector-threa" exe="/home/alice/.dropbox-dist/dropbox-lnx.x86_64-225.4.4896/dropbox" subj=unconfined
type=SOCKADDR msg=audit(1748731956.726:31695): saddr=020000357F0000350000000000000000
type=PROCTITLE msg=audit(1748731956.726:31695): proctitle="/home/alice/.dropbox-dist/dropbox-lnx.x86_64-225.4.4896/dropbox"
type=SYSCALL msg=audit(1748731956.726:31696): arch=c000003e syscall=42 success=yes exit=0 a0=f a1=7ffed01ae050 a2=10 a3=7ffed01ae04c items=0 ppid=1 pid=530 auid=4294967295 uid=101 gid=103 euid=101 suid=101 fsuid=101 egid=103 sgid=103 fsgid=103 tty=(none) ses=4294967295 comm="systemd-resolve" exe="/usr/lib/systemd/systemd-resolved" subj=unconfined
type=SOCKADDR msg=audit(1748731956.726:31696): saddr=02000035A9FEA9FE0000000000000000
type=PROCTITLE msg=audit(1748731956.726:31696): proctitle="/lib/systemd/systemd-resolved"
type=SYSCALL msg=audit(1748731956.726:31697): arch=c000003e syscall=42 success=yes exit=0 a0=10 a1=7ffed01ae050 a2=10 a3=7ffed01ae04c items=0 ppid=1 pid=530 auid=4294967295 uid=101 gid=103 euid=101 suid=101 fsuid=101 egid=103 sgid=103 fsgid=103 tty=(none) ses=4294967295 comm="systemd-resolve" exe="/usr/lib/systemd/systemd-resolved" subj=unconfined
type=SOCKADDR msg=audit(1748731956.726:31697): saddr=02000035A9FEA9FE0000000000000000
type=PROCTITLE msg=audit(1748731956.726:31697): proctitle="/lib/systemd/systemd-resolved"
type=SYSCALL msg=audit(1748731956.750:31698): arch=c000003e syscall=42 success=yes exit=0 a0=60 a1=7f13b4168570 a2=10 a3=7f13b8cb2c30 items=0 ppid=1 pid=3154 auid=1003 uid=1003 gid=1004 euid=1003 suid=1003 fsuid=1003 egid=1004 sgid=1004 fsgid=1004 tty=(none) ses=2 comm="connector-threa" exe="/home/alice/.dropbox-dist/dropbox-lnx.x86_64-225.4.4896/dropbox" subj=unconfined
type=SOCKADDR msg=audit(1748731956.750:31698): saddr=02000000A27D03110000000000000000
type=PROCTITLE msg=audit(1748731956.750:31698): proctitle="/home/alice/.dropbox-dist/dropbox-lnx.x86_64-225.4.4896/dropbox"
type=SYSCALL msg=audit(1748731958.350:31699): arch=c000003e syscall=87 success=yes exit=0 a0=7f132402434f a1=7f132402434f a2=0 a3=24029701 items=2 ppid=1 pid=3154 auid=1003 uid=1003 gid=1004 euid=1003 suid=1003 fsuid=1003 egid=1004 sgid=1004 fsgid=1004 tty=(none) ses=2 comm="RTRACE" exe="/home/alice/.dropbox-dist/dropbox-lnx.x86_64-225.4.4896/dropbox" subj=unconfined
type=CWD msg=audit(1748731958.350:31699): cwd="/home/alice"
type=PATH msg=audit(1748731958.350:31699): item=0 name="/home/alice/.dropbox/instance1/" inode=3099360 dev=08:01 mode=040700 ouid=1003 ogid=1004 rdev=00:00 nametype=PARENT cap_fp=0 cap_fi=0 cap_fe=0 cap_fver=0 cap_frootid=0
type=PATH msg=audit(1748731958.350:31699): item=1 name="/home/alice/.dropbox/instance1/config.dbx-journal" inode=3122201 dev=08:01 mode=0100600 ouid=1003 ogid=1004 rdev=00:00 nametype=DELETE cap_fp=0 cap_fi=0 cap_fe=0 cap_fver=0 cap_frootid=0
type=PROCTITLE msg=audit(1748731958.350:31699): proctitle="/home/alice/.dropbox-dist/dropbox-lnx.x86_64-225.4.4896/dropbox"
type=SYSCALL msg=audit(1748731958.350:31700): arch=c000003e syscall=87 success=yes exit=0 a0=7f1306027be0 a1=0 a2=0 a3=7f133a7fa007 items=2 ppid=1 pid=3154 auid=1003 uid=1003 gid=1004 euid=1003 suid=1003 fsuid=1003 egid=1004 sgid=1004 fsgid=1004 tty=(none) ses=2 comm="RTRACE" exe="/home/alice/.dropbox-dist/dropbox-lnx.x86_64-225.4.4896/dropbox" subj=unconfined
type=CWD msg=audit(1748731958.350:31700): cwd="/home/alice"
type=PATH msg=audit(1748731958.350:31700): item=0 name="/home/alice/.dropbox/logs/1/" inode=3099364 dev=08:01 mode=040700 ouid=1003 ogid=1004 rdev=00:00 nametype=PARENT cap_fp=0 cap_fi=0 cap_fe=0 cap_fver=0 cap_frootid=0
type=PATH msg=audit(1748731958.350:31700): item=1 name="/home/alice/.dropbox/logs/1/1-41d7-683b7e15" inode=3122200 dev=08:01 mode=0100664 ouid=1003 ogid=1004 rdev=00:00 nametype=DELETE cap_fp=0 cap_fi=0 cap_fe=0 cap_fver=0 cap_frootid=0
type=PROCTITLE msg=audit(1748731958.350:31700): proctitle="/home/alice/.dropbox-dist/dropbox-lnx.x86_64-225.4.4896/dropbox"
type=SYSCALL msg=audit(1748731958.350:31701): arch=c000003e syscall=90 success=yes exit=0 a0=7f1305fc4a90 a1=1c0 a2=0 a3=7f133a7f9597 items=1 ppid=1 pid=3154 auid=1003 uid=1003 gid=1004 euid=1003 suid=1003 fsuid=1003 egid=1004 sgid=1004 fsgid=1004 tty=(none) ses=2 comm="RTRACE" exe="/home/alice/.dropbox-dist/dropbox-lnx.x86_64-225.4.4896/dropbox" subj=unconfined
type=CWD msg=audit(1748731958.350:31701): cwd="/home/alice"
type=PATH msg=audit(1748731958.350:31701): item=0 name="/home/alice/.dropbox/logs/0" inode=3099352 dev=08:01 mode=040700 ouid=1003 ogid=1004 rdev=00:00 nametype=NORMAL cap_fp=0 cap_fi=0 cap_fe=0 cap_fver=0 cap_frootid=0
type=PROCTITLE msg=audit(1748731958.350:31701): proctitle="/home/alice/.dropbox-dist/dropbox-lnx.x86_64-225.4.4896/dropbox"
type=SYSCALL msg=audit(1748731958.350:31702): arch=c000003e syscall=90 success=yes exit=0 a0=7f1305fc4a90 a1=1c0 a2=0 a3=7f133a7f9597 items=1 ppid=1 pid=3154 auid=1003 uid=1003 gid=1004 euid=1003 suid=1003 fsuid=1003 egid=1004 sgid=1004 fsgid=1004 tty=(none) ses=2 comm="RTRACE" exe="/home/alice/.dropbox-dist/dropbox-lnx.x86_64-225.4.4896/dropbox" subj=unconfined
type=CWD msg=audit(1748731958.350:31702): cwd="/home/alice"
type=PATH msg=audit(1748731958.350:31702): item=0 name="/home/alice/.dropbox/logs/1" inode=3099364 dev=08:01 mode=040700 ouid=1003 ogid=1004 rdev=00:00 nametype=NORMAL cap_fp=0 cap_fi=0 cap_fe=0 cap_fver=0 cap_frootid=0
type=PROCTITLE msg=audit(1748731958.350:31702): proctitle="/home/alice/.dropbox-dist/dropbox-lnx.x86_64-225.4.4896/dropbox"
type=SYSCALL msg=audit(1748731958.350:31703): arch=c000003e syscall=90 success=yes exit=0 a0=7f1305fc4110 a1=1c0 a2=0 a3=7f133a7f9787 items=1 ppid=1 pid=3154 auid=1003 uid=1003 gid=1004 euid=1003 suid=1003 fsuid=1003 egid=1004 sgid=1004 fsgid=1004 tty=(none) ses=2 comm="RTRACE" exe="/home/alice/.dropbox-dist/dropbox-lnx.x86_64-225.4.4896/dropbox" subj=unconfined
type=CWD msg=audit(1748731958.350:31703): cwd="/home/alice"
type=PATH msg=audit(1748731958.350:31703): item=0 name="/home/alice/.dropbox/logs/0" inode=3099352 dev=08:01 mode=040700 ouid=1003 ogid=1004 rdev=00:00 nametype=NORMAL cap_fp=0 cap_fi=0 cap_fe=0 cap_fver=0 cap_frootid=0
type=PROCTITLE msg=audit(1748731958.350:31703): proctitle="/home/alice/.dropbox-dist/dropbox-lnx.x86_64-225.4.4896/dropbox"
type=SYSCALL msg=audit(1748731958.350:31704): arch=c000003e syscall=90 success=yes exit=0 a0=7f1305fc4110 a1=1c0 a2=0 a3=7f133a7f9787 items=1 ppid=1 pid=3154 auid=1003 uid=1003 gid=1004 euid=1003 suid=1003 fsuid=1003 egid=1004 sgid=1004 fsgid=1004 tty=(none) ses=2 comm="RTRACE" exe="/home/alice/.dropbox-dist/dropbox-lnx.x86_64-225.4.4896/dropbox" subj=unconfined
type=CWD msg=audit(1748731958.350:31704): cwd="/home/alice"
type=PATH msg=audit(1748731958.350:31704): item=0 name="/home/alice/.dropbox/logs/1" inode=3099364 dev=08:01 mode=040700 ouid=1003 ogid=1004 rdev=00:00 nametype=NORMAL cap_fp=0 cap_fi=0 cap_fe=0 cap_fver=0 cap_frootid=0
type=PROCTITLE msg=audit(1748731958.350:31704): proctitle="/home/alice/.dropbox-dist/dropbox-lnx.x86_64-225.4.4896/dropbox"
type=SYSCALL msg=audit(1748731963.182:31705): arch=c000003e syscall=87 success=yes exit=0 a0=55a0a941bca0 a1=55a0a9459f00 a2=55a0a943a410 a3=4 items=2 ppid=1 pid=1444 auid=1003 uid=1003 gid=1004 euid=1003 suid=1003 fsuid=1003 egid=1004 sgid=1004 fsgid=1004 tty=(none) ses=3 comm="systemd" exe="/usr/lib/systemd/systemd" subj=unconfined
type=CWD msg=audit(1748731963.182:31705): cwd="/"
type=PATH msg=audit(1748731963.182:31705): item=0 name="/run/user/1003/systemd/units/" inode=10 dev=00:33 mode=040755 ouid=1003 ogid=1004 rdev=00:00 nametype=PARENT cap_fp=0 cap_fi=0 cap_fe=0 cap_fver=0 cap_frootid=0
type=PATH msg=audit(1748731963.182:31705): item=1 name="/run/user/1003/systemd/units/invocation:tracker-extract.service" inode=85 dev=00:33 mode=0120777 ouid=1003 ogid=1004 rdev=00:00 nametype=DELETE cap_fp=0 cap_fi=0 cap_fe=0 cap_fver=0 cap_frootid=0
type=PROCTITLE msg=audit(1748731963.182:31705): proctitle="(systemd)"
type=SYSCALL msg=audit(1748731963.210:31706): arch=c000003e syscall=59 success=yes exit=0 a0=55c3e9d57980 a1=55c3e9d7d5f0 a2=55c3e9d579c0 a3=55c3b92ce788 items=2 ppid=946 pid=14303 auid=4294967295 uid=0 gid=0 euid=0 suid=0 fsuid=0 egid=0 sgid=0 fsgid=0 tty=(none) ses=4294967295 comm="sshd" exe="/usr/sbin/sshd" subj=unconfined
type=EXECVE msg=audit(1748731963.210:31706): argc=3 a0="/usr/sbin/sshd" a1="-D" a2="-R"
type=CWD msg=audit(1748731963.210:31706): cwd="/"
type=PATH msg=audit(1748731963.210:31706): item=0 name="/usr/sbin/sshd" inode=2879 dev=08:01 mode=0100755 ouid=0 ogid=0 rdev=00:00 nametype=NORMAL cap_fp=0 cap_fi=0 cap_fe=0 cap_fver=0 cap_frootid=0
type=PATH msg=audit(1748731963.210:31706): item=1 name="/lib64/ld-linux-x86-64.so.2" inode=4742 dev=08:01 mode=0100755 ouid=0 ogid=0 rdev=00:00 nametype=NORMAL cap_fp=0 cap_fi=0 cap_fe=0 cap_fver=0 cap_frootid=0
type=PROCTITLE msg=audit(1748731963.210:31706): proctitle=2F7573722F7362696E2F73736864002D44002D52
type=SYSCALL msg=audit(1748731963.214:31707): arch=c000003e syscall=42 success=yes exit=0 a0=4 a1=559cbe0bd880 a2=1c a3=7ffdb36761b0 items=0 ppid=946 pid=14303 auid=4294967295 uid=0 gid=0 euid=0 suid=0 fsuid=0 egid=0 sgid=0 fsgid=0 tty=(none) ses=4294967295 comm="sshd" exe="/usr/sbin/sshd" subj=unconfined
type=SOCKADDR msg=audit(1748731963.214:31707): saddr=0A000016000000000000000000000000000000000000000000000000
type=PROCTITLE msg=audit(1748731963.214:31707): proctitle=2F7573722F7362696E2F73736864002D44002D52
type=SYSCALL msg=audit(1748731963.214:31708): arch=c000003e syscall=42 success=yes exit=0 a0=4 a1=7ffdb3676420 a2=10 a3=4 items=0 ppid=946 pid=14303 auid=4294967295 uid=0 gid=0 euid=0 suid=0 fsuid=0 egid=0 sgid=0 fsgid=0 tty=(none) ses=4294967295 comm="sshd" exe="/usr/sbin/sshd" subj=unconfined
type=SOCKADDR msg=audit(1748731963.214:31708): saddr=00000000000000000000000000000000
type=PROCTITLE msg=audit(1748731963.214:31708): proctitle=2F7573722F7362696E2F73736864002D44002D52
type=SYSCALL msg=audit(1748731963.214:31709): arch=c000003e syscall=42 success=yes exit=0 a0=4 a1=559cbe0be370 a2=10 a3=4 items=0 ppid=946 pid=14303 auid=4294967295 uid=0 gid=0 euid=0 suid=0 fsuid=0 egid=0 sgid=0 fsgid=0 tty=(none) ses=4294967295 comm="sshd" exe="/usr/sbin/sshd" subj=unconfined
type=SOCKADDR msg=audit(1748731963.214:31709): saddr=02000016000000000000000000000000
type=PROCTITLE msg=audit(1748731963.214:31709): proctitle=2F7573722F7362696E2F73736864002D44002D52
type=SYSCALL msg=audit(1748731973.882:31710): arch=c000003e syscall=59 success=yes exit=0 a0=562280482410 a1=5622804824e0 a2=5622804b7a00 a3=8 items=2 ppid=14067 pid=14306 auid=1003 uid=1003 gid=1004 euid=1003 suid=1003 fsuid=1003 egid=1004 sgid=1004 fsgid=1004 tty=pts0 ses=32 comm="tr" exe="/usr/bin/tr" subj=unconfined
type=EXECVE msg=audit(1748731973.882:31710): argc=3 a0="tr" a1="-d" a2="\n"
type=CWD msg=audit(1748731973.882:31710): cwd="/home/alice"
type=PATH msg=audit(1748731973.882:31710): item=0 name="/usr/bin/tr" inode=1859 dev=08:01 mode=0100755 ouid=0 ogid=0 rdev=00:00 nametype=NORMAL cap_fp=0 cap_fi=0 cap_fe=0 cap_fver=0 cap_frootid=0
type=PATH msg=audit(1748731973.882:31710): item=1 name="/lib64/ld-linux-x86-64.so.2" inode=4742 dev=08:01 mode=0100755 ouid=0 ogid=0 rdev=00:00 nametype=NORMAL cap_fp=0 cap_fi=0 cap_fe=0 cap_fver=0 cap_frootid=0
type=PROCTITLE msg=audit(1748731973.882:31710): proctitle=7472002D64005C6E
type=SYSCALL msg=audit(1748731973.882:31711): arch=c000003e syscall=59 success=yes exit=0 a0=562280482340 a1=562280482410 a2=5622804b7a00 a3=8 items=2 ppid=14067 pid=14307 auid=1003 uid=1003 gid=1004 euid=1003 suid=1003 fsuid=1003 egid=1004 sgid=1004 fsgid=1004 tty=pts0 ses=32 comm="fold" exe="/usr/bin/fold" subj=unconfined
type=EXECVE msg=audit(1748731973.882:31711): argc=2 a0="fold" a1="-w50"
type=CWD msg=audit(1748731973.882:31711): cwd="/home/alice"
type=PATH msg=audit(1748731973.882:31711): item=0 name="/usr/bin/fold" inode=1815 dev=08:01 mode=0100755 ouid=0 ogid=0 rdev=00:00 nametype=NORMAL cap_fp=0 cap_fi=0 cap_fe=0 cap_fver=0 cap_frootid=0
type=PATH msg=audit(1748731973.882:31711): item=1 name="/lib64/ld-linux-x86-64.so.2" inode=4742 dev=08:01 mode=0100755 ouid=0 ogid=0 rdev=00:00 nametype=NORMAL cap_fp=0 cap_fi=0 cap_fe=0 cap_fver=0 cap_frootid=0
type=PROCTITLE msg=audit(1748731973.882:31711): proctitle=666F6C64002D773530
type=SYSCALL msg=audit(1748731973.882:31712): arch=c000003e syscall=59 success=yes exit=0 a0=5622804822d0 a1=5622804823a0 a2=5622804b7a00 a3=8 items=2 ppid=14308 pid=14310 auid=1003 uid=1003 gid=1004 euid=1003 suid=1003 fsuid=1003 egid=1004 sgid=1004 fsgid=1004 tty=pts0 ses=32 comm="cat" exe="/usr/bin/cat" subj=unconfined
type=EXECVE msg=audit(1748731973.882:31712): argc=1 a0="cat"
type=CWD msg=audit(1748731973.882:31712): cwd="/home/alice"
type=PATH msg=audit(1748731973.882:31712): item=0 name="/usr/bin/cat" inode=1603 dev=08:01 mode=0100755 ouid=0 ogid=0 rdev=00:00 nametype=NORMAL cap_fp=0 cap_fi=0 cap_fe=0 cap_fver=0 cap_frootid=0
type=PATH msg=audit(1748731973.882:31712): item=1 name="/lib64/ld-linux-x86-64.so.2" inode=4742 dev=08:01 mode=0100755 ouid=0 ogid=0 rdev=00:00 nametype=NORMAL cap_fp=0 cap_fi=0 cap_fe=0 cap_fver=0 cap_frootid=0
type=PROCTITLE msg=audit(1748731973.882:31712): proctitle="cat"
type=SYSCALL msg=audit(1748731973.882:31713): arch=c000003e syscall=59 success=yes exit=0 a0=5622804b8b40 a1=5622804b8be0 a2=5622804b7a00 a3=8 items=2 ppid=14067 pid=14309 auid=1003 uid=1003 gid=1004 euid=1003 suid=1003 fsuid=1003 egid=1004 sgid=1004 fsgid=1004 tty=pts0 ses=32 comm="nl" exe="/usr/bin/nl" subj=unconfined
type=EXECVE msg=audit(1748731973.882:31713): argc=4 a0="nl" a1="-v0" a2="-nrz" a3="-s:"
type=CWD msg=audit(1748731973.882:31713): cwd="/home/alice"
type=PATH msg=audit(1748731973.882:31713): item=0 name="/usr/bin/nl" inode=1827 dev=08:01 mode=0100755 ouid=0 ogid=0 rdev=00:00 nametype=NORMAL cap_fp=0 cap_fi=0 cap_fe=0 cap_fver=0 cap_frootid=0
type=PATH msg=audit(1748731973.882:31713): item=1 name="/lib64/ld-linux-x86-64.so.2" inode=4742 dev=08:01 mode=0100755 ouid=0 ogid=0 rdev=00:00 nametype=NORMAL cap_fp=0 cap_fi=0 cap_fe=0 cap_fver=0 cap_frootid=0
type=PROCTITLE msg=audit(1748731973.882:31713): proctitle=6E6C002D7630002D6E727A002D733A
type=SYSCALL msg=audit(1748731973.882:31714): arch=c000003e syscall=59 success=yes exit=0 a0=562280482440 a1=562280482510 a2=5622804b7a00 a3=8 items=2 ppid=14067 pid=14305 auid=1003 uid=1003 gid=1004 euid=1003 suid=1003 fsuid=1003 egid=1004 sgid=1004 fsgid=1004 tty=pts0 ses=32 comm="xxd" exe="/usr/bin/xxd" subj=unconfined
type=EXECVE msg=audit(1748731973.882:31714): argc=3 a0="xxd" a1="-p" a2="Documents/notes.txt"
type=CWD msg=audit(1748731973.882:31714): cwd="/home/alice"
type=PATH msg=audit(1748731973.882:31714): item=0 name="/usr/bin/xxd" inode=4613 dev=08:01 mode=0100755 ouid=0 ogid=0 rdev=00:00 nametype=NORMAL cap_fp=0 cap_fi=0 cap_fe=0 cap_fver=0 cap_frootid=0
type=PATH msg=audit(1748731973.882:31714): item=1 name="/lib64/ld-linux-x86-64.so.2" inode=4742 dev=08:01 mode=0100755 ouid=0 ogid=0 rdev=00:00 nametype=NORMAL cap_fp=0 cap_fi=0 cap_fe=0 cap_fver=0 cap_frootid=0
type=PROCTITLE msg=audit(1748731973.882:31714): proctitle=787864002D7000446F63756D656E74732F6E6F7465732E747874
type=SYSCALL msg=audit(1748731973.882:31715): arch=c000003e syscall=59 success=yes exit=0 a0=5622804b8f80 a1=5622804b6b60 a2=5622804b7a00 a3=1b6 items=2 ppid=14311 pid=14312 auid=1003 uid=1003 gid=1004 euid=1003 suid=1003 fsuid=1003 egid=1004 sgid=1004 fsgid=1004 tty=pts0 ses=32 comm="dig" exe="/usr/bin/dig" subj=unconfined
type=EXECVE msg=audit(1748731973.882:31715): argc=9 a0="dig" a1="@10.142.0.2" a2="000000-1b5b39336d0a7c3d3d3d3d3d3d3d3d3d3d3d3d3d3d3d3d3d3d.x" a3="A" a4="+time=1" a5="+retry=0" a6="+bufsize=512" a7="+ignore" a8="+nocookie"
type=CWD msg=audit(1748731973.882:31715): cwd="/home/alice"
type=PATH msg=audit(1748731973.882:31715): item=0 name="/usr/bin/dig" inode=6373 dev=08:01 mode=0100755 ouid=0 ogid=0 rdev=00:00 nametype=NORMAL cap_fp=0 cap_fi=0 cap_fe=0 cap_fver=0 cap_frootid=0
type=PATH msg=audit(1748731973.882:31715): item=1 name="/lib64/ld-linux-x86-64.so.2" inode=4742 dev=08:01 mode=0100755 ouid=0 ogid=0 rdev=00:00 nametype=NORMAL cap_fp=0 cap_fi=0 cap_fe=0 cap_fver=0 cap_frootid=0
type=PROCTITLE msg=audit(1748731973.882:31715): proctitle=646967004031302E3134322E302E32003030303030302D31623562333933333664306137633364336433643364336433643364336433643364336433643364336433643364336433642E780041002B74696D653D31002B72657472793D30002B62756673697A653D353132002B69676E6F7265002B6E6F636F6F6B6965
type=SYSCALL msg=audit(1748731973.890:31716): arch=c000003e syscall=42 success=yes exit=0 a0=d a1=7fc150033808 a2=10 a3=7fc156f9c454 items=0 ppid=14311 pid=14312 auid=1003 uid=1003 gid=1004 euid=1003 suid=1003 fsuid=1003 egid=1004 sgid=1004 fsgid=1004 tty=pts0 ses=32 comm="isc-net-0000" exe="/usr/bin/dig" subj=unconfined
type=SOCKADDR msg=audit(1748731973.890:31716): saddr=020000350A8E00020000000000000000
type=PROCTITLE msg=audit(1748731973.890:31716): proctitle=646967004031302E3134322E302E32003030303030302D31623562333933333664306137633364336433643364336433643364336433643364336433643364336433643364336433642E780041002B74696D650031002B72657472790030002B62756673697A6500353132002B69676E6F7265002B6E6F636F6F6B6965
type=SYSCALL msg=audit(1748731973.938:31717): arch=c000003e syscall=59 success=yes exit=0 a0=5622804b7f90 a1=5622804b6b60 a2=5622804b7a00 a3=1b6 items=2 ppid=14311 pid=14315 auid=1003 uid=1003 gid=1004 euid=1003 suid=1003 fsuid=1003 egid=1004 sgid=1004 fsgid=1004 tty=pts0 ses=32 comm="dig" exe="/usr/bin/dig" subj=unconfined
type=EXECVE msg=audit(1748731973.938:31717): argc=9 a0="dig" a1="@10.142.0.2" a2="000001-3d3d3d3d3d3d3d3d3d3d3d3d3d3d3d3d3d3d3d3d3d3d3d3d3d.x" a3="A" a4="+time=1" a5="+retry=0" a6="+bufsize=512" a7="+ignore" a8="+nocookie"
type=CWD msg=audit(1748731973.938:31717): cwd="/home/alice"
type=PATH msg=audit(1748731973.938:31717): item=0 name="/usr/bin/dig" inode=6373 dev=08:01 mode=0100755 ouid=0 ogid=0 rdev=00:00 nametype=NORMAL cap_fp=0 cap_fi=0 cap_fe=0 cap_fver=0 cap_frootid=0
type=PATH msg=audit(1748731973.938:31717): item=1 name="/lib64/ld-linux-x86-64.so.2" inode=4742 dev=08:01 mode=0100755 ouid=0 ogid=0 rdev=00:00 nametype=NORMAL cap_fp=0 cap_fi=0 cap_fe=0 cap_fver=0 cap_frootid=0
type=PROCTITLE msg=audit(1748731973.938:31717): proctitle=646967004031302E3134322E302E32003030303030312D33643364336433643364336433643364336433643364336433643364336433643364336433643364336433643364336433642E780041002B74696D653D31002B72657472793D30002B62756673697A653D353132002B69676E6F7265002B6E6F636F6F6B6965
type=SYSCALL msg=audit(1748731973.946:31718): arch=c000003e syscall=42 success=yes exit=0 a0=d a1=7f0508033808 a2=10 a3=7f050d814454 items=0 ppid=14311 pid=14315 auid=1003 uid=1003 gid=1004 euid=1003 suid=1003 fsuid=1003 egid=1004 sgid=1004 fsgid=1004 tty=pts0 ses=32 comm="isc-net-0000" exe="/usr/bin/dig" subj=unconfined
type=SOCKADDR msg=audit(1748731973.946:31718): saddr=020000350A8E00020000000000000000
type=PROCTITLE msg=audit(1748731973.946:31718): proctitle=646967004031302E3134322E302E32003030303030312D33643364336433643364336433643364336433643364336433643364336433643364336433643364336433643364336433642E780041002B74696D650031002B72657472790030002B62756673697A6500353132002B69676E6F7265002B6E6F636F6F6B6965
type=SYSCALL msg=audit(1748731973.990:31719): arch=c000003e syscall=59 success=yes exit=0 a0=562280482610 a1=5622804b6b60 a2=5622804b7a00 a3=1b6 items=2 ppid=14311 pid=14318 auid=1003 uid=1003 gid=1004 euid=1003 suid=1003 fsuid=1003 egid=1004 sgid=1004 fsgid=1004 tty=pts0 ses=32 comm="dig" exe="/usr/bin/dig" subj=unconfined
type=EXECVE msg=audit(1748731973.990:31719): argc=9 a0="dig" a1="@10.142.0.2" a2="000002-3d3d3d3d3d3d3d3d3d3d3d3d3d3d3d3d3d3d3d3d3d3d3d3d3d.x" a3="A" a4="+time=1" a5="+retry=0" a6="+bufsize=512" a7="+ignore" a8="+nocookie"
type=CWD msg=audit(1748731973.990:31719): cwd="/home/alice"
type=PATH msg=audit(1748731973.990:31719): item=0 name="/usr/bin/dig" inode=6373 dev=08:01 mode=0100755 ouid=0 ogid=0 rdev=00:00 nametype=NORMAL cap_fp=0 cap_fi=0 cap_fe=0 cap_fver=0 cap_frootid=0
type=PATH msg=audit(1748731973.990:31719): item=1 name="/lib64/ld-linux-x86-64.so.2" inode=4742 dev=08:01 mode=0100755 ouid=0 ogid=0 rdev=00:00 nametype=NORMAL cap_fp=0 cap_fi=0 cap_fe=0 cap_fver=0 cap_frootid=0
type=PROCTITLE msg=audit(1748731973.990:31719): proctitle=646967004031302E3134322E302E32003030303030322D33643364336433643364336433643364336433643364336433643364336433643364336433643364336433643364336433642E780041002B74696D653D31002B72657472793D30002B62756673697A653D353132002B69676E6F7265002B6E6F636F6F6B6965
type=SYSCALL msg=audit(1748731973.998:31720): arch=c000003e syscall=42 success=yes exit=0 a0=d a1=7fb25c033808 a2=10 a3=7fb264249454 items=0 ppid=14311 pid=14318 auid=1003 uid=1003 gid=1004 euid=1003 suid=1003 fsuid=1003 egid=1004 sgid=1004 fsgid=1004 tty=pts0 ses=32 comm="isc-net-0000" exe="/usr/bin/dig" subj=unconfined
type=SOCKADDR msg=audit(1748731973.998:31720): saddr=020000350A8E00020000000000000000
type=PROCTITLE msg=audit(1748731973.998:31720): proctitle=646967004031302E3134322E302E32003030303030322D33643364336433643364336433643364336433643364336433643364336433643364336433643364336433643364336433642E780041002B74696D650031002B72657472790030002B62756673697A6500353132002B69676E6F7265002B6E6F636F6F6B6965
type=SYSCALL msg=audit(1748731974.046:31721): arch=c000003e syscall=59 success=yes exit=0 a0=5622804825f0 a1=5622804b6b60 a2=5622804b7a00 a3=1b6 items=2 ppid=14311 pid=14321 auid=1003 uid=1003 gid=1004 euid=1003 suid=1003 fsuid=1003 egid=1004 sgid=1004 fsgid=1004 tty=pts0 ses=32 comm="dig" exe="/usr/bin/dig" subj=unconfined
type=EXECVE msg=audit(1748731974.046:31721): argc=9 a0="dig" a1="@10.142.0.2" a2="000003-7c0a7c20202020202020202020202020202020202020202020.x" a3="A" a4="+time=1" a5="+retry=0" a6="+bufsize=512" a7="+ignore" a8="+nocookie"
type=CWD msg=audit(1748731974.046:31721): cwd="/home/alice"
type=PATH msg=audit(1748731974.046:31721): item=0 name="/usr/bin/dig" inode=6373 dev=08:01 mode=0100755 ouid=0 ogid=0 rdev=00:00 nametype=NORMAL cap_fp=0 cap_fi=0 cap_fe=0 cap_fver=0 cap_frootid=0
type=PATH msg=audit(1748731974.046:31721): item=1 name="/lib64/ld-linux-x86-64.so.2" inode=4742 dev=08:01 mode=0100755 ouid=0 ogid=0 rdev=00:00 nametype=NORMAL cap_fp=0 cap_fi=0 cap_fe=0 cap_fver=0 cap_frootid=0
type=PROCTITLE msg=audit(1748731974.046:31721): proctitle=646967004031302E3134322E302E32003030303030332D37633061376332303230323032303230323032303230323032303230323032303230323032303230323032303230323032302E780041002B74696D653D31002B72657472793D30002B62756673697A653D353132002B69676E6F7265002B6E6F636F6F6B6965
type=SYSCALL msg=audit(1748731974.050:31722): arch=c000003e syscall=42 success=yes exit=0 a0=d a1=7f66a0033808 a2=10 a3=7f66a58e2454 items=0 ppid=14311 pid=14321 auid=1003 uid=1003 gid=1004 euid=1003 suid=1003 fsuid=1003 egid=1004 sgid=1004 fsgid=1004 tty=pts0 ses=32 comm="isc-net-0000" exe="/usr/bin/dig" subj=unconfined
type=SOCKADDR msg=audit(1748731974.050:31722): saddr=020000350A8E00020000000000000000
type=PROCTITLE msg=audit(1748731974.050:31722): proctitle=646967004031302E3134322E302E32003030303030332D37633061376332303230323032303230323032303230323032303230323032303230323032303230323032303230323032302E780041002B74696D650031002B72657472790030002B62756673697A6500353132002B69676E6F7265002B6E6F636F6F6B6965
type=SYSCALL msg=audit(1748731974.094:31723): arch=c000003e syscall=59 success=yes exit=0 a0=5622804b7fd0 a1=5622804b6b60 a2=5622804b7a00 a3=1b6 items=2 ppid=14311 pid=14324 auid=1003 uid=1003 gid=1004 euid=1003 suid=1003 fsuid=1003 egid=1004 sgid=1004 fsgid=1004 tty=pts0 ses=32 comm="dig" exe="/usr/bin/dig" subj=unconfined
type=EXECVE msg=audit(1748731974.094:31723): argc=9 a0="dig" a1="@10.142.0.2" a2="000004-20202020202020202020202020202020202020202020202020.x" a3="A" a4="+time=1" a5="+retry=0" a6="+bufsize=512" a7="+ignore" a8="+nocookie"
type=CWD msg=audit(1748731974.094:31723): cwd="/home/alice"
type=PATH msg=audit(1748731974.094:31723): item=0 name="/usr/bin/dig" inode=6373 dev=08:01 mode=0100755 ouid=0 ogid=0 rdev=00:00 nametype=NORMAL cap_fp=0 cap_fi=0 cap_fe=0 cap_fver=0 cap_frootid=0
type=PATH msg=audit(1748731974.094:31723): item=1 name="/lib64/ld-linux-x86-64.so.2" inode=4742 dev=08:01 mode=0100755 ouid=0 ogid=0 rdev=00:00 nametype=NORMAL cap_fp=0 cap_fi=0 cap_fe=0 cap_fver=0 cap_frootid=0
type=PROCTITLE msg=audit(1748731974.094:31723): proctitle=646967004031302E3134322E302E32003030303030342D32303230323032303230323032303230323032303230323032303230323032303230323032303230323032303230323032302E780041002B74696D653D31002B72657472793D30002B62756673697A653D353132002B69676E6F7265002B6E6F636F6F6B6965
type=SYSCALL msg=audit(1748731974.098:31724): arch=c000003e syscall=42 success=yes exit=0 a0=d a1=7f79f4033808 a2=10 a3=7f79fadd0454 items=0 ppid=14311 pid=14324 auid=1003 uid=1003 gid=1004 euid=1003 suid=1003 fsuid=1003 egid=1004 sgid=1004 fsgid=1004 tty=pts0 ses=32 comm="isc-net-0000" exe="/usr/bin/dig" subj=unconfined
type=SOCKADDR msg=audit(1748731974.098:31724): saddr=020000350A8E00020000000000000000
type=PROCTITLE msg=audit(1748731974.098:31724): proctitle=646967004031302E3134322E302E32003030303030342D32303230323032303230323032303230323032303230323032303230323032303230323032303230323032303230323032302E780041002B74696D650031002B72657472790030002B62756673697A6500353132002B69676E6F7265002B6E6F636F6F6B6965
type=SYSCALL msg=audit(1748731974.142:31725): arch=c000003e syscall=59 success=yes exit=0 a0=562280377ad0 a1=5622804b6b60 a2=5622804b7a00 a3=1b6 items=2 ppid=14311 pid=14327 auid=1003 uid=1003 gid=1004 euid=1003 suid=1003 fsuid=1003 egid=1004 sgid=1004 fsgid=1004 tty=pts0 ses=32 comm="dig" exe="/usr/bin/dig" subj=unconfined
type=EXECVE msg=audit(1748731974.142:31725): argc=9 a0="dig" a1="@10.142.0.2" a2="000005-2020202020202020202020202020202020202020207c0a7c20.x" a3="A" a4="+time=1" a5="+retry=0" a6="+bufsize=512" a7="+ignore" a8="+nocookie"
type=CWD msg=audit(1748731974.142:31725): cwd="/home/alice"
type=PATH msg=audit(1748731974.142:31725): item=0 name="/usr/bin/dig" inode=6373 dev=08:01 mode=0100755 ouid=0 ogid=0 rdev=00:00 nametype=NORMAL cap_fp=0 cap_fi=0 cap_fe=0 cap_fver=0 cap_frootid=0
type=PATH msg=audit(1748731974.142:31725): item=1 name="/lib64/ld-linux-x86-64.so.2" inode=4742 dev=08:01 mode=0100755 ouid=0 ogid=0 rdev=00:00 nametype=NORMAL cap_fp=0 cap_fi=0 cap_fe=0 cap_fver=0 cap_frootid=0
type=PROCTITLE msg=audit(1748731974.142:31725): proctitle=646967004031302E3134322E302E32003030303030352D32303230323032303230323032303230323032303230323032303230323032303230323032303230323037633061376332302E780041002B74696D653D31002B72657472793D30002B62756673697A653D353132002B69676E6F7265002B6E6F636F6F6B6965
type=SYSCALL msg=audit(1748731974.150:31726): arch=c000003e syscall=42 success=yes exit=0 a0=d a1=7f1d34033808 a2=10 a3=7f1d3b3aa454 items=0 ppid=14311 pid=14327 auid=1003 uid=1003 gid=1004 euid=1003 suid=1003 fsuid=1003 egid=1004 sgid=1004 fsgid=1004 tty=pts0 ses=32 comm="isc-net-0000" exe="/usr/bin/dig" subj=unconfined
type=SOCKADDR msg=audit(1748731974.150:31726): saddr=020000350A8E00020000000000000000
type=PROCTITLE msg=audit(1748731974.150:31726): proctitle=646967004031302E3134322E302E32003030303030352D32303230323032303230323032303230323032303230323032303230323032303230323032303230323037633061376332302E780041002B74696D650031002B72657472790030002B62756673697A6500353132002B69676E6F7265002B6E6F636F6F6B6965
type=SYSCALL msg=audit(1748731974.194:31727): arch=c000003e syscall=59 success=yes exit=0 a0=562280482630 a1=5622804b6b60 a2=5622804b7a00 a3=1b6 items=2 ppid=14311 pid=14330 auid=1003 uid=1003 gid=1004 euid=1003 suid=1003 fsuid=1003 egid=1004 sgid=1004 fsgid=1004 tty=pts0 ses=32 comm="dig" exe="/usr/bin/dig" subj=unconfined
type=EXECVE msg=audit(1748731974.194:31727): argc=9 a0="dig" a1="@10.142.0.2" a2="000006-20202020202020202020202020202020202020202020205468.x" a3="A" a4="+time=1" a5="+retry=0" a6="+bufsize=512" a7="+ignore" a8="+nocookie"
type=CWD msg=audit(1748731974.194:31727): cwd="/home/alice"
type=PATH msg=audit(1748731974.194:31727): item=0 name="/usr/bin/dig" inode=6373 dev=08:01 mode=0100755 ouid=0 ogid=0 rdev=00:00 nametype=NORMAL cap_fp=0 cap_fi=0 cap_fe=0 cap_fver=0 cap_frootid=0
type=PATH msg=audit(1748731974.194:31727): item=1 name="/lib64/ld-linux-x86-64.so.2" inode=4742 dev=08:01 mode=0100755 ouid=0 ogid=0 rdev=00:00 nametype=NORMAL cap_fp=0 cap_fi=0 cap_fe=0 cap_fver=0 cap_frootid=0
type=PROCTITLE msg=audit(1748731974.194:31727): proctitle=646967004031302E3134322E302E32003030303030362D32303230323032303230323032303230323032303230323032303230323032303230323032303230323032303230353436382E780041002B74696D653D31002B72657472793D30002B62756673697A653D353132002B69676E6F7265002B6E6F636F6F6B6965
type=SYSCALL msg=audit(1748731974.202:31728): arch=c000003e syscall=42 success=yes exit=0 a0=d a1=7f3534033808 a2=10 a3=7f353ae63454 items=0 ppid=14311 pid=14330 auid=1003 uid=1003 gid=1004 euid=1003 suid=1003 fsuid=1003 egid=1004 sgid=1004 fsgid=1004 tty=pts0 ses=32 comm="isc-net-0000" exe="/usr/bin/dig" subj=unconfined
type=SOCKADDR msg=audit(1748731974.202:31728): saddr=020000350A8E00020000000000000000
type=PROCTITLE msg=audit(1748731974.202:31728): proctitle=646967004031302E3134322E302E32003030303030362D32303230323032303230323032303230323032303230323032303230323032303230323032303230323032303230353436382E780041002B74696D650031002B72657472790030002B62756673697A6500353132002B69676E6F7265002B6E6F636F6F6B6965
type=SYSCALL msg=audit(1748731974.238:31729): arch=c000003e syscall=59 success=yes exit=0 a0=5622804b8f80 a1=5622804b6b60 a2=5622804b7a00 a3=1b6 items=2 ppid=14311 pid=14333 auid=1003 uid=1003 gid=1004 euid=1003 suid=1003 fsuid=1003 egid=1004 sgid=1004 fsgid=1004 tty=pts0 ses=32 comm="dig" exe="/usr/bin/dig" subj=unconfined
type=EXECVE msg=audit(1748731974.238:31729): argc=9 a0="dig" a1="@10.142.0.2" a2="000007-65204c615a61676e652050726f6a6563742020202020202020.x" a3="A" a4="+time=1" a5="+retry=0" a6="+bufsize=512" a7="+ignore" a8="+nocookie"
type=CWD msg=audit(1748731974.238:31729): cwd="/home/alice"
type=PATH msg=audit(1748731974.238:31729): item=0 name="/usr/bin/dig" inode=6373 dev=08:01 mode=0100755 ouid=0 ogid=0 rdev=00:00 nametype=NORMAL cap_fp=0 cap_fi=0 cap_fe=0 cap_fver=0 cap_frootid=0
type=PATH msg=audit(1748731974.238:31729): item=1 name="/lib64/ld-linux-x86-64.so.2" inode=4742 dev=08:01 mode=0100755 ouid=0 ogid=0 rdev=00:00 nametype=NORMAL cap_fp=0 cap_fi=0 cap_fe=0 cap_fver=0 cap_frootid=0
type=PROCTITLE msg=audit(1748731974.238:31729): proctitle=646967004031302E3134322E302E32003030303030372D36353230346336313561363136373665363532303530373236663661363536333734323032303230323032303230323032302E780041002B74696D653D31002B72657472793D30002B62756673697A653D353132002B69676E6F7265002B6E6F636F6F6B6965
type=SYSCALL msg=audit(1748731974.242:31730): arch=c000003e syscall=42 success=yes exit=0 a0=d a1=7fc7ec033808 a2=10 a3=7fc7f38da454 items=0 ppid=14311 pid=14333 auid=1003 uid=1003 gid=1004 euid=1003 suid=1003 fsuid=1003 egid=1004 sgid=1004 fsgid=1004 tty=pts0 ses=32 comm="isc-net-0000" exe="/usr/bin/dig" subj=unconfined
type=SOCKADDR msg=audit(1748731974.242:31730): saddr=020000350A8E00020000000000000000
type=PROCTITLE msg=audit(1748731974.242:31730): proctitle=646967004031302E3134322E302E32003030303030372D36353230346336313561363136373665363532303530373236663661363536333734323032303230323032303230323032302E780041002B74696D650031002B72657472790030002B62756673697A6500353132002B69676E6F7265002B6E6F636F6F6B6965
type=SYSCALL msg=audit(1748731974.290:31731): arch=c000003e syscall=59 success=yes exit=0 a0=5622804b7f90 a1=5622804b6b60 a2=5622804b7a00 a3=1b6 items=2 ppid=14311 pid=14336 auid=1003 uid=1003 gid=1004 euid=1003 suid=1003 fsuid=1003 egid=1004 sgid=1004 fsgid=1004 tty=pts0 ses=32 comm="dig" exe="/usr/bin/dig" subj=unconfined
type=EXECVE msg=audit(1748731974.290:31731): argc=9 a0="dig" a1="@10.142.0.2" a2="000008-20202020202020202020202020202020207c0a7c2020202020.x" a3="A" a4="+time=1" a5="+retry=0" a6="+bufsize=512" a7="+ignore" a8="+nocookie"
type=CWD msg=audit(1748731974.290:31731): cwd="/home/alice"
type=PATH msg=audit(1748731974.290:31731): item=0 name="/usr/bin/dig" inode=6373 dev=08:01 mode=0100755 ouid=0 ogid=0 rdev=00:00 nametype=NORMAL cap_fp=0 cap_fi=0 cap_fe=0 cap_fver=0 cap_frootid=0
type=PATH msg=audit(1748731974.290:31731): item=1 name="/lib64/ld-linux-x86-64.so.2" inode=4742 dev=08:01 mode=0100755 ouid=0 ogid=0 rdev=00:00 nametype=NORMAL cap_fp=0 cap_fi=0 cap_fe=0 cap_fver=0 cap_frootid=0
type=PROCTITLE msg=audit(1748731974.290:31731): proctitle=646967004031302E3134322E302E32003030303030382D32303230323032303230323032303230323032303230323032303230323032303230376330613763323032303230323032302E780041002B74696D653D31002B72657472793D30002B62756673697A653D353132002B69676E6F7265002B6E6F636F6F6B6965
type=SYSCALL msg=audit(1748731974.294:31732): arch=c000003e syscall=42 success=yes exit=0 a0=d a1=7f317c033808 a2=10 a3=7f31816fd454 items=0 ppid=14311 pid=14336 auid=1003 uid=1003 gid=1004 euid=1003 suid=1003 fsuid=1003 egid=1004 sgid=1004 fsgid=1004 tty=pts0 ses=32 comm="isc-net-0000" exe="/usr/bin/dig" subj=unconfined
type=SOCKADDR msg=audit(1748731974.294:31732): saddr=020000350A8E00020000000000000000
type=PROCTITLE msg=audit(1748731974.294:31732): proctitle=646967004031302E3134322E302E32003030303030382D32303230323032303230323032303230323032303230323032303230323032303230376330613763323032303230323032302E780041002B74696D650031002B72657472790030002B62756673697A6500353132002B69676E6F7265002B6E6F636F6F6B6965
type=SYSCALL msg=audit(1748731974.342:31733): arch=c000003e syscall=59 success=yes exit=0 a0=562280482610 a1=5622804b6b60 a2=5622804b7a00 a3=1b6 items=2 ppid=14311 pid=14339 auid=1003 uid=1003 gid=1004 euid=1003 suid=1003 fsuid=1003 egid=1004 sgid=1004 fsgid=1004 tty=pts0 ses=32 comm="dig" exe="/usr/bin/dig" subj=unconfined
type=EXECVE msg=audit(1748731974.342:31733): argc=9 a0="dig" a1="@10.142.0.2" a2="000009-20202020202020202020202020202020202020202020202020.x" a3="A" a4="+time=1" a5="+retry=0" a6="+bufsize=512" a7="+ignore" a8="+nocookie"
type=CWD msg=audit(1748731974.342:31733): cwd="/home/alice"
type=PATH msg=audit(1748731974.342:31733): item=0 name="/usr/bin/dig" inode=6373 dev=08:01 mode=0100755 ouid=0 ogid=0 rdev=00:00 nametype=NORMAL cap_fp=0 cap_fi=0 cap_fe=0 cap_fver=0 cap_frootid=0
type=PATH msg=audit(1748731974.342:31733): item=1 name="/lib64/ld-linux-x86-64.so.2" inode=4742 dev=08:01 mode=0100755 ouid=0 ogid=0 rdev=00:00 nametype=NORMAL cap_fp=0 cap_fi=0 cap_fe=0 cap_fver=0 cap_frootid=0
type=PROCTITLE msg=audit(1748731974.342:31733): proctitle=646967004031302E3134322E302E32003030303030392D32303230323032303230323032303230323032303230323032303230323032303230323032303230323032303230323032302E780041002B74696D653D31002B72657472793D30002B62756673697A653D353132002B69676E6F7265002B6E6F636F6F6B6965
type=SYSCALL msg=audit(1748731974.350:31734): arch=c000003e syscall=42 success=yes exit=0 a0=d a1=7fcd40033808 a2=10 a3=7fcd475c2454 items=0 ppid=14311 pid=14339 auid=1003 uid=1003 gid=1004 euid=1003 suid=1003 fsuid=1003 egid=1004 sgid=1004 fsgid=1004 tty=pts0 ses=32 comm="isc-net-0000" exe="/usr/bin/dig" subj=unconfined
type=SOCKADDR msg=audit(1748731974.350:31734): saddr=020000350A8E00020000000000000000
type=PROCTITLE msg=audit(1748731974.350:31734): proctitle=646967004031302E3134322E302E32003030303030392D32303230323032303230323032303230323032303230323032303230323032303230323032303230323032303230323032302E780041002B74696D650031002B72657472790030002B62756673697A6500353132002B69676E6F7265002B6E6F636F6F6B6965
type=SYSCALL msg=audit(1748731974.398:31735): arch=c000003e syscall=59 success=yes exit=0 a0=5622804825f0 a1=5622804b6b60 a2=5622804b7a00 a3=1b6 items=2 ppid=14311 pid=14342 auid=1003 uid=1003 gid=1004 euid=1003 suid=1003 fsuid=1003 egid=1004 sgid=1004 fsgid=1004 tty=pts0 ses=32 comm="dig" exe="/usr/bin/dig" subj=unconfined
type=EXECVE msg=audit(1748731974.398:31735): argc=9 a0="dig" a1="@10.142.0.2" a2="000010-20202020202020202020202020202020202020202020202020.x" a3="A" a4="+time=1" a5="+retry=0" a6="+bufsize=512" a7="+ignore" a8="+nocookie"
type=CWD msg=audit(1748731974.398:31735): cwd="/home/alice"
type=PATH msg=audit(1748731974.398:31735): item=0 name="/usr/bin/dig" inode=6373 dev=08:01 mode=0100755 ouid=0 ogid=0 rdev=00:00 nametype=NORMAL cap_fp=0 cap_fi=0 cap_fe=0 cap_fver=0 cap_frootid=0
type=PATH msg=audit(1748731974.398:31735): item=1 name="/lib64/ld-linux-x86-64.so.2" inode=4742 dev=08:01 mode=0100755 ouid=0 ogid=0 rdev=00:00 nametype=NORMAL cap_fp=0 cap_fi=0 cap_fe=0 cap_fver=0 cap_frootid=0
type=PROCTITLE msg=audit(1748731974.398:31735): proctitle=646967004031302E3134322E302E32003030303031302D32303230323032303230323032303230323032303230323032303230323032303230323032303230323032303230323032302E780041002B74696D653D31002B72657472793D30002B62756673697A653D353132002B69676E6F7265002B6E6F636F6F6B6965
type=SYSCALL msg=audit(1748731974.402:31736): arch=c000003e syscall=42 success=yes exit=0 a0=d a1=7f23fc033808 a2=10 a3=7f2400dc3454 items=0 ppid=14311 pid=14342 auid=1003 uid=1003 gid=1004 euid=1003 suid=1003 fsuid=1003 egid=1004 sgid=1004 fsgid=1004 tty=pts0 ses=32 comm="isc-net-0000" exe="/usr/bin/dig" subj=unconfined
type=SOCKADDR msg=audit(1748731974.402:31736): saddr=020000350A8E00020000000000000000
type=PROCTITLE msg=audit(1748731974.402:31736): proctitle=646967004031302E3134322E302E32003030303031302D32303230323032303230323032303230323032303230323032303230323032303230323032303230323032303230323032302E780041002B74696D650031002B72657472790030002B62756673697A6500353132002B69676E6F7265002B6E6F636F6F6B6965
type=SYSCALL msg=audit(1748731974.454:31737): arch=c000003e syscall=59 success=yes exit=0 a0=5622804b7fd0 a1=5622804b6b60 a2=5622804b7a00 a3=1b6 items=2 ppid=14311 pid=14345 auid=1003 uid=1003 gid=1004 euid=1003 suid=1003 fsuid=1003 egid=1004 sgid=1004 fsgid=1004 tty=pts0 ses=32 comm="dig" exe="/usr/bin/dig" subj=unconfined
type=EXECVE msg=audit(1748731974.454:31737): argc=9 a0="dig" a1="@10.142.0.2" a2="000011-202020202020202020202020207c0a7c202020202020202020.x" a3="A" a4="+time=1" a5="+retry=0" a6="+bufsize=512" a7="+ignore" a8="+nocookie"
type=CWD msg=audit(1748731974.454:31737): cwd="/home/alice"
type=PATH msg=audit(1748731974.454:31737): item=0 name="/usr/bin/dig" inode=6373 dev=08:01 mode=0100755 ouid=0 ogid=0 rdev=00:00 nametype=NORMAL cap_fp=0 cap_fi=0 cap_fe=0 cap_fver=0 cap_frootid=0
type=PATH msg=audit(1748731974.454:31737): item=1 name="/lib64/ld-linux-x86-64.so.2" inode=4742 dev=08:01 mode=0100755 ouid=0 ogid=0 rdev=00:00 nametype=NORMAL cap_fp=0 cap_fi=0 cap_fe=0 cap_fver=0 cap_frootid=0
type=PROCTITLE msg=audit(1748731974.454:31737): proctitle=646967004031302E3134322E302E32003030303031312D32303230323032303230323032303230323032303230323032303763306137633230323032303230323032303230323032302E780041002B74696D653D31002B72657472793D30002B62756673697A653D353132002B69676E6F7265002B6E6F636F6F6B6965
type=SYSCALL msg=audit(1748731974.458:31738): arch=c000003e syscall=42 success=yes exit=0 a0=d a1=7f2bc8033808 a2=10 a3=7f2bcf8c4454 items=0 ppid=14311 pid=14345 auid=1003 uid=1003 gid=1004 euid=1003 suid=1003 fsuid=1003 egid=1004 sgid=1004 fsgid=1004 tty=pts0 ses=32 comm="isc-net-0000" exe="/usr/bin/dig" subj=unconfined
type=SOCKADDR msg=audit(1748731974.458:31738): saddr=020000350A8E00020000000000000000
type=PROCTITLE msg=audit(1748731974.458:31738): proctitle=646967004031302E3134322E302E32003030303031312D32303230323032303230323032303230323032303230323032303763306137633230323032303230323032303230323032302E780041002B74696D650031002B72657472790030002B62756673697A6500353132002B69676E6F7265002B6E6F636F6F6B6965
type=SYSCALL msg=audit(1748731974.506:31739): arch=c000003e syscall=59 success=yes exit=0 a0=562280377ad0 a1=5622804b6b60 a2=5622804b7a00 a3=1b6 items=2 ppid=14311 pid=14348 auid=1003 uid=1003 gid=1004 euid=1003 suid=1003 fsuid=1003 egid=1004 sgid=1004 fsgid=1004 tty=pts0 ses=32 comm="dig" exe="/usr/bin/dig" subj=unconfined
type=EXECVE msg=audit(1748731974.506:31739): argc=9 a0="dig" a1="@10.142.0.2" a2="000012-2020202020202020202020202020202020212042414e472042.x" a3="A" a4="+time=1" a5="+retry=0" a6="+bufsize=512" a7="+ignore" a8="+nocookie"
type=CWD msg=audit(1748731974.506:31739): cwd="/home/alice"
type=PATH msg=audit(1748731974.506:31739): item=0 name="/usr/bin/dig" inode=6373 dev=08:01 mode=0100755 ouid=0 ogid=0 rdev=00:00 nametype=NORMAL cap_fp=0 cap_fi=0 cap_fe=0 cap_fver=0 cap_frootid=0
type=PATH msg=audit(1748731974.506:31739): item=1 name="/lib64/ld-linux-x86-64.so.2" inode=4742 dev=08:01 mode=0100755 ouid=0 ogid=0 rdev=00:00 nametype=NORMAL cap_fp=0 cap_fi=0 cap_fe=0 cap_fver=0 cap_frootid=0
type=PROCTITLE msg=audit(1748731974.506:31739): proctitle=646967004031302E3134322E302E32003030303031322D32303230323032303230323032303230323032303230323032303230323032303230323132303432343134653437323034322E780041002B74696D653D31002B72657472793D30002B62756673697A653D353132002B69676E6F7265002B6E6F636F6F6B6965
type=SYSCALL msg=audit(1748731974.510:31740): arch=c000003e syscall=42 success=yes exit=0 a0=d a1=7f6d88033808 a2=10 a3=7f6d8f5ae454 items=0 ppid=14311 pid=14348 auid=1003 uid=1003 gid=1004 euid=1003 suid=1003 fsuid=1003 egid=1004 sgid=1004 fsgid=1004 tty=pts0 ses=32 comm="isc-net-0000" exe="/usr/bin/dig" subj=unconfined
type=SOCKADDR msg=audit(1748731974.510:31740): saddr=020000350A8E00020000000000000000
type=PROCTITLE msg=audit(1748731974.510:31740): proctitle=646967004031302E3134322E302E32003030303031322D32303230323032303230323032303230323032303230323032303230323032303230323132303432343134653437323034322E780041002B74696D650031002B72657472790030002B62756673697A6500353132002B69676E6F7265002B6E6F636F6F6B6965
type=SYSCALL msg=audit(1748731974.558:31741): arch=c000003e syscall=59 success=yes exit=0 a0=562280482650 a1=5622804b6b60 a2=5622804b7a00 a3=1b6 items=2 ppid=14311 pid=14351 auid=1003 uid=1003 gid=1004 euid=1003 suid=1003 fsuid=1003 egid=1004 sgid=1004 fsgid=1004 tty=pts0 ses=32 comm="dig" exe="/usr/bin/dig" subj=unconfined
type=EXECVE msg=audit(1748731974.558:31741): argc=9 a0="dig" a1="@10.142.0.2" a2="000013-414e4720212020202020202020202020202020202020202020.x" a3="A" a4="+time=1" a5="+retry=0" a6="+bufsize=512" a7="+ignore" a8="+nocookie"
type=CWD msg=audit(1748731974.558:31741): cwd="/home/alice"
type=PATH msg=audit(1748731974.558:31741): item=0 name="/usr/bin/dig" inode=6373 dev=08:01 mode=0100755 ouid=0 ogid=0 rdev=00:00 nametype=NORMAL cap_fp=0 cap_fi=0 cap_fe=0 cap_fver=0 cap_frootid=0
type=PATH msg=audit(1748731974.558:31741): item=1 name="/lib64/ld-linux-x86-64.so.2" inode=4742 dev=08:01 mode=0100755 ouid=0 ogid=0 rdev=00:00 nametype=NORMAL cap_fp=0 cap_fi=0 cap_fe=0 cap_fver=0 cap_frootid=0
type=PROCTITLE msg=audit(1748731974.558:31741): proctitle=646967004031302E3134322E302E32003030303031332D34313465343732303231323032303230323032303230323032303230323032303230323032303230323032303230323032302E780041002B74696D653D31002B72657472793D30002B62756673697A653D353132002B69676E6F7265002B6E6F636F6F6B6965
type=SYSCALL msg=audit(1748731974.562:31742): arch=c000003e syscall=42 success=yes exit=0 a0=d a1=7f5670033808 a2=10 a3=7f5678230454 items=0 ppid=14311 pid=14351 auid=1003 uid=1003 gid=1004 euid=1003 suid=1003 fsuid=1003 egid=1004 sgid=1004 fsgid=1004 tty=pts0 ses=32 comm="isc-net-0000" exe="/usr/bin/dig" subj=unconfined
type=SOCKADDR msg=audit(1748731974.562:31742): saddr=020000350A8E00020000000000000000
type=PROCTITLE msg=audit(1748731974.562:31742): proctitle=646967004031302E3134322E302E32003030303031332D34313465343732303231323032303230323032303230323032303230323032303230323032303230323032303230323032302E780041002B74696D650031002B72657472790030002B62756673697A6500353132002B69676E6F7265002B6E6F636F6F6B6965
type=SYSCALL msg=audit(1748731974.610:31743): arch=c000003e syscall=59 success=yes exit=0 a0=5622804b8f80 a1=5622804b6b60 a2=5622804b7a00 a3=1b6 items=2 ppid=14311 pid=14354 auid=1003 uid=1003 gid=1004 euid=1003 suid=1003 fsuid=1003 egid=1004 sgid=1004 fsgid=1004 tty=pts0 ses=32 comm="dig" exe="/usr/bin/dig" subj=unconfined
type=EXECVE msg=audit(1748731974.610:31743): argc=9 a0="dig" a1="@10.142.0.2" a2="000014-2020202020202020207c0a7c20202020202020202020202020.x" a3="A" a4="+time=1" a5="+retry=0" a6="+bufsize=512" a7="+ignore" a8="+nocookie"
type=CWD msg=audit(1748731974.610:31743): cwd="/home/alice"
type=PATH msg=audit(1748731974.610:31743): item=0 name="/usr/bin/dig" inode=6373 dev=08:01 mode=0100755 ouid=0 ogid=0 rdev=00:00 nametype=NORMAL cap_fp=0 cap_fi=0 cap_fe=0 cap_fver=0 cap_frootid=0
type=PATH msg=audit(1748731974.610:31743): item=1 name="/lib64/ld-linux-x86-64.so.2" inode=4742 dev=08:01 mode=0100755 ouid=0 ogid=0 rdev=00:00 nametype=NORMAL cap_fp=0 cap_fi=0 cap_fe=0 cap_fver=0 cap_frootid=0
type=PROCTITLE msg=audit(1748731974.610:31743): proctitle=646967004031302E3134322E302E32003030303031342D32303230323032303230323032303230323037633061376332303230323032303230323032303230323032303230323032302E780041002B74696D653D31002B72657472793D30002B62756673697A653D353132002B69676E6F7265002B6E6F636F6F6B6965
type=SYSCALL msg=audit(1748731974.614:31744): arch=c000003e syscall=42 success=yes exit=0 a0=d a1=7f06b4033808 a2=10 a3=7f06bbc61454 items=0 ppid=14311 pid=14354 auid=1003 uid=1003 gid=1004 euid=1003 suid=1003 fsuid=1003 egid=1004 sgid=1004 fsgid=1004 tty=pts0 ses=32 comm="isc-net-0000" exe="/usr/bin/dig" subj=unconfined
type=SOCKADDR msg=audit(1748731974.614:31744): saddr=020000350A8E00020000000000000000
type=PROCTITLE msg=audit(1748731974.614:31744): proctitle=646967004031302E3134322E302E32003030303031342D32303230323032303230323032303230323037633061376332303230323032303230323032303230323032303230323032302E780041002B74696D650031002B72657472790030002B62756673697A6500353132002B69676E6F7265002B6E6F636F6F6B6965
type=SYSCALL msg=audit(1748731974.662:31745): arch=c000003e syscall=59 success=yes exit=0 a0=5622804b7f90 a1=5622804b6b60 a2=5622804b7a00 a3=1b6 items=2 ppid=14311 pid=14357 auid=1003 uid=1003 gid=1004 euid=1003 suid=1003 fsuid=1003 egid=1004 sgid=1004 fsgid=1004 tty=pts0 ses=32 comm="dig" exe="/usr/bin/dig" subj=unconfined
type=EXECVE msg=audit(1748731974.662:31745): argc=9 a0="dig" a1="@10.142.0.2" a2="000015-20202020202020202020202020202020202020202020202020.x" a3="A" a4="+time=1" a5="+retry=0" a6="+bufsize=512" a7="+ignore" a8="+nocookie"
type=CWD msg=audit(1748731974.662:31745): cwd="/home/alice"
type=PATH msg=audit(1748731974.662:31745): item=0 name="/usr/bin/dig" inode=6373 dev=08:01 mode=0100755 ouid=0 ogid=0 rdev=00:00 nametype=NORMAL cap_fp=0 cap_fi=0 cap_fe=0 cap_fver=0 cap_frootid=0
type=PATH msg=audit(1748731974.662:31745): item=1 name="/lib64/ld-linux-x86-64.so.2" inode=4742 dev=08:01 mode=0100755 ouid=0 ogid=0 rdev=00:00 nametype=NORMAL cap_fp=0 cap_fi=0 cap_fe=0 cap_fver=0 cap_frootid=0
type=PROCTITLE msg=audit(1748731974.662:31745): proctitle=646967004031302E3134322E302E32003030303031352D32303230323032303230323032303230323032303230323032303230323032303230323032303230323032303230323032302E780041002B74696D653D31002B72657472793D30002B62756673697A653D353132002B69676E6F7265002B6E6F636F6F6B6965
type=SYSCALL msg=audit(1748731974.670:31746): arch=c000003e syscall=42 success=yes exit=0 a0=d a1=7fcdec033808 a2=10 a3=7fcdf2e0b454 items=0 ppid=14311 pid=14357 auid=1003 uid=1003 gid=1004 euid=1003 suid=1003 fsuid=1003 egid=1004 sgid=1004 fsgid=1004 tty=pts0 ses=32 comm="isc-net-0000" exe="/usr/bin/dig" subj=unconfined
type=SOCKADDR msg=audit(1748731974.670:31746): saddr=020000350A8E00020000000000000000
type=PROCTITLE msg=audit(1748731974.670:31746): proctitle=646967004031302E3134322E302E32003030303031352D32303230323032303230323032303230323032303230323032303230323032303230323032303230323032303230323032302E780041002B74696D650031002B72657472790030002B62756673697A6500353132002B69676E6F7265002B6E6F636F6F6B6965
type=SYSCALL msg=audit(1748731974.718:31747): arch=c000003e syscall=59 success=yes exit=0 a0=562280482610 a1=5622804b6b60 a2=5622804b7a00 a3=1b6 items=2 ppid=14311 pid=14360 auid=1003 uid=1003 gid=1004 euid=1003 suid=1003 fsuid=1003 egid=1004 sgid=1004 fsgid=1004 tty=pts0 ses=32 comm="dig" exe="/usr/bin/dig" subj=unconfined
type=EXECVE msg=audit(1748731974.718:31747): argc=9 a0="dig" a1="@10.142.0.2" a2="000016-20202020202020202020202020202020202020202020202020.x" a3="A" a4="+time=1" a5="+retry=0" a6="+bufsize=512" a7="+ignore" a8="+nocookie"
type=CWD msg=audit(1748731974.718:31747): cwd="/home/alice"
type=PATH msg=audit(1748731974.718:31747): item=0 name="/usr/bin/dig" inode=6373 dev=08:01 mode=0100755 ouid=0 ogid=0 rdev=00:00 nametype=NORMAL cap_fp=0 cap_fi=0 cap_fe=0 cap_fver=0 cap_frootid=0
type=PATH msg=audit(1748731974.718:31747): item=1 name="/lib64/ld-linux-x86-64.so.2" inode=4742 dev=08:01 mode=0100755 ouid=0 ogid=0 rdev=00:00 nametype=NORMAL cap_fp=0 cap_fi=0 cap_fe=0 cap_fver=0 cap_frootid=0
type=PROCTITLE msg=audit(1748731974.718:31747): proctitle=646967004031302E3134322E302E32003030303031362D32303230323032303230323032303230323032303230323032303230323032303230323032303230323032303230323032302E780041002B74696D653D31002B72657472793D30002B62756673697A653D353132002B69676E6F7265002B6E6F636F6F6B6965
type=SYSCALL msg=audit(1748731974.722:31748): arch=c000003e syscall=42 success=yes exit=0 a0=d a1=7f8024033808 a2=10 a3=7f8028ab0454 items=0 ppid=14311 pid=14360 auid=1003 uid=1003 gid=1004 euid=1003 suid=1003 fsuid=1003 egid=1004 sgid=1004 fsgid=1004 tty=pts0 ses=32 comm="isc-net-0000" exe="/usr/bin/dig" subj=unconfined
type=SOCKADDR msg=audit(1748731974.722:31748): saddr=020000350A8E00020000000000000000
type=PROCTITLE msg=audit(1748731974.722:31748): proctitle=646967004031302E3134322E302E32003030303031362D32303230323032303230323032303230323032303230323032303230323032303230323032303230323032303230323032302E780041002B74696D650031002B72657472790030002B62756673697A6500353132002B69676E6F7265002B6E6F636F6F6B6965
type=SYSCALL msg=audit(1748731974.770:31749): arch=c000003e syscall=59 success=yes exit=0 a0=5622804825f0 a1=5622804b6b60 a2=5622804b7a00 a3=1b6 items=2 ppid=14311 pid=14363 auid=1003 uid=1003 gid=1004 euid=1003 suid=1003 fsuid=1003 egid=1004 sgid=1004 fsgid=1004 tty=pts0 ses=32 comm="dig" exe="/usr/bin/dig" subj=unconfined
type=EXECVE msg=audit(1748731974.770:31749): argc=9 a0="dig" a1="@10.142.0.2" a2="000017-20202020207c0a7c3d3d3d3d3d3d3d3d3d3d3d3d3d3d3d3d3d.x" a3="A" a4="+time=1" a5="+retry=0" a6="+bufsize=512" a7="+ignore" a8="+nocookie"
type=CWD msg=audit(1748731974.770:31749): cwd="/home/alice"
type=PATH msg=audit(1748731974.770:31749): item=0 name="/usr/bin/dig" inode=6373 dev=08:01 mode=0100755 ouid=0 ogid=0 rdev=00:00 nametype=NORMAL cap_fp=0 cap_fi=0 cap_fe=0 cap_fver=0 cap_frootid=0
type=PATH msg=audit(1748731974.770:31749): item=1 name="/lib64/ld-linux-x86-64.so.2" inode=4742 dev=08:01 mode=0100755 ouid=0 ogid=0 rdev=00:00 nametype=NORMAL cap_fp=0 cap_fi=0 cap_fe=0 cap_fver=0 cap_frootid=0
type=PROCTITLE msg=audit(1748731974.770:31749): proctitle=646967004031302E3134322E302E32003030303031372D32303230323032303230376330613763336433643364336433643364336433643364336433643364336433643364336433642E780041002B74696D653D31002B72657472793D30002B62756673697A653D353132002B69676E6F7265002B6E6F636F6F6B6965
type=SYSCALL msg=audit(1748731974.774:31750): arch=c000003e syscall=42 success=yes exit=0 a0=d a1=7f1d54033808 a2=10 a3=7f1d5abf3454 items=0 ppid=14311 pid=14363 auid=1003 uid=1003 gid=1004 euid=1003 suid=1003 fsuid=1003 egid=1004 sgid=1004 fsgid=1004 tty=pts0 ses=32 comm="isc-net-0000" exe="/usr/bin/dig" subj=unconfined
type=SOCKADDR msg=audit(1748731974.774:31750): saddr=020000350A8E00020000000000000000
type=PROCTITLE msg=audit(1748731974.774:31750): proctitle=646967004031302E3134322E302E32003030303031372D32303230323032303230376330613763336433643364336433643364336433643364336433643364336433643364336433642E780041002B74696D650031002B72657472790030002B62756673697A6500353132002B69676E6F7265002B6E6F636F6F6B6965
type=SYSCALL msg=audit(1748731974.822:31751): arch=c000003e syscall=59 success=yes exit=0 a0=5622804b7fd0 a1=5622804b6b60 a2=5622804b7a00 a3=1b6 items=2 ppid=14311 pid=14366 auid=1003 uid=1003 gid=1004 euid=1003 suid=1003 fsuid=1003 egid=1004 sgid=1004 fsgid=1004 tty=pts0 ses=32 comm="dig" exe="/usr/bin/dig" subj=unconfined
type=EXECVE msg=audit(1748731974.822:31751): argc=9 a0="dig" a1="@10.142.0.2" a2="000018-3d3d3d3d3d3d3d3d3d3d3d3d3d3d3d3d3d3d3d3d3d3d3d3d3d.x" a3="A" a4="+time=1" a5="+retry=0" a6="+bufsize=512" a7="+ignore" a8="+nocookie"
type=CWD msg=audit(1748731974.822:31751): cwd="/home/alice"
type=PATH msg=audit(1748731974.822:31751): item=0 name="/usr/bin/dig" inode=6373 dev=08:01 mode=0100755 ouid=0 ogid=0 rdev=00:00 nametype=NORMAL cap_fp=0 cap_fi=0 cap_fe=0 cap_fver=0 cap_frootid=0
type=PATH msg=audit(1748731974.822:31751): item=1 name="/lib64/ld-linux-x86-64.so.2" inode=4742 dev=08:01 mode=0100755 ouid=0 ogid=0 rdev=00:00 nametype=NORMAL cap_fp=0 cap_fi=0 cap_fe=0 cap_fver=0 cap_frootid=0
type=PROCTITLE msg=audit(1748731974.822:31751): proctitle=646967004031302E3134322E302E32003030303031382D33643364336433643364336433643364336433643364336433643364336433643364336433643364336433643364336433642E780041002B74696D653D31002B72657472793D30002B62756673697A653D353132002B69676E6F7265002B6E6F636F6F6B6965
type=SYSCALL msg=audit(1748731974.830:31752): arch=c000003e syscall=42 success=yes exit=0 a0=d a1=7f2fdc033808 a2=10 a3=7f2fe1ad0454 items=0 ppid=14311 pid=14366 auid=1003 uid=1003 gid=1004 euid=1003 suid=1003 fsuid=1003 egid=1004 sgid=1004 fsgid=1004 tty=pts0 ses=32 comm="isc-net-0000" exe="/usr/bin/dig" subj=unconfined
type=SOCKADDR msg=audit(1748731974.830:31752): saddr=020000350A8E00020000000000000000
type=PROCTITLE msg=audit(1748731974.830:31752): proctitle=646967004031302E3134322E302E32003030303031382D33643364336433643364336433643364336433643364336433643364336433643364336433643364336433643364336433642E780041002B74696D650031002B72657472790030002B62756673697A6500353132002B69676E6F7265002B6E6F636F6F6B6965
type=SYSCALL msg=audit(1748731974.878:31753): arch=c000003e syscall=59 success=yes exit=0 a0=562280377ad0 a1=5622804b6b60 a2=5622804b7a00 a3=1b6 items=2 ppid=14311 pid=14369 auid=1003 uid=1003 gid=1004 euid=1003 suid=1003 fsuid=1003 egid=1004 sgid=1004 fsgid=1004 tty=pts0 ses=32 comm="dig" exe="/usr/bin/dig" subj=unconfined
type=EXECVE msg=audit(1748731974.878:31753): argc=9 a0="dig" a1="@10.142.0.2" a2="000019-3d3d3d3d3d3d3d3d3d3d3d3d3d3d3d3d3d3d3d3d3d3d3d3d3d.x" a3="A" a4="+time=1" a5="+retry=0" a6="+bufsize=512" a7="+ignore" a8="+nocookie"
type=CWD msg=audit(1748731974.878:31753): cwd="/home/alice"
type=PATH msg=audit(1748731974.878:31753): item=0 name="/usr/bin/dig" inode=6373 dev=08:01 mode=0100755 ouid=0 ogid=0 rdev=00:00 nametype=NORMAL cap_fp=0 cap_fi=0 cap_fe=0 cap_fver=0 cap_frootid=0
type=PATH msg=audit(1748731974.878:31753): item=1 name="/lib64/ld-linux-x86-64.so.2" inode=4742 dev=08:01 mode=0100755 ouid=0 ogid=0 rdev=00:00 nametype=NORMAL cap_fp=0 cap_fi=0 cap_fe=0 cap_fver=0 cap_frootid=0
type=PROCTITLE msg=audit(1748731974.878:31753): proctitle=646967004031302E3134322E302E32003030303031392D33643364336433643364336433643364336433643364336433643364336433643364336433643364336433643364336433642E780041002B74696D653D31002B72657472793D30002B62756673697A653D353132002B69676E6F7265002B6E6F636F6F6B6965
type=SYSCALL msg=audit(1748731974.882:31754): arch=c000003e syscall=42 success=yes exit=0 a0=d a1=7ffba0033808 a2=10 a3=7ffba49ff454 items=0 ppid=14311 pid=14369 auid=1003 uid=1003 gid=1004 euid=1003 suid=1003 fsuid=1003 egid=1004 sgid=1004 fsgid=1004 tty=pts0 ses=32 comm="isc-net-0000" exe="/usr/bin/dig" subj=unconfined
type=SOCKADDR msg=audit(1748731974.882:31754): saddr=020000350A8E00020000000000000000
type=PROCTITLE msg=audit(1748731974.882:31754): proctitle=646967004031302E3134322E302E32003030303031392D33643364336433643364336433643364336433643364336433643364336433643364336433643364336433643364336433642E780041002B74696D650031002B72657472790030002B62756673697A6500353132002B69676E6F7265002B6E6F636F6F6B6965
type=SYSCALL msg=audit(1748731974.930:31755): arch=c000003e syscall=59 success=yes exit=0 a0=562280482650 a1=5622804b6b60 a2=5622804b7a00 a3=1b6 items=2 ppid=14311 pid=14372 auid=1003 uid=1003 gid=1004 euid=1003 suid=1003 fsuid=1003 egid=1004 sgid=1004 fsgid=1004 tty=pts0 ses=32 comm="dig" exe="/usr/bin/dig" subj=unconfined
type=EXECVE msg=audit(1748731974.930:31755): argc=9 a0="dig" a1="@10.142.0.2" a2="000020-3d7c0a0a1b5b306d1b5b39336d1b5b306d1b5b39316d5b2d5d.x" a3="A" a4="+time=1" a5="+retry=0" a6="+bufsize=512" a7="+ignore" a8="+nocookie"
type=CWD msg=audit(1748731974.930:31755): cwd="/home/alice"
type=PATH msg=audit(1748731974.930:31755): item=0 name="/usr/bin/dig" inode=6373 dev=08:01 mode=0100755 ouid=0 ogid=0 rdev=00:00 nametype=NORMAL cap_fp=0 cap_fi=0 cap_fe=0 cap_fver=0 cap_frootid=0
type=PATH msg=audit(1748731974.930:31755): item=1 name="/lib64/ld-linux-x86-64.so.2" inode=4742 dev=08:01 mode=0100755 ouid=0 ogid=0 rdev=00:00 nametype=NORMAL cap_fp=0 cap_fi=0 cap_fe=0 cap_fver=0 cap_frootid=0
type=PROCTITLE msg=audit(1748731974.930:31755): proctitle=646967004031302E3134322E302E32003030303032302D33643763306130613162356233303664316235623339333336643162356233303664316235623339333136643562326435642E780041002B74696D653D31002B72657472793D30002B62756673697A653D353132002B69676E6F7265002B6E6F636F6F6B6965
type=SYSCALL msg=audit(1748731974.938:31756): arch=c000003e syscall=42 success=yes exit=0 a0=d a1=7f4df4033808 a2=10 a3=7f4dfc29c454 items=0 ppid=14311 pid=14372 auid=1003 uid=1003 gid=1004 euid=1003 suid=1003 fsuid=1003 egid=1004 sgid=1004 fsgid=1004 tty=pts0 ses=32 comm="isc-net-0000" exe="/usr/bin/dig" subj=unconfined
type=SOCKADDR msg=audit(1748731974.938:31756): saddr=020000350A8E00020000000000000000
type=PROCTITLE msg=audit(1748731974.938:31756): proctitle=646967004031302E3134322E302E32003030303032302D33643763306130613162356233303664316235623339333336643162356233303664316235623339333136643562326435642E780041002B74696D650031002B72657472790030002B62756673697A6500353132002B69676E6F7265002B6E6F636F6F6B6965
type=SYSCALL msg=audit(1748731974.986:31757): arch=c000003e syscall=59 success=yes exit=0 a0=5622804b8f80 a1=5622804b6b60 a2=5622804b7a00 a3=1b6 items=2 ppid=14311 pid=14375 auid=1003 uid=1003 gid=1004 euid=1003 suid=1003 fsuid=1003 egid=1004 sgid=1004 fsgid=1004 tty=pts0 ses=32 comm="dig" exe="/usr/bin/dig" subj=unconfined
type=EXECVE msg=audit(1748731974.986:31757): argc=9 a0="dig" a1="@10.142.0.2" a2="000021-206c69627365637265743a2063616e6e6f7420696d706f7274.x" a3="A" a4="+time=1" a5="+retry=0" a6="+bufsize=512" a7="+ignore" a8="+nocookie"
type=CWD msg=audit(1748731974.986:31757): cwd="/home/alice"
type=PATH msg=audit(1748731974.986:31757): item=0 name="/usr/bin/dig" inode=6373 dev=08:01 mode=0100755 ouid=0 ogid=0 rdev=00:00 nametype=NORMAL cap_fp=0 cap_fi=0 cap_fe=0 cap_fver=0 cap_frootid=0
type=PATH msg=audit(1748731974.986:31757): item=1 name="/lib64/ld-linux-x86-64.so.2" inode=4742 dev=08:01 mode=0100755 ouid=0 ogid=0 rdev=00:00 nametype=NORMAL cap_fp=0 cap_fi=0 cap_fe=0 cap_fver=0 cap_frootid=0
type=PROCTITLE msg=audit(1748731974.986:31757): proctitle=646967004031302E3134322E302E32003030303032312D32303663363936323733363536333732363537343361323036333631366536653666373432303639366437303666373237342E780041002B74696D653D31002B72657472793D30002B62756673697A653D353132002B69676E6F7265002B6E6F636F6F6B6965
type=SYSCALL msg=audit(1748731974.990:31758): arch=c000003e syscall=42 success=yes exit=0 a0=d a1=7f651c033808 a2=10 a3=7f65245bd454 items=0 ppid=14311 pid=14375 auid=1003 uid=1003 gid=1004 euid=1003 suid=1003 fsuid=1003 egid=1004 sgid=1004 fsgid=1004 tty=pts0 ses=32 comm="isc-net-0000" exe="/usr/bin/dig" subj=unconfined
type=SOCKADDR msg=audit(1748731974.990:31758): saddr=020000350A8E00020000000000000000
type=PROCTITLE msg=audit(1748731974.990:31758): proctitle=646967004031302E3134322E302E32003030303032312D32303663363936323733363536333732363537343361323036333631366536653666373432303639366437303666373237342E780041002B74696D650031002B72657472790030002B62756673697A6500353132002B69676E6F7265002B6E6F636F6F6B6965
type=SYSCALL msg=audit(1748731975.034:31759): arch=c000003e syscall=59 success=yes exit=0 a0=5622804b7f90 a1=5622804b6b60 a2=5622804b7a00 a3=1b6 items=2 ppid=14311 pid=14378 auid=1003 uid=1003 gid=1004 euid=1003 suid=1003 fsuid=1003 egid=1004 sgid=1004 fsgid=1004 tty=pts0 ses=32 comm="dig" exe="/usr/bin/dig" subj=unconfined
type=EXECVE msg=audit(1748731975.034:31759): argc=9 a0="dig" a1="@10.142.0.2" a2="000022-206e616d652027696e745f66726f6d5f627974657327206672.x" a3="A" a4="+time=1" a5="+retry=0" a6="+bufsize=512" a7="+ignore" a8="+nocookie"
type=CWD msg=audit(1748731975.034:31759): cwd="/home/alice"
type=PATH msg=audit(1748731975.034:31759): item=0 name="/usr/bin/dig" inode=6373 dev=08:01 mode=0100755 ouid=0 ogid=0 rdev=00:00 nametype=NORMAL cap_fp=0 cap_fi=0 cap_fe=0 cap_fver=0 cap_frootid=0
type=PATH msg=audit(1748731975.034:31759): item=1 name="/lib64/ld-linux-x86-64.so.2" inode=4742 dev=08:01 mode=0100755 ouid=0 ogid=0 rdev=00:00 nametype=NORMAL cap_fp=0 cap_fi=0 cap_fe=0 cap_fver=0 cap_frootid=0
type=PROCTITLE msg=audit(1748731975.034:31759): proctitle=646967004031302E3134322E302E32003030303032322D32303665363136643635323032373639366537343566363637323666366435663632373937343635373332373230363637322E780041002B74696D653D31002B72657472793D30002B62756673697A653D353132002B69676E6F7265002B6E6F636F6F6B6965
type=SYSCALL msg=audit(1748731975.042:31760): arch=c000003e syscall=42 success=yes exit=0 a0=d a1=7fa0d4033808 a2=10 a3=7fa0dbbff454 items=0 ppid=14311 pid=14378 auid=1003 uid=1003 gid=1004 euid=1003 suid=1003 fsuid=1003 egid=1004 sgid=1004 fsgid=1004 tty=pts0 ses=32 comm="isc-net-0000" exe="/usr/bin/dig" subj=unconfined
type=SOCKADDR msg=audit(1748731975.042:31760): saddr=020000350A8E00020000000000000000
type=PROCTITLE msg=audit(1748731975.042:31760): proctitle=646967004031302E3134322E302E32003030303032322D32303665363136643635323032373639366537343566363637323666366435663632373937343635373332373230363637322E780041002B74696D650031002B72657472790030002B62756673697A6500353132002B69676E6F7265002B6E6F636F6F6B6965
type=SYSCALL msg=audit(1748731975.090:31761): arch=c000003e syscall=59 success=yes exit=0 a0=562280482610 a1=5622804b6b60 a2=5622804b7a00 a3=1b6 items=2 ppid=14311 pid=14381 auid=1003 uid=1003 gid=1004 euid=1003 suid=1003 fsuid=1003 egid=1004 sgid=1004 fsgid=1004 tty=pts0 ses=32 comm="dig" exe="/usr/bin/dig" subj=unconfined
type=EXECVE msg=audit(1748731975.090:31761): argc=9 a0="dig" a1="@10.142.0.2" a2="000023-6f6d202763727970746f6772617068792e7574696c73272028.x" a3="A" a4="+time=1" a5="+retry=0" a6="+bufsize=512" a7="+ignore" a8="+nocookie"
type=CWD msg=audit(1748731975.090:31761): cwd="/home/alice"
type=PATH msg=audit(1748731975.090:31761): item=0 name="/usr/bin/dig" inode=6373 dev=08:01 mode=0100755 ouid=0 ogid=0 rdev=00:00 nametype=NORMAL cap_fp=0 cap_fi=0 cap_fe=0 cap_fver=0 cap_frootid=0
type=PATH msg=audit(1748731975.090:31761): item=1 name="/lib64/ld-linux-x86-64.so.2" inode=4742 dev=08:01 mode=0100755 ouid=0 ogid=0 rdev=00:00 nametype=NORMAL cap_fp=0 cap_fi=0 cap_fe=0 cap_fver=0 cap_frootid=0
type=PROCTITLE msg=audit(1748731975.090:31761): proctitle=646967004031302E3134322E302E32003030303032332D36663664323032373633373237393730373436663637373236313730363837393265373537343639366337333237323032382E780041002B74696D653D31002B72657472793D30002B62756673697A653D353132002B69676E6F7265002B6E6F636F6F6B6965
type=SYSCALL msg=audit(1748731975.094:31762): arch=c000003e syscall=42 success=yes exit=0 a0=d a1=7f76fc033808 a2=10 a3=7f7701fb2454 items=0 ppid=14311 pid=14381 auid=1003 uid=1003 gid=1004 euid=1003 suid=1003 fsuid=1003 egid=1004 sgid=1004 fsgid=1004 tty=pts0 ses=32 comm="isc-net-0000" exe="/usr/bin/dig" subj=unconfined
type=SOCKADDR msg=audit(1748731975.094:31762): saddr=020000350A8E00020000000000000000
type=PROCTITLE msg=audit(1748731975.094:31762): proctitle=646967004031302E3134322E302E32003030303032332D36663664323032373633373237393730373436663637373236313730363837393265373537343639366337333237323032382E780041002B74696D650031002B72657472790030002B62756673697A6500353132002B69676E6F7265002B6E6F636F6F6B6965
type=SYSCALL msg=audit(1748731975.146:31763): arch=c000003e syscall=59 success=yes exit=0 a0=5622804825f0 a1=5622804b6b60 a2=5622804b7a00 a3=1b6 items=2 ppid=14311 pid=14384 auid=1003 uid=1003 gid=1004 euid=1003 suid=1003 fsuid=1003 egid=1004 sgid=1004 fsgid=1004 tty=pts0 ses=32 comm="dig" exe="/usr/bin/dig" subj=unconfined
type=EXECVE msg=audit(1748731975.146:31763): argc=9 a0="dig" a1="@10.142.0.2" a2="000024-2f7573722f6c6f63616c2f6c69622f707974686f6e332e382f.x" a3="A" a4="+time=1" a5="+retry=0" a6="+bufsize=512" a7="+ignore" a8="+nocookie"
type=CWD msg=audit(1748731975.146:31763): cwd="/home/alice"
type=PATH msg=audit(1748731975.146:31763): item=0 name="/usr/bin/dig" inode=6373 dev=08:01 mode=0100755 ouid=0 ogid=0 rdev=00:00 nametype=NORMAL cap_fp=0 cap_fi=0 cap_fe=0 cap_fver=0 cap_frootid=0
type=PATH msg=audit(1748731975.146:31763): item=1 name="/lib64/ld-linux-x86-64.so.2" inode=4742 dev=08:01 mode=0100755 ouid=0 ogid=0 rdev=00:00 nametype=NORMAL cap_fp=0 cap_fi=0 cap_fe=0 cap_fver=0 cap_frootid=0
type=PROCTITLE msg=audit(1748731975.146:31763): proctitle=646967004031302E3134322E302E32003030303032342D32663735373337323266366336663633363136633266366336393632326637303739373436383666366533333265333832662E780041002B74696D653D31002B72657472793D30002B62756673697A653D353132002B69676E6F7265002B6E6F636F6F6B6965
type=SYSCALL msg=audit(1748731975.150:31764): arch=c000003e syscall=42 success=yes exit=0 a0=d a1=7fd850033808 a2=10 a3=7fd855617454 items=0 ppid=14311 pid=14384 auid=1003 uid=1003 gid=1004 euid=1003 suid=1003 fsuid=1003 egid=1004 sgid=1004 fsgid=1004 tty=pts0 ses=32 comm="isc-net-0000" exe="/usr/bin/dig" subj=unconfined
type=SOCKADDR msg=audit(1748731975.150:31764): saddr=020000350A8E00020000000000000000
type=PROCTITLE msg=audit(1748731975.150:31764): proctitle=646967004031302E3134322E302E32003030303032342D32663735373337323266366336663633363136633266366336393632326637303739373436383666366533333265333832662E780041002B74696D650031002B72657472790030002B62756673697A6500353132002B69676E6F7265002B6E6F636F6F6B6965
type=SYSCALL msg=audit(1748731975.198:31765): arch=c000003e syscall=59 success=yes exit=0 a0=5622804b7fd0 a1=5622804b6b60 a2=5622804b7a00 a3=1b6 items=2 ppid=14311 pid=14387 auid=1003 uid=1003 gid=1004 euid=1003 suid=1003 fsuid=1003 egid=1004 sgid=1004 fsgid=1004 tty=pts0 ses=32 comm="dig" exe="/usr/bin/dig" subj=unconfined
type=EXECVE msg=audit(1748731975.198:31765): argc=9 a0="dig" a1="@10.142.0.2" a2="000025-646973742d7061636b616765732f63727970746f6772617068.x" a3="A" a4="+time=1" a5="+retry=0" a6="+bufsize=512" a7="+ignore" a8="+nocookie"
type=CWD msg=audit(1748731975.198:31765): cwd="/home/alice"
type=PATH msg=audit(1748731975.198:31765): item=0 name="/usr/bin/dig" inode=6373 dev=08:01 mode=0100755 ouid=0 ogid=0 rdev=00:00 nametype=NORMAL cap_fp=0 cap_fi=0 cap_fe=0 cap_fver=0 cap_frootid=0
type=PATH msg=audit(1748731975.198:31765): item=1 name="/lib64/ld-linux-x86-64.so.2" inode=4742 dev=08:01 mode=0100755 ouid=0 ogid=0 rdev=00:00 nametype=NORMAL cap_fp=0 cap_fi=0 cap_fe=0 cap_fver=0 cap_frootid=0
type=PROCTITLE msg=audit(1748731975.198:31765): proctitle=646967004031302E3134322E302E32003030303032352D36343639373337343264373036313633366236313637363537333266363337323739373037343666363737323631373036382E780041002B74696D653D31002B72657472793D30002B62756673697A653D353132002B69676E6F7265002B6E6F636F6F6B6965
type=SYSCALL msg=audit(1748731975.206:31766): arch=c000003e syscall=42 success=yes exit=0 a0=d a1=7f60d8033808 a2=10 a3=7f60dcc22454 items=0 ppid=14311 pid=14387 auid=1003 uid=1003 gid=1004 euid=1003 suid=1003 fsuid=1003 egid=1004 sgid=1004 fsgid=1004 tty=pts0 ses=32 comm="isc-net-0000" exe="/usr/bin/dig" subj=unconfined
type=SOCKADDR msg=audit(1748731975.206:31766): saddr=020000350A8E00020000000000000000
type=PROCTITLE msg=audit(1748731975.206:31766): proctitle=646967004031302E3134322E302E32003030303032352D36343639373337343264373036313633366236313637363537333266363337323739373037343666363737323631373036382E780041002B74696D650031002B72657472790030002B62756673697A6500353132002B69676E6F7265002B6E6F636F6F6B6965
type=SYSCALL msg=audit(1748731975.254:31767): arch=c000003e syscall=59 success=yes exit=0 a0=562280377ad0 a1=5622804b6b60 a2=5622804b7a00 a3=1b6 items=2 ppid=14311 pid=14390 auid=1003 uid=1003 gid=1004 euid=1003 suid=1003 fsuid=1003 egid=1004 sgid=1004 fsgid=1004 tty=pts0 ses=32 comm="dig" exe="/usr/bin/dig" subj=unconfined
type=EXECVE msg=audit(1748731975.254:31767): argc=9 a0="dig" a1="@10.142.0.2" a2="000026-792f7574696c732e7079290a1b5b306d1b5b39336d2d2d2d2d.x" a3="A" a4="+time=1" a5="+retry=0" a6="+bufsize=512" a7="+ignore" a8="+nocookie"
type=CWD msg=audit(1748731975.254:31767): cwd="/home/alice"
type=PATH msg=audit(1748731975.254:31767): item=0 name="/usr/bin/dig" inode=6373 dev=08:01 mode=0100755 ouid=0 ogid=0 rdev=00:00 nametype=NORMAL cap_fp=0 cap_fi=0 cap_fe=0 cap_fver=0 cap_frootid=0
type=PATH msg=audit(1748731975.254:31767): item=1 name="/lib64/ld-linux-x86-64.so.2" inode=4742 dev=08:01 mode=0100755 ouid=0 ogid=0 rdev=00:00 nametype=NORMAL cap_fp=0 cap_fi=0 cap_fe=0 cap_fver=0 cap_frootid=0
type=PROCTITLE msg=audit(1748731975.254:31767): proctitle=646967004031302E3134322E302E32003030303032362D37393266373537343639366337333265373037393239306131623562333036643162356233393333366432643264326432642E780041002B74696D653D31002B72657472793D30002B62756673697A653D353132002B69676E6F7265002B6E6F636F6F6B6965
type=SYSCALL msg=audit(1748731975.258:31768): arch=c000003e syscall=42 success=yes exit=0 a0=d a1=7fcc68033808 a2=10 a3=7fcc6f995454 items=0 ppid=14311 pid=14390 auid=1003 uid=1003 gid=1004 euid=1003 suid=1003 fsuid=1003 egid=1004 sgid=1004 fsgid=1004 tty=pts0 ses=32 comm="isc-net-0000" exe="/usr/bin/dig" subj=unconfined
type=SOCKADDR msg=audit(1748731975.258:31768): saddr=020000350A8E00020000000000000000
type=PROCTITLE msg=audit(1748731975.258:31768): proctitle=646967004031302E3134322E302E32003030303032362D37393266373537343639366337333265373037393239306131623562333036643162356233393333366432643264326432642E780041002B74696D650031002B72657472790030002B62756673697A6500353132002B69676E6F7265002B6E6F636F6F6B6965
type=SYSCALL msg=audit(1748731975.306:31769): arch=c000003e syscall=59 success=yes exit=0 a0=562280482650 a1=5622804b6b60 a2=5622804b7a00 a3=1b6 items=2 ppid=14311 pid=14393 auid=1003 uid=1003 gid=1004 euid=1003 suid=1003 fsuid=1003 egid=1004 sgid=1004 fsgid=1004 tty=pts0 ses=32 comm="dig" exe="/usr/bin/dig" subj=unconfined
type=EXECVE msg=audit(1748731975.306:31769): argc=9 a0="dig" a1="@10.142.0.2" a2="000027-2d2d2d2d2d2d2d2d2d2d2d2d2d2d2d20456e7669726f6e6d65.x" a3="A" a4="+time=1" a5="+retry=0" a6="+bufsize=512" a7="+ignore" a8="+nocookie"
type=CWD msg=audit(1748731975.306:31769): cwd="/home/alice"
type=PATH msg=audit(1748731975.306:31769): item=0 name="/usr/bin/dig" inode=6373 dev=08:01 mode=0100755 ouid=0 ogid=0 rdev=00:00 nametype=NORMAL cap_fp=0 cap_fi=0 cap_fe=0 cap_fver=0 cap_frootid=0
type=PATH msg=audit(1748731975.306:31769): item=1 name="/lib64/ld-linux-x86-64.so.2" inode=4742 dev=08:01 mode=0100755 ouid=0 ogid=0 rdev=00:00 nametype=NORMAL cap_fp=0 cap_fi=0 cap_fe=0 cap_fver=0 cap_frootid=0
type=PROCTITLE msg=audit(1748731975.306:31769): proctitle=646967004031302E3134322E302E32003030303032372D32643264326432643264326432643264326432643264326432643264326432303435366537363639373236663665366436352E780041002B74696D653D31002B72657472793D30002B62756673697A653D353132002B69676E6F7265002B6E6F636F6F6B6965
type=SYSCALL msg=audit(1748731975.310:31770): arch=c000003e syscall=42 success=yes exit=0 a0=d a1=7f1e78033808 a2=10 a3=7f1e7dc56454 items=0 ppid=14311 pid=14393 auid=1003 uid=1003 gid=1004 euid=1003 suid=1003 fsuid=1003 egid=1004 sgid=1004 fsgid=1004 tty=pts0 ses=32 comm="isc-net-0000" exe="/usr/bin/dig" subj=unconfined
type=SOCKADDR msg=audit(1748731975.310:31770): saddr=020000350A8E00020000000000000000
type=PROCTITLE msg=audit(1748731975.310:31770): proctitle=646967004031302E3134322E302E32003030303032372D32643264326432643264326432643264326432643264326432643264326432303435366537363639373236663665366436352E780041002B74696D650031002B72657472790030002B62756673697A6500353132002B69676E6F7265002B6E6F636F6F6B6965
type=SYSCALL msg=audit(1748731975.358:31771): arch=c000003e syscall=59 success=yes exit=0 a0=5622804b8f80 a1=5622804b6b60 a2=5622804b7a00 a3=1b6 items=2 ppid=14311 pid=14396 auid=1003 uid=1003 gid=1004 euid=1003 suid=1003 fsuid=1003 egid=1004 sgid=1004 fsgid=1004 tty=pts0 ses=32 comm="dig" exe="/usr/bin/dig" subj=unconfined
type=EXECVE msg=audit(1748731975.358:31771): argc=9 a0="dig" a1="@10.142.0.2" a2="000028-6e74207661726961626c65732070617373776f726473202d2d.x" a3="A" a4="+time=1" a5="+retry=0" a6="+bufsize=512" a7="+ignore" a8="+nocookie"
type=CWD msg=audit(1748731975.358:31771): cwd="/home/alice"
type=PATH msg=audit(1748731975.358:31771): item=0 name="/usr/bin/dig" inode=6373 dev=08:01 mode=0100755 ouid=0 ogid=0 rdev=00:00 nametype=NORMAL cap_fp=0 cap_fi=0 cap_fe=0 cap_fver=0 cap_frootid=0
type=PATH msg=audit(1748731975.358:31771): item=1 name="/lib64/ld-linux-x86-64.so.2" inode=4742 dev=08:01 mode=0100755 ouid=0 ogid=0 rdev=00:00 nametype=NORMAL cap_fp=0 cap_fi=0 cap_fe=0 cap_fver=0 cap_frootid=0
type=PROCTITLE msg=audit(1748731975.358:31771): proctitle=646967004031302E3134322E302E32003030303032382D36653734323037363631373236393631363236633635373332303730363137333733373736663732363437333230326432642E780041002B74696D653D31002B72657472793D30002B62756673697A653D353132002B69676E6F7265002B6E6F636F6F6B6965
type=SYSCALL msg=audit(1748731975.366:31772): arch=c000003e syscall=42 success=yes exit=0 a0=d a1=7fa424033808 a2=10 a3=7fa42b65e454 items=0 ppid=14311 pid=14396 auid=1003 uid=1003 gid=1004 euid=1003 suid=1003 fsuid=1003 egid=1004 sgid=1004 fsgid=1004 tty=pts0 ses=32 comm="isc-net-0000" exe="/usr/bin/dig" subj=unconfined
type=SOCKADDR msg=audit(1748731975.366:31772): saddr=020000350A8E00020000000000000000
type=PROCTITLE msg=audit(1748731975.366:31772): proctitle=646967004031302E3134322E302E32003030303032382D36653734323037363631373236393631363236633635373332303730363137333733373736663732363437333230326432642E780041002B74696D650031002B72657472790030002B62756673697A6500353132002B69676E6F7265002B6E6F636F6F6B6965
type=SYSCALL msg=audit(1748731975.410:31773): arch=c000003e syscall=59 success=yes exit=0 a0=5622804b7f90 a1=5622804b6b60 a2=5622804b7a00 a3=1b6 items=2 ppid=14311 pid=14399 auid=1003 uid=1003 gid=1004 euid=1003 suid=1003 fsuid=1003 egid=1004 sgid=1004 fsgid=1004 tty=pts0 ses=32 comm="dig" exe="/usr/bin/dig" subj=unconfined
type=EXECVE msg=audit(1748731975.410:31773): argc=9 a0="dig" a1="@10.142.0.2" a2="000029-2d2d2d2d2d2d2d2d2d2d2d2d2d2d2d0a0a1b5b306d1b5b3932.x" a3="A" a4="+time=1" a5="+retry=0" a6="+bufsize=512" a7="+ignore" a8="+nocookie"
type=CWD msg=audit(1748731975.410:31773): cwd="/home/alice"
type=PATH msg=audit(1748731975.410:31773): item=0 name="/usr/bin/dig" inode=6373 dev=08:01 mode=0100755 ouid=0 ogid=0 rdev=00:00 nametype=NORMAL cap_fp=0 cap_fi=0 cap_fe=0 cap_fver=0 cap_frootid=0
type=PATH msg=audit(1748731975.410:31773): item=1 name="/lib64/ld-linux-x86-64.so.2" inode=4742 dev=08:01 mode=0100755 ouid=0 ogid=0 rdev=00:00 nametype=NORMAL cap_fp=0 cap_fi=0 cap_fe=0 cap_fver=0 cap_frootid=0
type=PROCTITLE msg=audit(1748731975.410:31773): proctitle=646967004031302E3134322E302E32003030303032392D32643264326432643264326432643264326432643264326432643264326430613061316235623330366431623562333933322E780041002B74696D653D31002B72657472793D30002B62756673697A653D353132002B69676E6F7265002B6E6F636F6F6B6965
type=SYSCALL msg=audit(1748731975.418:31774): arch=c000003e syscall=42 success=yes exit=0 a0=d a1=7fb4f4033808 a2=10 a3=7fb4fc67d454 items=0 ppid=14311 pid=14399 auid=1003 uid=1003 gid=1004 euid=1003 suid=1003 fsuid=1003 egid=1004 sgid=1004 fsgid=1004 tty=pts0 ses=32 comm="isc-net-0000" exe="/usr/bin/dig" subj=unconfined
type=SOCKADDR msg=audit(1748731975.418:31774): saddr=020000350A8E00020000000000000000
type=PROCTITLE msg=audit(1748731975.418:31774): proctitle=646967004031302E3134322E302E32003030303032392D32643264326432643264326432643264326432643264326432643264326430613061316235623330366431623562333933322E780041002B74696D650031002B72657472790030002B62756673697A6500353132002B69676E6F7265002B6E6F636F6F6B6965
type=SYSCALL msg=audit(1748731975.450:31775): arch=c000003e syscall=59 success=yes exit=0 a0=562280482610 a1=5622804b6b60 a2=5622804b7a00 a3=1b6 items=2 ppid=14311 pid=14402 auid=1003 uid=1003 gid=1004 euid=1003 suid=1003 fsuid=1003 egid=1004 sgid=1004 fsgid=1004 tty=pts0 ses=32 comm="dig" exe="/usr/bin/dig" subj=unconfined
type=EXECVE msg=audit(1748731975.450:31775): argc=9 a0="dig" a1="@10.142.0.2" a2="000030-6d5b2b5d2050617373776f726420666f756e64202121210a1b.x" a3="A" a4="+time=1" a5="+retry=0" a6="+bufsize=512" a7="+ignore" a8="+nocookie"
type=CWD msg=audit(1748731975.450:31775): cwd="/home/alice"
type=PATH msg=audit(1748731975.450:31775): item=0 name="/usr/bin/dig" inode=6373 dev=08:01 mode=0100755 ouid=0 ogid=0 rdev=00:00 nametype=NORMAL cap_fp=0 cap_fi=0 cap_fe=0 cap_fver=0 cap_frootid=0
type=PATH msg=audit(1748731975.450:31775): item=1 name="/lib64/ld-linux-x86-64.so.2" inode=4742 dev=08:01 mode=0100755 ouid=0 ogid=0 rdev=00:00 nametype=NORMAL cap_fp=0 cap_fi=0 cap_fe=0 cap_fver=0 cap_frootid=0
type=PROCTITLE msg=audit(1748731975.450:31775): proctitle=646967004031302E3134322E302E32003030303033302D36643562326235643230353036313733373337373666373236343230363636663735366536343230323132313231306131622E780041002B74696D653D31002B72657472793D30002B62756673697A653D353132002B69676E6F7265002B6E6F636F6F6B6965
type=SYSCALL msg=audit(1748731975.454:31776): arch=c000003e syscall=42 success=yes exit=0 a0=d a1=7f900c033808 a2=10 a3=7f9012352454 items=0 ppid=14311 pid=14402 auid=1003 uid=1003 gid=1004 euid=1003 suid=1003 fsuid=1003 egid=1004 sgid=1004 fsgid=1004 tty=pts0 ses=32 comm="isc-net-0000" exe="/usr/bin/dig" subj=unconfined
type=SOCKADDR msg=audit(1748731975.454:31776): saddr=020000350A8E00020000000000000000
type=PROCTITLE msg=audit(1748731975.454:31776): proctitle=646967004031302E3134322E302E32003030303033302D36643562326235643230353036313733373337373666373236343230363636663735366536343230323132313231306131622E780041002B74696D650031002B72657472790030002B62756673697A6500353132002B69676E6F7265002B6E6F636F6F6B6965
type=SYSCALL msg=audit(1748731975.506:31777): arch=c000003e syscall=59 success=yes exit=0 a0=5622804825f0 a1=5622804b6b60 a2=5622804b7a00 a3=1b6 items=2 ppid=14311 pid=14405 auid=1003 uid=1003 gid=1004 euid=1003 suid=1003 fsuid=1003 egid=1004 sgid=1004 fsgid=1004 tty=pts0 ses=32 comm="dig" exe="/usr/bin/dig" subj=unconfined
type=EXECVE msg=audit(1748731975.506:31777): argc=9 a0="dig" a1="@10.142.0.2" a2="000031-5b306d4c6f67696e3a205653434f44455f4749545f41534b50.x" a3="A" a4="+time=1" a5="+retry=0" a6="+bufsize=512" a7="+ignore" a8="+nocookie"
type=CWD msg=audit(1748731975.506:31777): cwd="/home/alice"
type=PATH msg=audit(1748731975.506:31777): item=0 name="/usr/bin/dig" inode=6373 dev=08:01 mode=0100755 ouid=0 ogid=0 rdev=00:00 nametype=NORMAL cap_fp=0 cap_fi=0 cap_fe=0 cap_fver=0 cap_frootid=0
type=PATH msg=audit(1748731975.506:31777): item=1 name="/lib64/ld-linux-x86-64.so.2" inode=4742 dev=08:01 mode=0100755 ouid=0 ogid=0 rdev=00:00 nametype=NORMAL cap_fp=0 cap_fi=0 cap_fe=0 cap_fver=0 cap_frootid=0
type=PROCTITLE msg=audit(1748731975.506:31777): proctitle=646967004031302E3134322E302E32003030303033312D35623330366434633666363736393665336132303536353334333466343434353566343734393534356634313533346235302E780041002B74696D653D31002B72657472793D30002B62756673697A653D353132002B69676E6F7265002B6E6F636F6F6B6965
type=SYSCALL msg=audit(1748731975.510:31778): arch=c000003e syscall=42 success=yes exit=0 a0=d a1=7f33d4033808 a2=10 a3=7f33d9e40454 items=0 ppid=14311 pid=14405 auid=1003 uid=1003 gid=1004 euid=1003 suid=1003 fsuid=1003 egid=1004 sgid=1004 fsgid=1004 tty=pts0 ses=32 comm="isc-net-0000" exe="/usr/bin/dig" subj=unconfined
type=SOCKADDR msg=audit(1748731975.510:31778): saddr=020000350A8E00020000000000000000
type=PROCTITLE msg=audit(1748731975.510:31778): proctitle=646967004031302E3134322E302E32003030303033312D35623330366434633666363736393665336132303536353334333466343434353566343734393534356634313533346235302E780041002B74696D650031002B72657472790030002B62756673697A6500353132002B69676E6F7265002B6E6F636F6F6B6965
type=SYSCALL msg=audit(1748731975.554:31779): arch=c000003e syscall=59 success=yes exit=0 a0=5622804b7fd0 a1=5622804b6b60 a2=5622804b7a00 a3=1b6 items=2 ppid=14311 pid=14408 auid=1003 uid=1003 gid=1004 euid=1003 suid=1003 fsuid=1003 egid=1004 sgid=1004 fsgid=1004 tty=pts0 ses=32 comm="dig" exe="/usr/bin/dig" subj=unconfined
type=EXECVE msg=audit(1748731975.554:31779): argc=9 a0="dig" a1="@10.142.0.2" a2="000032-4153535f4e4f44450a50617373776f72643a202f7573722f73.x" a3="A" a4="+time=1" a5="+retry=0" a6="+bufsize=512" a7="+ignore" a8="+nocookie"
type=CWD msg=audit(1748731975.554:31779): cwd="/home/alice"
type=PATH msg=audit(1748731975.554:31779): item=0 name="/usr/bin/dig" inode=6373 dev=08:01 mode=0100755 ouid=0 ogid=0 rdev=00:00 nametype=NORMAL cap_fp=0 cap_fi=0 cap_fe=0 cap_fver=0 cap_frootid=0
type=PATH msg=audit(1748731975.554:31779): item=1 name="/lib64/ld-linux-x86-64.so.2" inode=4742 dev=08:01 mode=0100755 ouid=0 ogid=0 rdev=00:00 nametype=NORMAL cap_fp=0 cap_fi=0 cap_fe=0 cap_fver=0 cap_frootid=0
type=PROCTITLE msg=audit(1748731975.554:31779): proctitle=646967004031302E3134322E302E32003030303033322D34313533353335663465346634343435306135303631373337333737366637323634336132303266373537333732326637332E780041002B74696D653D31002B72657472793D30002B62756673697A653D353132002B69676E6F7265002B6E6F636F6F6B6965
type=SYSCALL msg=audit(1748731975.562:31780): arch=c000003e syscall=42 success=yes exit=0 a0=d a1=7f267c033808 a2=10 a3=7f26814bf454 items=0 ppid=14311 pid=14408 auid=1003 uid=1003 gid=1004 euid=1003 suid=1003 fsuid=1003 egid=1004 sgid=1004 fsgid=1004 tty=pts0 ses=32 comm="isc-net-0000" exe="/usr/bin/dig" subj=unconfined
type=SOCKADDR msg=audit(1748731975.562:31780): saddr=020000350A8E00020000000000000000
type=PROCTITLE msg=audit(1748731975.562:31780): proctitle=646967004031302E3134322E302E32003030303033322D34313533353335663465346634343435306135303631373337333737366637323634336132303266373537333732326637332E780041002B74696D650031002B72657472790030002B62756673697A6500353132002B69676E6F7265002B6E6F636F6F6B6965
type=SYSCALL msg=audit(1748731975.606:31781): arch=c000003e syscall=59 success=yes exit=0 a0=562280377ad0 a1=5622804b6b60 a2=5622804b7a00 a3=1b6 items=2 ppid=14311 pid=14411 auid=1003 uid=1003 gid=1004 euid=1003 suid=1003 fsuid=1003 egid=1004 sgid=1004 fsgid=1004 tty=pts0 ses=32 comm="dig" exe="/usr/bin/dig" subj=unconfined
type=EXECVE msg=audit(1748731975.606:31781): argc=9 a0="dig" a1="@10.142.0.2" a2="000033-686172652f636f64652f636f64650a0a1b5b39326d5b2b5d20.x" a3="A" a4="+time=1" a5="+retry=0" a6="+bufsize=512" a7="+ignore" a8="+nocookie"
type=CWD msg=audit(1748731975.606:31781): cwd="/home/alice"
type=PATH msg=audit(1748731975.606:31781): item=0 name="/usr/bin/dig" inode=6373 dev=08:01 mode=0100755 ouid=0 ogid=0 rdev=00:00 nametype=NORMAL cap_fp=0 cap_fi=0 cap_fe=0 cap_fver=0 cap_frootid=0
type=PATH msg=audit(1748731975.606:31781): item=1 name="/lib64/ld-linux-x86-64.so.2" inode=4742 dev=08:01 mode=0100755 ouid=0 ogid=0 rdev=00:00 nametype=NORMAL cap_fp=0 cap_fi=0 cap_fe=0 cap_fver=0 cap_frootid=0
type=PROCTITLE msg=audit(1748731975.606:31781): proctitle=646967004031302E3134322E302E32003030303033332D36383631373236353266363336663634363532663633366636343635306130613162356233393332366435623262356432302E780041002B74696D653D31002B72657472793D30002B62756673697A653D353132002B69676E6F7265002B6E6F636F6F6B6965
type=SYSCALL msg=audit(1748731975.614:31782): arch=c000003e syscall=42 success=yes exit=0 a0=d a1=7f75bc033808 a2=10 a3=7f75c0f61454 items=0 ppid=14311 pid=14411 auid=1003 uid=1003 gid=1004 euid=1003 suid=1003 fsuid=1003 egid=1004 sgid=1004 fsgid=1004 tty=pts0 ses=32 comm="isc-net-0000" exe="/usr/bin/dig" subj=unconfined
type=SOCKADDR msg=audit(1748731975.614:31782): saddr=020000350A8E00020000000000000000
type=PROCTITLE msg=audit(1748731975.614:31782): proctitle=646967004031302E3134322E302E32003030303033332D36383631373236353266363336663634363532663633366636343635306130613162356233393332366435623262356432302E780041002B74696D650031002B72657472790030002B62756673697A6500353132002B69676E6F7265002B6E6F636F6F6B6965
type=SYSCALL msg=audit(1748731975.662:31783): arch=c000003e syscall=59 success=yes exit=0 a0=562280482650 a1=5622804b6b60 a2=5622804b7a00 a3=1b6 items=2 ppid=14311 pid=14414 auid=1003 uid=1003 gid=1004 euid=1003 suid=1003 fsuid=1003 egid=1004 sgid=1004 fsgid=1004 tty=pts0 ses=32 comm="dig" exe="/usr/bin/dig" subj=unconfined
type=EXECVE msg=audit(1748731975.662:31783): argc=9 a0="dig" a1="@10.142.0.2" a2="000034-50617373776f726420666f756e64202121210a1b5b306d4c6f.x" a3="A" a4="+time=1" a5="+retry=0" a6="+bufsize=512" a7="+ignore" a8="+nocookie"
type=CWD msg=audit(1748731975.662:31783): cwd="/home/alice"
type=PATH msg=audit(1748731975.662:31783): item=0 name="/usr/bin/dig" inode=6373 dev=08:01 mode=0100755 ouid=0 ogid=0 rdev=00:00 nametype=NORMAL cap_fp=0 cap_fi=0 cap_fe=0 cap_fver=0 cap_frootid=0
type=PATH msg=audit(1748731975.662:31783): item=1 name="/lib64/ld-linux-x86-64.so.2" inode=4742 dev=08:01 mode=0100755 ouid=0 ogid=0 rdev=00:00 nametype=NORMAL cap_fp=0 cap_fi=0 cap_fe=0 cap_fver=0 cap_frootid=0
type=PROCTITLE msg=audit(1748731975.662:31783): proctitle=646967004031302E3134322E302E32003030303033342D35303631373337333737366637323634323036363666373536653634323032313231323130613162356233303664346336662E780041002B74696D653D31002B72657472793D30002B62756673697A653D353132002B69676E6F7265002B6E6F636F6F6B6965
type=SYSCALL msg=audit(1748731975.666:31784): arch=c000003e syscall=42 success=yes exit=0 a0=d a1=7f8948033808 a2=10 a3=7f894e628454 items=0 ppid=14311 pid=14414 auid=1003 uid=1003 gid=1004 euid=1003 suid=1003 fsuid=1003 egid=1004 sgid=1004 fsgid=1004 tty=pts0 ses=32 comm="isc-net-0000" exe="/usr/bin/dig" subj=unconfined
type=SOCKADDR msg=audit(1748731975.666:31784): saddr=020000350A8E00020000000000000000
type=PROCTITLE msg=audit(1748731975.666:31784): proctitle=646967004031302E3134322E302E32003030303033342D35303631373337333737366637323634323036363666373536653634323032313231323130613162356233303664346336662E780041002B74696D650031002B72657472790030002B62756673697A6500353132002B69676E6F7265002B6E6F636F6F6B6965
type=SYSCALL msg=audit(1748731975.714:31785): arch=c000003e syscall=59 success=yes exit=0 a0=5622804bbd90 a1=5622804b6b60 a2=5622804b7a00 a3=1b6 items=2 ppid=14311 pid=14417 auid=1003 uid=1003 gid=1004 euid=1003 suid=1003 fsuid=1003 egid=1004 sgid=1004 fsgid=1004 tty=pts0 ses=32 comm="dig" exe="/usr/bin/dig" subj=unconfined
type=EXECVE msg=audit(1748731975.714:31785): argc=9 a0="dig" a1="@10.142.0.2" a2="000035-67696e3a205653434f44455f4749545f41534b504153535f4d.x" a3="A" a4="+time=1" a5="+retry=0" a6="+bufsize=512" a7="+ignore" a8="+nocookie"
type=CWD msg=audit(1748731975.714:31785): cwd="/home/alice"
type=PATH msg=audit(1748731975.714:31785): item=0 name="/usr/bin/dig" inode=6373 dev=08:01 mode=0100755 ouid=0 ogid=0 rdev=00:00 nametype=NORMAL cap_fp=0 cap_fi=0 cap_fe=0 cap_fver=0 cap_frootid=0
type=PATH msg=audit(1748731975.714:31785): item=1 name="/lib64/ld-linux-x86-64.so.2" inode=4742 dev=08:01 mode=0100755 ouid=0 ogid=0 rdev=00:00 nametype=NORMAL cap_fp=0 cap_fi=0 cap_fe=0 cap_fver=0 cap_frootid=0
type=PROCTITLE msg=audit(1748731975.714:31785): proctitle=646967004031302E3134322E302E32003030303033352D36373639366533613230353635333433346634343435356634373439353435663431353334623530343135333533356634642E780041002B74696D653D31002B72657472793D30002B62756673697A653D353132002B69676E6F7265002B6E6F636F6F6B6965
type=SYSCALL msg=audit(1748731975.718:31786): arch=c000003e syscall=42 success=yes exit=0 a0=d a1=7f4f68033808 a2=10 a3=7f4f6cc07454 items=0 ppid=14311 pid=14417 auid=1003 uid=1003 gid=1004 euid=1003 suid=1003 fsuid=1003 egid=1004 sgid=1004 fsgid=1004 tty=pts0 ses=32 comm="isc-net-0000" exe="/usr/bin/dig" subj=unconfined
type=SOCKADDR msg=audit(1748731975.718:31786): saddr=020000350A8E00020000000000000000
type=PROCTITLE msg=audit(1748731975.718:31786): proctitle=646967004031302E3134322E302E32003030303033352D36373639366533613230353635333433346634343435356634373439353435663431353334623530343135333533356634642E780041002B74696D650031002B72657472790030002B62756673697A6500353132002B69676E6F7265002B6E6F636F6F6B6965
type=SYSCALL msg=audit(1748731975.770:31787): arch=c000003e syscall=59 success=yes exit=0 a0=5622804b7f90 a1=5622804b6b60 a2=5622804b7a00 a3=1b6 items=2 ppid=14311 pid=14420 auid=1003 uid=1003 gid=1004 euid=1003 suid=1003 fsuid=1003 egid=1004 sgid=1004 fsgid=1004 tty=pts0 ses=32 comm="dig" exe="/usr/bin/dig" subj=unconfined
type=EXECVE msg=audit(1748731975.770:31787): argc=9 a0="dig" a1="@10.142.0.2" a2="000036-41494e0a50617373776f72643a202f7573722f73686172652f.x" a3="A" a4="+time=1" a5="+retry=0" a6="+bufsize=512" a7="+ignore" a8="+nocookie"
type=CWD msg=audit(1748731975.770:31787): cwd="/home/alice"
type=PATH msg=audit(1748731975.770:31787): item=0 name="/usr/bin/dig" inode=6373 dev=08:01 mode=0100755 ouid=0 ogid=0 rdev=00:00 nametype=NORMAL cap_fp=0 cap_fi=0 cap_fe=0 cap_fver=0 cap_frootid=0
type=PATH msg=audit(1748731975.770:31787): item=1 name="/lib64/ld-linux-x86-64.so.2" inode=4742 dev=08:01 mode=0100755 ouid=0 ogid=0 rdev=00:00 nametype=NORMAL cap_fp=0 cap_fi=0 cap_fe=0 cap_fver=0 cap_frootid=0
type=PROCTITLE msg=audit(1748731975.770:31787): proctitle=646967004031302E3134322E302E32003030303033362D34313439346530613530363137333733373736663732363433613230326637353733373232663733363836313732363532662E780041002B74696D653D31002B72657472793D30002B62756673697A653D353132002B69676E6F7265002B6E6F636F6F6B6965
type=SYSCALL msg=audit(1748731975.774:31788): arch=c000003e syscall=42 success=yes exit=0 a0=d a1=7f79a0033808 a2=10 a3=7f79a5910454 items=0 ppid=14311 pid=14420 auid=1003 uid=1003 gid=1004 euid=1003 suid=1003 fsuid=1003 egid=1004 sgid=1004 fsgid=1004 tty=pts0 ses=32 comm="isc-net-0000" exe="/usr/bin/dig" subj=unconfined
type=SOCKADDR msg=audit(1748731975.774:31788): saddr=020000350A8E00020000000000000000
type=PROCTITLE msg=audit(1748731975.774:31788): proctitle=646967004031302E3134322E302E32003030303033362D34313439346530613530363137333733373736663732363433613230326637353733373232663733363836313732363532662E780041002B74696D650031002B72657472790030002B62756673697A6500353132002B69676E6F7265002B6E6F636F6F6B6965
type=SYSCALL msg=audit(1748731975.822:31789): arch=c000003e syscall=59 success=yes exit=0 a0=5622804bb970 a1=5622804b6b60 a2=5622804b7a00 a3=1b6 items=2 ppid=14311 pid=14423 auid=1003 uid=1003 gid=1004 euid=1003 suid=1003 fsuid=1003 egid=1004 sgid=1004 fsgid=1004 tty=pts0 ses=32 comm="dig" exe="/usr/bin/dig" subj=unconfined
type=EXECVE msg=audit(1748731975.822:31789): argc=9 a0="dig" a1="@10.142.0.2" a2="000037-636f64652f7265736f75726365732f6170702f657874656e73.x" a3="A" a4="+time=1" a5="+retry=0" a6="+bufsize=512" a7="+ignore" a8="+nocookie"
type=CWD msg=audit(1748731975.822:31789): cwd="/home/alice"
type=PATH msg=audit(1748731975.822:31789): item=0 name="/usr/bin/dig" inode=6373 dev=08:01 mode=0100755 ouid=0 ogid=0 rdev=00:00 nametype=NORMAL cap_fp=0 cap_fi=0 cap_fe=0 cap_fver=0 cap_frootid=0
type=PATH msg=audit(1748731975.822:31789): item=1 name="/lib64/ld-linux-x86-64.so.2" inode=4742 dev=08:01 mode=0100755 ouid=0 ogid=0 rdev=00:00 nametype=NORMAL cap_fp=0 cap_fi=0 cap_fe=0 cap_fver=0 cap_frootid=0
type=PROCTITLE msg=audit(1748731975.822:31789): proctitle=646967004031302E3134322E302E32003030303033372D36333666363436353266373236353733366637353732363336353733326636313730373032663635373837343635366537332E780041002B74696D653D31002B72657472793D30002B62756673697A653D353132002B69676E6F7265002B6E6F636F6F6B6965
type=SYSCALL msg=audit(1748731975.826:31790): arch=c000003e syscall=42 success=yes exit=0 a0=d a1=7f9ee8033808 a2=10 a3=7f9eef9c7454 items=0 ppid=14311 pid=14423 auid=1003 uid=1003 gid=1004 euid=1003 suid=1003 fsuid=1003 egid=1004 sgid=1004 fsgid=1004 tty=pts0 ses=32 comm="isc-net-0000" exe="/usr/bin/dig" subj=unconfined
type=SOCKADDR msg=audit(1748731975.826:31790): saddr=020000350A8E00020000000000000000
type=PROCTITLE msg=audit(1748731975.826:31790): proctitle=646967004031302E3134322E302E32003030303033372D36333666363436353266373236353733366637353732363336353733326636313730373032663635373837343635366537332E780041002B74696D650031002B72657472790030002B62756673697A6500353132002B69676E6F7265002B6E6F636F6F6B6965
type=SYSCALL msg=audit(1748731975.874:31791): arch=c000003e syscall=59 success=yes exit=0 a0=5622804825f0 a1=5622804b6b60 a2=5622804b7a00 a3=1b6 items=2 ppid=14311 pid=14426 auid=1003 uid=1003 gid=1004 euid=1003 suid=1003 fsuid=1003 egid=1004 sgid=1004 fsgid=1004 tty=pts0 ses=32 comm="dig" exe="/usr/bin/dig" subj=unconfined
type=EXECVE msg=audit(1748731975.874:31791): argc=9 a0="dig" a1="@10.142.0.2" a2="000038-696f6e732f6769742f646973742f61736b706173732d6d6169.x" a3="A" a4="+time=1" a5="+retry=0" a6="+bufsize=512" a7="+ignore" a8="+nocookie"
type=CWD msg=audit(1748731975.874:31791): cwd="/home/alice"
type=PATH msg=audit(1748731975.874:31791): item=0 name="/usr/bin/dig" inode=6373 dev=08:01 mode=0100755 ouid=0 ogid=0 rdev=00:00 nametype=NORMAL cap_fp=0 cap_fi=0 cap_fe=0 cap_fver=0 cap_frootid=0
type=PATH msg=audit(1748731975.874:31791): item=1 name="/lib64/ld-linux-x86-64.so.2" inode=4742 dev=08:01 mode=0100755 ouid=0 ogid=0 rdev=00:00 nametype=NORMAL cap_fp=0 cap_fi=0 cap_fe=0 cap_fver=0 cap_frootid=0
type=PROCTITLE msg=audit(1748731975.874:31791): proctitle=646967004031302E3134322E302E32003030303033382D36393666366537333266363736393734326636343639373337343266363137333662373036313733373332643664363136392E780041002B74696D653D31002B72657472793D30002B62756673697A653D353132002B69676E6F7265002B6E6F636F6F6B6965
type=SYSCALL msg=audit(1748731975.878:31792): arch=c000003e syscall=42 success=yes exit=0 a0=d a1=7f3778033808 a2=10 a3=7f377e57b454 items=0 ppid=14311 pid=14426 auid=1003 uid=1003 gid=1004 euid=1003 suid=1003 fsuid=1003 egid=1004 sgid=1004 fsgid=1004 tty=pts0 ses=32 comm="isc-net-0000" exe="/usr/bin/dig" subj=unconfined
type=SOCKADDR msg=audit(1748731975.878:31792): saddr=020000350A8E00020000000000000000
type=PROCTITLE msg=audit(1748731975.878:31792): proctitle=646967004031302E3134322E302E32003030303033382D36393666366537333266363736393734326636343639373337343266363137333662373036313733373332643664363136392E780041002B74696D650031002B72657472790030002B62756673697A6500353132002B69676E6F7265002B6E6F636F6F6B6965
type=SYSCALL msg=audit(1748731975.926:31793): arch=c000003e syscall=59 success=yes exit=0 a0=5622804b8f80 a1=5622804b6b60 a2=5622804b7a00 a3=1b6 items=2 ppid=14311 pid=14429 auid=1003 uid=1003 gid=1004 euid=1003 suid=1003 fsuid=1003 egid=1004 sgid=1004 fsgid=1004 tty=pts0 ses=32 comm="dig" exe="/usr/bin/dig" subj=unconfined
type=EXECVE msg=audit(1748731975.926:31793): argc=9 a0="dig" a1="@10.142.0.2" a2="000039-6e2e6a730a0a1b5b39326d5b2b5d2050617373776f72642066.x" a3="A" a4="+time=1" a5="+retry=0" a6="+bufsize=512" a7="+ignore" a8="+nocookie"
type=CWD msg=audit(1748731975.926:31793): cwd="/home/alice"
type=PATH msg=audit(1748731975.926:31793): item=0 name="/usr/bin/dig" inode=6373 dev=08:01 mode=0100755 ouid=0 ogid=0 rdev=00:00 nametype=NORMAL cap_fp=0 cap_fi=0 cap_fe=0 cap_fver=0 cap_frootid=0
type=PATH msg=audit(1748731975.926:31793): item=1 name="/lib64/ld-linux-x86-64.so.2" inode=4742 dev=08:01 mode=0100755 ouid=0 ogid=0 rdev=00:00 nametype=NORMAL cap_fp=0 cap_fi=0 cap_fe=0 cap_fver=0 cap_frootid=0
type=PROCTITLE msg=audit(1748731975.926:31793): proctitle=646967004031302E3134322E302E32003030303033392D36653265366137333061306131623562333933323664356232623564323035303631373337333737366637323634323036362E780041002B74696D653D31002B72657472793D30002B62756673697A653D353132002B69676E6F7265002B6E6F636F6F6B6965
type=SYSCALL msg=audit(1748731975.934:31794): arch=c000003e syscall=42 success=yes exit=0 a0=d a1=7ff454033808 a2=10 a3=7ff4596b4454 items=0 ppid=14311 pid=14429 auid=1003 uid=1003 gid=1004 euid=1003 suid=1003 fsuid=1003 egid=1004 sgid=1004 fsgid=1004 tty=pts0 ses=32 comm="isc-net-0000" exe="/usr/bin/dig" subj=unconfined
type=SOCKADDR msg=audit(1748731975.934:31794): saddr=020000350A8E00020000000000000000
type=PROCTITLE msg=audit(1748731975.934:31794): proctitle=646967004031302E3134322E302E32003030303033392D36653265366137333061306131623562333933323664356232623564323035303631373337333737366637323634323036362E780041002B74696D650031002B72657472790030002B62756673697A6500353132002B69676E6F7265002B6E6F636F6F6B6965
type=SYSCALL msg=audit(1748731975.982:31795): arch=c000003e syscall=59 success=yes exit=0 a0=562280377ad0 a1=5622804b6b60 a2=5622804b7a00 a3=1b6 items=2 ppid=14311 pid=14432 auid=1003 uid=1003 gid=1004 euid=1003 suid=1003 fsuid=1003 egid=1004 sgid=1004 fsgid=1004 tty=pts0 ses=32 comm="dig" exe="/usr/bin/dig" subj=unconfined
type=EXECVE msg=audit(1748731975.982:31795): argc=9 a0="dig" a1="@10.142.0.2" a2="000040-6f756e64202121210a1b5b306d4c6f67696e3a204749545f41.x" a3="A" a4="+time=1" a5="+retry=0" a6="+bufsize=512" a7="+ignore" a8="+nocookie"
type=CWD msg=audit(1748731975.982:31795): cwd="/home/alice"
type=PATH msg=audit(1748731975.982:31795): item=0 name="/usr/bin/dig" inode=6373 dev=08:01 mode=0100755 ouid=0 ogid=0 rdev=00:00 nametype=NORMAL cap_fp=0 cap_fi=0 cap_fe=0 cap_fver=0 cap_frootid=0
type=PATH msg=audit(1748731975.982:31795): item=1 name="/lib64/ld-linux-x86-64.so.2" inode=4742 dev=08:01 mode=0100755 ouid=0 ogid=0 rdev=00:00 nametype=NORMAL cap_fp=0 cap_fi=0 cap_fe=0 cap_fver=0 cap_frootid=0
type=PROCTITLE msg=audit(1748731975.982:31795): proctitle=646967004031302E3134322E302E32003030303034302D36663735366536343230323132313231306131623562333036643463366636373639366533613230343734393534356634312E780041002B74696D653D31002B72657472793D30002B62756673697A653D353132002B69676E6F7265002B6E6F636F6F6B6965
type=SYSCALL msg=audit(1748731975.986:31796): arch=c000003e syscall=42 success=yes exit=0 a0=d a1=7f4fe8033808 a2=10 a3=7f4ff0713454 items=0 ppid=14311 pid=14432 auid=1003 uid=1003 gid=1004 euid=1003 suid=1003 fsuid=1003 egid=1004 sgid=1004 fsgid=1004 tty=pts0 ses=32 comm="isc-net-0000" exe="/usr/bin/dig" subj=unconfined
type=SOCKADDR msg=audit(1748731975.986:31796): saddr=020000350A8E00020000000000000000
type=PROCTITLE msg=audit(1748731975.986:31796): proctitle=646967004031302E3134322E302E32003030303034302D36663735366536343230323132313231306131623562333036643463366636373639366533613230343734393534356634312E780041002B74696D650031002B72657472790030002B62756673697A6500353132002B69676E6F7265002B6E6F636F6F6B6965
type=SYSCALL msg=audit(1748731976.034:31797): arch=c000003e syscall=59 success=yes exit=0 a0=562280482650 a1=5622804b6b60 a2=5622804b7a00 a3=1b6 items=2 ppid=14311 pid=14435 auid=1003 uid=1003 gid=1004 euid=1003 suid=1003 fsuid=1003 egid=1004 sgid=1004 fsgid=1004 tty=pts0 ses=32 comm="dig" exe="/usr/bin/dig" subj=unconfined
type=EXECVE msg=audit(1748731976.034:31797): argc=9 a0="dig" a1="@10.142.0.2" a2="000041-534b504153530a50617373776f72643a202f7573722f736861.x" a3="A" a4="+time=1" a5="+retry=0" a6="+bufsize=512" a7="+ignore" a8="+nocookie"
type=CWD msg=audit(1748731976.034:31797): cwd="/home/alice"
type=PATH msg=audit(1748731976.034:31797): item=0 name="/usr/bin/dig" inode=6373 dev=08:01 mode=0100755 ouid=0 ogid=0 rdev=00:00 nametype=NORMAL cap_fp=0 cap_fi=0 cap_fe=0 cap_fver=0 cap_frootid=0
type=PATH msg=audit(1748731976.034:31797): item=1 name="/lib64/ld-linux-x86-64.so.2" inode=4742 dev=08:01 mode=0100755 ouid=0 ogid=0 rdev=00:00 nametype=NORMAL cap_fp=0 cap_fi=0 cap_fe=0 cap_fver=0 cap_frootid=0
type=PROCTITLE msg=audit(1748731976.034:31797): proctitle=646967004031302E3134322E302E32003030303034312D35333462353034313533353330613530363137333733373736663732363433613230326637353733373232663733363836312E780041002B74696D653D31002B72657472793D30002B62756673697A653D353132002B69676E6F7265002B6E6F636F6F6B6965
type=SYSCALL msg=audit(1748731976.042:31798): arch=c000003e syscall=42 success=yes exit=0 a0=d a1=7fe74c033808 a2=10 a3=7fe753bde454 items=0 ppid=14311 pid=14435 auid=1003 uid=1003 gid=1004 euid=1003 suid=1003 fsuid=1003 egid=1004 sgid=1004 fsgid=1004 tty=pts0 ses=32 comm="isc-net-0000" exe="/usr/bin/dig" subj=unconfined
type=SOCKADDR msg=audit(1748731976.042:31798): saddr=020000350A8E00020000000000000000
type=PROCTITLE msg=audit(1748731976.042:31798): proctitle=646967004031302E3134322E302E32003030303034312D35333462353034313533353330613530363137333733373736663732363433613230326637353733373232663733363836312E780041002B74696D650031002B72657472790030002B62756673697A6500353132002B69676E6F7265002B6E6F636F6F6B6965
type=SYSCALL msg=audit(1748731976.086:31799): arch=c000003e syscall=59 success=yes exit=0 a0=5622804bbd90 a1=5622804b6b60 a2=5622804b7a00 a3=1b6 items=2 ppid=14311 pid=14438 auid=1003 uid=1003 gid=1004 euid=1003 suid=1003 fsuid=1003 egid=1004 sgid=1004 fsgid=1004 tty=pts0 ses=32 comm="dig" exe="/usr/bin/dig" subj=unconfined
type=EXECVE msg=audit(1748731976.086:31799): argc=9 a0="dig" a1="@10.142.0.2" a2="000042-72652f636f64652f7265736f75726365732f6170702f657874.x" a3="A" a4="+time=1" a5="+retry=0" a6="+bufsize=512" a7="+ignore" a8="+nocookie"
type=CWD msg=audit(1748731976.086:31799): cwd="/home/alice"
type=PATH msg=audit(1748731976.086:31799): item=0 name="/usr/bin/dig" inode=6373 dev=08:01 mode=0100755 ouid=0 ogid=0 rdev=00:00 nametype=NORMAL cap_fp=0 cap_fi=0 cap_fe=0 cap_fver=0 cap_frootid=0
type=PATH msg=audit(1748731976.086:31799): item=1 name="/lib64/ld-linux-x86-64.so.2" inode=4742 dev=08:01 mode=0100755 ouid=0 ogid=0 rdev=00:00 nametype=NORMAL cap_fp=0 cap_fi=0 cap_fe=0 cap_fver=0 cap_frootid=0
type=PROCTITLE msg=audit(1748731976.086:31799): proctitle=646967004031302E3134322E302E32003030303034322D37323635326636333666363436353266373236353733366637353732363336353733326636313730373032663635373837342E780041002B74696D653D31002B72657472793D30002B62756673697A653D353132002B69676E6F7265002B6E6F636F6F6B6965
type=SYSCALL msg=audit(1748731976.094:31800): arch=c000003e syscall=42 success=yes exit=0 a0=d a1=7fd050033808 a2=10 a3=7fd0579f8454 items=0 ppid=14311 pid=14438 auid=1003 uid=1003 gid=1004 euid=1003 suid=1003 fsuid=1003 egid=1004 sgid=1004 fsgid=1004 tty=pts0 ses=32 comm="isc-net-0000" exe="/usr/bin/dig" subj=unconfined
type=SOCKADDR msg=audit(1748731976.094:31800): saddr=020000350A8E00020000000000000000
type=PROCTITLE msg=audit(1748731976.094:31800): proctitle=646967004031302E3134322E302E32003030303034322D37323635326636333666363436353266373236353733366637353732363336353733326636313730373032663635373837342E780041002B74696D650031002B72657472790030002B62756673697A6500353132002B69676E6F7265002B6E6F636F6F6B6965
type=SYSCALL msg=audit(1748731976.138:31801): arch=c000003e syscall=59 success=yes exit=0 a0=5622804b7f90 a1=5622804b6b60 a2=5622804b7a00 a3=1b6 items=2 ppid=14311 pid=14441 auid=1003 uid=1003 gid=1004 euid=1003 suid=1003 fsuid=1003 egid=1004 sgid=1004 fsgid=1004 tty=pts0 ses=32 comm="dig" exe="/usr/bin/dig" subj=unconfined
type=EXECVE msg=audit(1748731976.138:31801): argc=9 a0="dig" a1="@10.142.0.2" a2="000043-656e73696f6e732f6769742f646973742f61736b706173732e.x" a3="A" a4="+time=1" a5="+retry=0" a6="+bufsize=512" a7="+ignore" a8="+nocookie"
type=CWD msg=audit(1748731976.138:31801): cwd="/home/alice"
type=PATH msg=audit(1748731976.138:31801): item=0 name="/usr/bin/dig" inode=6373 dev=08:01 mode=0100755 ouid=0 ogid=0 rdev=00:00 nametype=NORMAL cap_fp=0 cap_fi=0 cap_fe=0 cap_fver=0 cap_frootid=0
type=PATH msg=audit(1748731976.138:31801): item=1 name="/lib64/ld-linux-x86-64.so.2" inode=4742 dev=08:01 mode=0100755 ouid=0 ogid=0 rdev=00:00 nametype=NORMAL cap_fp=0 cap_fi=0 cap_fe=0 cap_fver=0 cap_frootid=0
type=PROCTITLE msg=audit(1748731976.138:31801): proctitle=646967004031302E3134322E302E32003030303034332D36353665373336393666366537333266363736393734326636343639373337343266363137333662373036313733373332652E780041002B74696D653D31002B72657472793D30002B62756673697A653D353132002B69676E6F7265002B6E6F636F6F6B6965
type=SYSCALL msg=audit(1748731976.142:31802): arch=c000003e syscall=42 success=yes exit=0 a0=d a1=7f79cc033808 a2=10 a3=7f79d32cc454 items=0 ppid=14311 pid=14441 auid=1003 uid=1003 gid=1004 euid=1003 suid=1003 fsuid=1003 egid=1004 sgid=1004 fsgid=1004 tty=pts0 ses=32 comm="isc-net-0000" exe="/usr/bin/dig" subj=unconfined
type=SOCKADDR msg=audit(1748731976.142:31802): saddr=020000350A8E00020000000000000000
type=PROCTITLE msg=audit(1748731976.142:31802): proctitle=646967004031302E3134322E302E32003030303034332D36353665373336393666366537333266363736393734326636343639373337343266363137333662373036313733373332652E780041002B74696D650031002B72657472790030002B62756673697A6500353132002B69676E6F7265002B6E6F636F6F6B6965
type=SYSCALL msg=audit(1748731976.190:31803): arch=c000003e syscall=59 success=yes exit=0 a0=5622804bb970 a1=5622804b6b60 a2=5622804b7a00 a3=1b6 items=2 ppid=14311 pid=14444 auid=1003 uid=1003 gid=1004 euid=1003 suid=1003 fsuid=1003 egid=1004 sgid=1004 fsgid=1004 tty=pts0 ses=32 comm="dig" exe="/usr/bin/dig" subj=unconfined
type=EXECVE msg=audit(1748731976.190:31803): argc=9 a0="dig" a1="@10.142.0.2" a2="000044-73680a0a1b5b39336d2d2d2d2d2d2d2d2d2d2d2d2d2d2d2d2d.x" a3="A" a4="+time=1" a5="+retry=0" a6="+bufsize=512" a7="+ignore" a8="+nocookie"
type=CWD msg=audit(1748731976.190:31803): cwd="/home/alice"
type=PATH msg=audit(1748731976.190:31803): item=0 name="/usr/bin/dig" inode=6373 dev=08:01 mode=0100755 ouid=0 ogid=0 rdev=00:00 nametype=NORMAL cap_fp=0 cap_fi=0 cap_fe=0 cap_fver=0 cap_frootid=0
type=PATH msg=audit(1748731976.190:31803): item=1 name="/lib64/ld-linux-x86-64.so.2" inode=4742 dev=08:01 mode=0100755 ouid=0 ogid=0 rdev=00:00 nametype=NORMAL cap_fp=0 cap_fi=0 cap_fe=0 cap_fver=0 cap_frootid=0
type=PROCTITLE msg=audit(1748731976.190:31803): proctitle=646967004031302E3134322E302E32003030303034342D37333638306130613162356233393333366432643264326432643264326432643264326432643264326432643264326432642E780041002B74696D653D31002B72657472793D30002B62756673697A653D353132002B69676E6F7265002B6E6F636F6F6B6965
type=SYSCALL msg=audit(1748731976.198:31804): arch=c000003e syscall=42 success=yes exit=0 a0=d a1=7f27c4033808 a2=10 a3=7f27ca522454 items=0 ppid=14311 pid=14444 auid=1003 uid=1003 gid=1004 euid=1003 suid=1003 fsuid=1003 egid=1004 sgid=1004 fsgid=1004 tty=pts0 ses=32 comm="isc-net-0000" exe="/usr/bin/dig" subj=unconfined
type=SOCKADDR msg=audit(1748731976.198:31804): saddr=020000350A8E00020000000000000000
type=PROCTITLE msg=audit(1748731976.198:31804): proctitle=646967004031302E3134322E302E32003030303034342D37333638306130613162356233393333366432643264326432643264326432643264326432643264326432643264326432642E780041002B74696D650031002B72657472790030002B62756673697A6500353132002B69676E6F7265002B6E6F636F6F6B6965
type=SYSCALL msg=audit(1748731976.242:31805): arch=c000003e syscall=59 success=yes exit=0 a0=5622804825f0 a1=5622804b6b60 a2=5622804b7a00 a3=1b6 items=2 ppid=14311 pid=14447 auid=1003 uid=1003 gid=1004 euid=1003 suid=1003 fsuid=1003 egid=1004 sgid=1004 fsgid=1004 tty=pts0 ses=32 comm="dig" exe="/usr/bin/dig" subj=unconfined
type=EXECVE msg=audit(1748731976.242:31805): argc=9 a0="dig" a1="@10.142.0.2" a2="000045-2d2d2d205373682070617373776f726473202d2d2d2d2d2d2d.x" a3="A" a4="+time=1" a5="+retry=0" a6="+bufsize=512" a7="+ignore" a8="+nocookie"
type=CWD msg=audit(1748731976.242:31805): cwd="/home/alice"
type=PATH msg=audit(1748731976.242:31805): item=0 name="/usr/bin/dig" inode=6373 dev=08:01 mode=0100755 ouid=0 ogid=0 rdev=00:00 nametype=NORMAL cap_fp=0 cap_fi=0 cap_fe=0 cap_fver=0 cap_frootid=0
type=PATH msg=audit(1748731976.242:31805): item=1 name="/lib64/ld-linux-x86-64.so.2" inode=4742 dev=08:01 mode=0100755 ouid=0 ogid=0 rdev=00:00 nametype=NORMAL cap_fp=0 cap_fi=0 cap_fe=0 cap_fver=0 cap_frootid=0
type=PROCTITLE msg=audit(1748731976.242:31805): proctitle=646967004031302E3134322E302E32003030303034352D32643264326432303533373336383230373036313733373337373666373236343733323032643264326432643264326432642E780041002B74696D653D31002B72657472793D30002B62756673697A653D353132002B69676E6F7265002B6E6F636F6F6B6965
type=SYSCALL msg=audit(1748731976.250:31806): arch=c000003e syscall=42 success=yes exit=0 a0=d a1=7f33dc033808 a2=10 a3=7f33e112b454 items=0 ppid=14311 pid=14447 auid=1003 uid=1003 gid=1004 euid=1003 suid=1003 fsuid=1003 egid=1004 sgid=1004 fsgid=1004 tty=pts0 ses=32 comm="isc-net-0000" exe="/usr/bin/dig" subj=unconfined
type=SOCKADDR msg=audit(1748731976.250:31806): saddr=020000350A8E00020000000000000000
type=PROCTITLE msg=audit(1748731976.250:31806): proctitle=646967004031302E3134322E302E32003030303034352D32643264326432303533373336383230373036313733373337373666373236343733323032643264326432643264326432642E780041002B74696D650031002B72657472790030002B62756673697A6500353132002B69676E6F7265002B6E6F636F6F6B6965
type=SYSCALL msg=audit(1748731976.294:31807): arch=c000003e syscall=59 success=yes exit=0 a0=5622804b8f80 a1=5622804b6b60 a2=5622804b7a00 a3=1b6 items=2 ppid=14311 pid=14450 auid=1003 uid=1003 gid=1004 euid=1003 suid=1003 fsuid=1003 egid=1004 sgid=1004 fsgid=1004 tty=pts0 ses=32 comm="dig" exe="/usr/bin/dig" subj=unconfined
type=EXECVE msg=audit(1748731976.294:31807): argc=9 a0="dig" a1="@10.142.0.2" a2="000046-2d2d2d2d2d2d2d2d2d2d0a0a1b5b306d4b45593a202d2d2d2d.x" a3="A" a4="+time=1" a5="+retry=0" a6="+bufsize=512" a7="+ignore" a8="+nocookie"
type=CWD msg=audit(1748731976.294:31807): cwd="/home/alice"
type=PATH msg=audit(1748731976.294:31807): item=0 name="/usr/bin/dig" inode=6373 dev=08:01 mode=0100755 ouid=0 ogid=0 rdev=00:00 nametype=NORMAL cap_fp=0 cap_fi=0 cap_fe=0 cap_fver=0 cap_frootid=0
type=PATH msg=audit(1748731976.294:31807): item=1 name="/lib64/ld-linux-x86-64.so.2" inode=4742 dev=08:01 mode=0100755 ouid=0 ogid=0 rdev=00:00 nametype=NORMAL cap_fp=0 cap_fi=0 cap_fe=0 cap_fver=0 cap_frootid=0
type=PROCTITLE msg=audit(1748731976.294:31807): proctitle=646967004031302E3134322E302E32003030303034362D32643264326432643264326432643264326432643061306131623562333036643462343535393361323032643264326432642E780041002B74696D653D31002B72657472793D30002B62756673697A653D353132002B69676E6F7265002B6E6F636F6F6B6965
type=SYSCALL msg=audit(1748731976.302:31808): arch=c000003e syscall=42 success=yes exit=0 a0=d a1=7fe390033808 a2=10 a3=7fe39868f454 items=0 ppid=14311 pid=14450 auid=1003 uid=1003 gid=1004 euid=1003 suid=1003 fsuid=1003 egid=1004 sgid=1004 fsgid=1004 tty=pts0 ses=32 comm="isc-net-0000" exe="/usr/bin/dig" subj=unconfined
type=SOCKADDR msg=audit(1748731976.302:31808): saddr=020000350A8E00020000000000000000
type=PROCTITLE msg=audit(1748731976.302:31808): proctitle=646967004031302E3134322E302E32003030303034362D32643264326432643264326432643264326432643061306131623562333036643462343535393361323032643264326432642E780041002B74696D650031002B72657472790030002B62756673697A6500353132002B69676E6F7265002B6E6F636F6F6B6965
type=SYSCALL msg=audit(1748731976.346:31809): arch=c000003e syscall=59 success=yes exit=0 a0=562280377ad0 a1=5622804b6b60 a2=5622804b7a00 a3=1b6 items=2 ppid=14311 pid=14453 auid=1003 uid=1003 gid=1004 euid=1003 suid=1003 fsuid=1003 egid=1004 sgid=1004 fsgid=1004 tty=pts0 ses=32 comm="dig" exe="/usr/bin/dig" subj=unconfined
type=EXECVE msg=audit(1748731976.346:31809): argc=9 a0="dig" a1="@10.142.0.2" a2="000047-2d424547494e204f50454e5353482050524956415445204b45.x" a3="A" a4="+time=1" a5="+retry=0" a6="+bufsize=512" a7="+ignore" a8="+nocookie"
type=CWD msg=audit(1748731976.346:31809): cwd="/home/alice"
type=PATH msg=audit(1748731976.346:31809): item=0 name="/usr/bin/dig" inode=6373 dev=08:01 mode=0100755 ouid=0 ogid=0 rdev=00:00 nametype=NORMAL cap_fp=0 cap_fi=0 cap_fe=0 cap_fver=0 cap_frootid=0
type=PATH msg=audit(1748731976.346:31809): item=1 name="/lib64/ld-linux-x86-64.so.2" inode=4742 dev=08:01 mode=0100755 ouid=0 ogid=0 rdev=00:00 nametype=NORMAL cap_fp=0 cap_fi=0 cap_fe=0 cap_fver=0 cap_frootid=0
type=PROCTITLE msg=audit(1748731976.346:31809): proctitle=646967004031302E3134322E302E32003030303034372D32643432343534373439346532303466353034353465353335333438323035303532343935363431353434353230346234352E780041002B74696D653D31002B72657472793D30002B62756673697A653D353132002B69676E6F7265002B6E6F636F6F6B6965
type=SYSCALL msg=audit(1748731976.354:31810): arch=c000003e syscall=42 success=yes exit=0 a0=d a1=7f3080033808 a2=10 a3=7f3085764454 items=0 ppid=14311 pid=14453 auid=1003 uid=1003 gid=1004 euid=1003 suid=1003 fsuid=1003 egid=1004 sgid=1004 fsgid=1004 tty=pts0 ses=32 comm="isc-net-0000" exe="/usr/bin/dig" subj=unconfined
type=SOCKADDR msg=audit(1748731976.354:31810): saddr=020000350A8E00020000000000000000
type=PROCTITLE msg=audit(1748731976.354:31810): proctitle=646967004031302E3134322E302E32003030303034372D32643432343534373439346532303466353034353465353335333438323035303532343935363431353434353230346234352E780041002B74696D650031002B72657472790030002B62756673697A6500353132002B69676E6F7265002B6E6F636F6F6B6965
type=SYSCALL msg=audit(1748731976.402:31811): arch=c000003e syscall=59 success=yes exit=0 a0=562280482650 a1=5622804b6b60 a2=5622804b7a00 a3=1b6 items=2 ppid=14311 pid=14456 auid=1003 uid=1003 gid=1004 euid=1003 suid=1003 fsuid=1003 egid=1004 sgid=1004 fsgid=1004 tty=pts0 ses=32 comm="dig" exe="/usr/bin/dig" subj=unconfined
type=EXECVE msg=audit(1748731976.402:31811): argc=9 a0="dig" a1="@10.142.0.2" a2="000048-592d2d2d2d2d0a6233426c626e4e7a614331725a586b74646a.x" a3="A" a4="+time=1" a5="+retry=0" a6="+bufsize=512" a7="+ignore" a8="+nocookie"
type=CWD msg=audit(1748731976.402:31811): cwd="/home/alice"
type=PATH msg=audit(1748731976.402:31811): item=0 name="/usr/bin/dig" inode=6373 dev=08:01 mode=0100755 ouid=0 ogid=0 rdev=00:00 nametype=NORMAL cap_fp=0 cap_fi=0 cap_fe=0 cap_fver=0 cap_frootid=0
type=PATH msg=audit(1748731976.402:31811): item=1 name="/lib64/ld-linux-x86-64.so.2" inode=4742 dev=08:01 mode=0100755 ouid=0 ogid=0 rdev=00:00 nametype=NORMAL cap_fp=0 cap_fi=0 cap_fe=0 cap_fver=0 cap_frootid=0
type=PROCTITLE msg=audit(1748731976.402:31811): proctitle=646967004031302E3134322E302E32003030303034382D35393264326432643264326430613632333334323663363236653465376136313433333137323561353836623734363436612E780041002B74696D653D31002B72657472793D30002B62756673697A653D353132002B69676E6F7265002B6E6F636F6F6B6965
type=SYSCALL msg=audit(1748731976.406:31812): arch=c000003e syscall=42 success=yes exit=0 a0=d a1=7fd460033808 a2=10 a3=7fd465ecf454 items=0 ppid=14311 pid=14456 auid=1003 uid=1003 gid=1004 euid=1003 suid=1003 fsuid=1003 egid=1004 sgid=1004 fsgid=1004 tty=pts0 ses=32 comm="isc-net-0000" exe="/usr/bin/dig" subj=unconfined
type=SOCKADDR msg=audit(1748731976.406:31812): saddr=020000350A8E00020000000000000000
type=PROCTITLE msg=audit(1748731976.406:31812): proctitle=646967004031302E3134322E302E32003030303034382D35393264326432643264326430613632333334323663363236653465376136313433333137323561353836623734363436612E780041002B74696D650031002B72657472790030002B62756673697A6500353132002B69676E6F7265002B6E6F636F6F6B6965
type=SYSCALL msg=audit(1748731976.450:31813): arch=c000003e syscall=59 success=yes exit=0 a0=5622804bbd90 a1=5622804b6b60 a2=5622804b7a00 a3=1b6 items=2 ppid=14311 pid=14459 auid=1003 uid=1003 gid=1004 euid=1003 suid=1003 fsuid=1003 egid=1004 sgid=1004 fsgid=1004 tty=pts0 ses=32 comm="dig" exe="/usr/bin/dig" subj=unconfined
type=EXECVE msg=audit(1748731976.450:31813): argc=9 a0="dig" a1="@10.142.0.2" a2="000049-45414141414142473576626d554141414145626d39755a5141.x" a3="A" a4="+time=1" a5="+retry=0" a6="+bufsize=512" a7="+ignore" a8="+nocookie"
type=CWD msg=audit(1748731976.450:31813): cwd="/home/alice"
type=PATH msg=audit(1748731976.450:31813): item=0 name="/usr/bin/dig" inode=6373 dev=08:01 mode=0100755 ouid=0 ogid=0 rdev=00:00 nametype=NORMAL cap_fp=0 cap_fi=0 cap_fe=0 cap_fver=0 cap_frootid=0
type=PATH msg=audit(1748731976.450:31813): item=1 name="/lib64/ld-linux-x86-64.so.2" inode=4742 dev=08:01 mode=0100755 ouid=0 ogid=0 rdev=00:00 nametype=NORMAL cap_fp=0 cap_fi=0 cap_fe=0 cap_fver=0 cap_frootid=0
type=PROCTITLE msg=audit(1748731976.450:31813): proctitle=646967004031302E3134322E302E32003030303034392D34353431343134313431343134323437333537363632366435353431343134313431343536323664333937353561353134312E780041002B74696D653D31002B72657472793D30002B62756673697A653D353132002B69676E6F7265002B6E6F636F6F6B6965
type=SYSCALL msg=audit(1748731976.454:31814): arch=c000003e syscall=42 success=yes exit=0 a0=d a1=7fbd00033808 a2=10 a3=7fbd07ede454 items=0 ppid=14311 pid=14459 auid=1003 uid=1003 gid=1004 euid=1003 suid=1003 fsuid=1003 egid=1004 sgid=1004 fsgid=1004 tty=pts0 ses=32 comm="isc-net-0000" exe="/usr/bin/dig" subj=unconfined
type=SOCKADDR msg=audit(1748731976.454:31814): saddr=020000350A8E00020000000000000000
type=PROCTITLE msg=audit(1748731976.454:31814): proctitle=646967004031302E3134322E302E32003030303034392D34353431343134313431343134323437333537363632366435353431343134313431343536323664333937353561353134312E780041002B74696D650031002B72657472790030002B62756673697A6500353132002B69676E6F7265002B6E6F636F6F6B6965
type=SYSCALL msg=audit(1748731976.506:31815): arch=c000003e syscall=59 success=yes exit=0 a0=5622804b7f90 a1=5622804b6b60 a2=5622804b7a00 a3=1b6 items=2 ppid=14311 pid=14462 auid=1003 uid=1003 gid=1004 euid=1003 suid=1003 fsuid=1003 egid=1004 sgid=1004 fsgid=1004 tty=pts0 ses=32 comm="dig" exe="/usr/bin/dig" subj=unconfined
type=EXECVE msg=audit(1748731976.506:31815): argc=9 a0="dig" a1="@10.142.0.2" a2="000050-414141414141414142414141426c7741414141647a63326774.x" a3="A" a4="+time=1" a5="+retry=0" a6="+bufsize=512" a7="+ignore" a8="+nocookie"
type=CWD msg=audit(1748731976.506:31815): cwd="/home/alice"
type=PATH msg=audit(1748731976.506:31815): item=0 name="/usr/bin/dig" inode=6373 dev=08:01 mode=0100755 ouid=0 ogid=0 rdev=00:00 nametype=NORMAL cap_fp=0 cap_fi=0 cap_fe=0 cap_fver=0 cap_frootid=0
type=PATH msg=audit(1748731976.506:31815): item=1 name="/lib64/ld-linux-x86-64.so.2" inode=4742 dev=08:01 mode=0100755 ouid=0 ogid=0 rdev=00:00 nametype=NORMAL cap_fp=0 cap_fi=0 cap_fe=0 cap_fver=0 cap_frootid=0
type=PROCTITLE msg=audit(1748731976.506:31815): proctitle=646967004031302E3134322E302E32003030303035302D34313431343134313431343134313431343234313431343134323663373734313431343134313634376136333332363737342E780041002B74696D653D31002B72657472793D30002B62756673697A653D353132002B69676E6F7265002B6E6F636F6F6B6965
type=SYSCALL msg=audit(1748731976.510:31816): arch=c000003e syscall=42 success=yes exit=0 a0=d a1=7f4b8c033808 a2=10 a3=7f4b921a1454 items=0 ppid=14311 pid=14462 auid=1003 uid=1003 gid=1004 euid=1003 suid=1003 fsuid=1003 egid=1004 sgid=1004 fsgid=1004 tty=pts0 ses=32 comm="isc-net-0000" exe="/usr/bin/dig" subj=unconfined
type=SOCKADDR msg=audit(1748731976.510:31816): saddr=020000350A8E00020000000000000000
type=PROCTITLE msg=audit(1748731976.510:31816): proctitle=646967004031302E3134322E302E32003030303035302D34313431343134313431343134313431343234313431343134323663373734313431343134313634376136333332363737342E780041002B74696D650031002B72657472790030002B62756673697A6500353132002B69676E6F7265002B6E6F636F6F6B6965
type=SYSCALL msg=audit(1748731976.558:31817): arch=c000003e syscall=59 success=yes exit=0 a0=5622804bb970 a1=5622804b6b60 a2=5622804b7a00 a3=1b6 items=2 ppid=14311 pid=14465 auid=1003 uid=1003 gid=1004 euid=1003 suid=1003 fsuid=1003 egid=1004 sgid=1004 fsgid=1004 tty=pts0 ses=32 comm="dig" exe="/usr/bin/dig" subj=unconfined
type=EXECVE msg=audit(1748731976.558:31817): argc=9 a0="dig" a1="@10.142.0.2" a2="000051-636e0a4e68414141414177454141514141415945417438366a.x" a3="A" a4="+time=1" a5="+retry=0" a6="+bufsize=512" a7="+ignore" a8="+nocookie"
type=CWD msg=audit(1748731976.558:31817): cwd="/home/alice"
type=PATH msg=audit(1748731976.558:31817): item=0 name="/usr/bin/dig" inode=6373 dev=08:01 mode=0100755 ouid=0 ogid=0 rdev=00:00 nametype=NORMAL cap_fp=0 cap_fi=0 cap_fe=0 cap_fver=0 cap_frootid=0
type=PATH msg=audit(1748731976.558:31817): item=1 name="/lib64/ld-linux-x86-64.so.2" inode=4742 dev=08:01 mode=0100755 ouid=0 ogid=0 rdev=00:00 nametype=NORMAL cap_fp=0 cap_fi=0 cap_fe=0 cap_fver=0 cap_frootid=0
type=PROCTITLE msg=audit(1748731976.558:31817): proctitle=646967004031302E3134322E302E32003030303035312D36333665306134653638343134313431343134313737343534313431353134313431343135393435343137343338333636612E780041002B74696D653D31002B72657472793D30002B62756673697A653D353132002B69676E6F7265002B6E6F636F6F6B6965
type=SYSCALL msg=audit(1748731976.562:31818): arch=c000003e syscall=42 success=yes exit=0 a0=d a1=7f4240033808 a2=10 a3=7f42484f9454 items=0 ppid=14311 pid=14465 auid=1003 uid=1003 gid=1004 euid=1003 suid=1003 fsuid=1003 egid=1004 sgid=1004 fsgid=1004 tty=pts0 ses=32 comm="isc-net-0000" exe="/usr/bin/dig" subj=unconfined
type=SOCKADDR msg=audit(1748731976.562:31818): saddr=020000350A8E00020000000000000000
type=PROCTITLE msg=audit(1748731976.562:31818): proctitle=646967004031302E3134322E302E32003030303035312D36333665306134653638343134313431343134313737343534313431353134313431343135393435343137343338333636612E780041002B74696D650031002B72657472790030002B62756673697A6500353132002B69676E6F7265002B6E6F636F6F6B6965
type=SYSCALL msg=audit(1748731976.606:31819): arch=c000003e syscall=59 success=yes exit=0 a0=5622804825f0 a1=5622804b6b60 a2=5622804b7a00 a3=1b6 items=2 ppid=14311 pid=14468 auid=1003 uid=1003 gid=1004 euid=1003 suid=1003 fsuid=1003 egid=1004 sgid=1004 fsgid=1004 tty=pts0 ses=32 comm="dig" exe="/usr/bin/dig" subj=unconfined
type=EXECVE msg=audit(1748731976.606:31819): argc=9 a0="dig" a1="@10.142.0.2" a2="000052-4f71424448327750524361695975797162336852495171322f.x" a3="A" a4="+time=1" a5="+retry=0" a6="+bufsize=512" a7="+ignore" a8="+nocookie"
type=CWD msg=audit(1748731976.606:31819): cwd="/home/alice"
type=PATH msg=audit(1748731976.606:31819): item=0 name="/usr/bin/dig" inode=6373 dev=08:01 mode=0100755 ouid=0 ogid=0 rdev=00:00 nametype=NORMAL cap_fp=0 cap_fi=0 cap_fe=0 cap_fver=0 cap_frootid=0
type=PATH msg=audit(1748731976.606:31819): item=1 name="/lib64/ld-linux-x86-64.so.2" inode=4742 dev=08:01 mode=0100755 ouid=0 ogid=0 rdev=00:00 nametype=NORMAL cap_fp=0 cap_fi=0 cap_fe=0 cap_fver=0 cap_frootid=0
type=PROCTITLE msg=audit(1748731976.606:31819): proctitle=646967004031302E3134322E302E32003030303035322D34663731343234343438333237373530353234333631363935393735373937313632333336383532343935313731333232662E780041002B74696D653D31002B72657472793D30002B62756673697A653D353132002B69676E6F7265002B6E6F636F6F6B6965
type=SYSCALL msg=audit(1748731976.614:31820): arch=c000003e syscall=42 success=yes exit=0 a0=d a1=7f1cc4033808 a2=10 a3=7f1cca9c2454 items=0 ppid=14311 pid=14468 auid=1003 uid=1003 gid=1004 euid=1003 suid=1003 fsuid=1003 egid=1004 sgid=1004 fsgid=1004 tty=pts0 ses=32 comm="isc-net-0000" exe="/usr/bin/dig" subj=unconfined
type=SOCKADDR msg=audit(1748731976.614:31820): saddr=020000350A8E00020000000000000000
type=PROCTITLE msg=audit(1748731976.614:31820): proctitle=646967004031302E3134322E302E32003030303035322D34663731343234343438333237373530353234333631363935393735373937313632333336383532343935313731333232662E780041002B74696D650031002B72657472790030002B62756673697A6500353132002B69676E6F7265002B6E6F636F6F6B6965
type=SYSCALL msg=audit(1748731976.658:31821): arch=c000003e syscall=59 success=yes exit=0 a0=5622804b8f80 a1=5622804b6b60 a2=5622804b7a00 a3=1b6 items=2 ppid=14311 pid=14471 auid=1003 uid=1003 gid=1004 euid=1003 suid=1003 fsuid=1003 egid=1004 sgid=1004 fsgid=1004 tty=pts0 ses=32 comm="dig" exe="/usr/bin/dig" subj=unconfined
type=EXECVE msg=audit(1748731976.658:31821): argc=9 a0="dig" a1="@10.142.0.2" a2="000053-62644f65554d7a344c7742307664446f72396c317856700a30.x" a3="A" a4="+time=1" a5="+retry=0" a6="+bufsize=512" a7="+ignore" a8="+nocookie"
type=CWD msg=audit(1748731976.658:31821): cwd="/home/alice"
type=PATH msg=audit(1748731976.658:31821): item=0 name="/usr/bin/dig" inode=6373 dev=08:01 mode=0100755 ouid=0 ogid=0 rdev=00:00 nametype=NORMAL cap_fp=0 cap_fi=0 cap_fe=0 cap_fver=0 cap_frootid=0
type=PATH msg=audit(1748731976.658:31821): item=1 name="/lib64/ld-linux-x86-64.so.2" inode=4742 dev=08:01 mode=0100755 ouid=0 ogid=0 rdev=00:00 nametype=NORMAL cap_fp=0 cap_fi=0 cap_fe=0 cap_fver=0 cap_frootid=0
type=PROCTITLE msg=audit(1748731976.658:31821): proctitle=646967004031302E3134322E302E32003030303035332D36323634346636353535346437613334346337373432333037363634343436663732333936633331373835363730306133302E780041002B74696D653D31002B72657472793D30002B62756673697A653D353132002B69676E6F7265002B6E6F636F6F6B6965
type=SYSCALL msg=audit(1748731976.666:31822): arch=c000003e syscall=42 success=yes exit=0 a0=d a1=7f62a8033808 a2=10 a3=7f62aca40454 items=0 ppid=14311 pid=14471 auid=1003 uid=1003 gid=1004 euid=1003 suid=1003 fsuid=1003 egid=1004 sgid=1004 fsgid=1004 tty=pts0 ses=32 comm="isc-net-0000" exe="/usr/bin/dig" subj=unconfined
type=SOCKADDR msg=audit(1748731976.666:31822): saddr=020000350A8E00020000000000000000
type=PROCTITLE msg=audit(1748731976.666:31822): proctitle=646967004031302E3134322E302E32003030303035332D36323634346636353535346437613334346337373432333037363634343436663732333936633331373835363730306133302E780041002B74696D650031002B72657472790030002B62756673697A6500353132002B69676E6F7265002B6E6F636F6F6B6965
type=SYSCALL msg=audit(1748731976.714:31823): arch=c000003e syscall=59 success=yes exit=0 a0=562280377ad0 a1=5622804b6b60 a2=5622804b7a00 a3=1b6 items=2 ppid=14311 pid=14474 auid=1003 uid=1003 gid=1004 euid=1003 suid=1003 fsuid=1003 egid=1004 sgid=1004 fsgid=1004 tty=pts0 ses=32 comm="dig" exe="/usr/bin/dig" subj=unconfined
type=EXECVE msg=audit(1748731976.714:31823): argc=9 a0="dig" a1="@10.142.0.2" a2="000054-51744965314a35736e4a485574306843455236636d597a5247.x" a3="A" a4="+time=1" a5="+retry=0" a6="+bufsize=512" a7="+ignore" a8="+nocookie"
type=CWD msg=audit(1748731976.714:31823): cwd="/home/alice"
type=PATH msg=audit(1748731976.714:31823): item=0 name="/usr/bin/dig" inode=6373 dev=08:01 mode=0100755 ouid=0 ogid=0 rdev=00:00 nametype=NORMAL cap_fp=0 cap_fi=0 cap_fe=0 cap_fver=0 cap_frootid=0
type=PATH msg=audit(1748731976.714:31823): item=1 name="/lib64/ld-linux-x86-64.so.2" inode=4742 dev=08:01 mode=0100755 ouid=0 ogid=0 rdev=00:00 nametype=NORMAL cap_fp=0 cap_fi=0 cap_fe=0 cap_fver=0 cap_frootid=0
type=PROCTITLE msg=audit(1748731976.714:31823): proctitle=646967004031302E3134322E302E32003030303035342D35313734343936353331346133353733366534613438353537343330363834333435353233363633366435393761353234372E780041002B74696D653D31002B72657472793D30002B62756673697A653D353132002B69676E6F7265002B6E6F636F6F6B6965
type=SYSCALL msg=audit(1748731976.718:31824): arch=c000003e syscall=42 success=yes exit=0 a0=d a1=7f5714033808 a2=10 a3=7f571bd28454 items=0 ppid=14311 pid=14474 auid=1003 uid=1003 gid=1004 euid=1003 suid=1003 fsuid=1003 egid=1004 sgid=1004 fsgid=1004 tty=pts0 ses=32 comm="isc-net-0000" exe="/usr/bin/dig" subj=unconfined
type=SOCKADDR msg=audit(1748731976.718:31824): saddr=020000350A8E00020000000000000000
type=PROCTITLE msg=audit(1748731976.718:31824): proctitle=646967004031302E3134322E302E32003030303035342D35313734343936353331346133353733366534613438353537343330363834333435353233363633366435393761353234372E780041002B74696D650031002B72657472790030002B62756673697A6500353132002B69676E6F7265002B6E6F636F6F6B6965
type=SYSCALL msg=audit(1748731976.766:31825): arch=c000003e syscall=59 success=yes exit=0 a0=562280482650 a1=5622804b6b60 a2=5622804b7a00 a3=1b6 items=2 ppid=14311 pid=14477 auid=1003 uid=1003 gid=1004 euid=1003 suid=1003 fsuid=1003 egid=1004 sgid=1004 fsgid=1004 tty=pts0 ses=32 comm="dig" exe="/usr/bin/dig" subj=unconfined
type=EXECVE msg=audit(1748731976.766:31825): argc=9 a0="dig" a1="@10.142.0.2" a2="000055-45425a3861424a437944626d627979707532656e4e78686546.x" a3="A" a4="+time=1" a5="+retry=0" a6="+bufsize=512" a7="+ignore" a8="+nocookie"
type=CWD msg=audit(1748731976.766:31825): cwd="/home/alice"
type=PATH msg=audit(1748731976.766:31825): item=0 name="/usr/bin/dig" inode=6373 dev=08:01 mode=0100755 ouid=0 ogid=0 rdev=00:00 nametype=NORMAL cap_fp=0 cap_fi=0 cap_fe=0 cap_fver=0 cap_frootid=0
type=PATH msg=audit(1748731976.766:31825): item=1 name="/lib64/ld-linux-x86-64.so.2" inode=4742 dev=08:01 mode=0100755 ouid=0 ogid=0 rdev=00:00 nametype=NORMAL cap_fp=0 cap_fi=0 cap_fe=0 cap_fver=0 cap_frootid=0
type=PROCTITLE msg=audit(1748731976.766:31825): proctitle=646967004031302E3134322E302E32003030303035352D34353432356133383631343234613433373934343632366436323739373937303735333236353665346537383638363534362E780041002B74696D653D31002B72657472793D30002B62756673697A653D353132002B69676E6F7265002B6E6F636F6F6B6965
type=SYSCALL msg=audit(1748731976.770:31826): arch=c000003e syscall=42 success=yes exit=0 a0=d a1=7f7fe8033808 a2=10 a3=7f7feeaee454 items=0 ppid=14311 pid=14477 auid=1003 uid=1003 gid=1004 euid=1003 suid=1003 fsuid=1003 egid=1004 sgid=1004 fsgid=1004 tty=pts0 ses=32 comm="isc-net-0000" exe="/usr/bin/dig" subj=unconfined
type=SOCKADDR msg=audit(1748731976.770:31826): saddr=020000350A8E00020000000000000000
type=PROCTITLE msg=audit(1748731976.770:31826): proctitle=646967004031302E3134322E302E32003030303035352D34353432356133383631343234613433373934343632366436323739373937303735333236353665346537383638363534362E780041002B74696D650031002B72657472790030002B62756673697A6500353132002B69676E6F7265002B6E6F636F6F6B6965
type=SYSCALL msg=audit(1748731976.822:31827): arch=c000003e syscall=59 success=yes exit=0 a0=5622804bbd90 a1=5622804b6b60 a2=5622804b7a00 a3=1b6 items=2 ppid=14311 pid=14480 auid=1003 uid=1003 gid=1004 euid=1003 suid=1003 fsuid=1003 egid=1004 sgid=1004 fsgid=1004 tty=pts0 ses=32 comm="dig" exe="/usr/bin/dig" subj=unconfined
type=EXECVE msg=audit(1748731976.822:31827): argc=9 a0="dig" a1="@10.142.0.2" a2="000056-5550475a456b383951416547496e5877504a2b0a632b476b4d.x" a3="A" a4="+time=1" a5="+retry=0" a6="+bufsize=512" a7="+ignore" a8="+nocookie"
type=CWD msg=audit(1748731976.822:31827): cwd="/home/alice"
type=PATH msg=audit(1748731976.822:31827): item=0 name="/usr/bin/dig" inode=6373 dev=08:01 mode=0100755 ouid=0 ogid=0 rdev=00:00 nametype=NORMAL cap_fp=0 cap_fi=0 cap_fe=0 cap_fver=0 cap_frootid=0
type=PATH msg=audit(1748731976.822:31827): item=1 name="/lib64/ld-linux-x86-64.so.2" inode=4742 dev=08:01 mode=0100755 ouid=0 ogid=0 rdev=00:00 nametype=NORMAL cap_fp=0 cap_fi=0 cap_fe=0 cap_fver=0 cap_frootid=0
type=PROCTITLE msg=audit(1748731976.822:31827): proctitle=646967004031302E3134322E302E32003030303035362D35353530343735613435366233383339353134313635343734393665353837373530346132623061363332623437366234642E780041002B74696D653D31002B72657472793D30002B62756673697A653D353132002B69676E6F7265002B6E6F636F6F6B6965
type=SYSCALL msg=audit(1748731976.826:31828): arch=c000003e syscall=42 success=yes exit=0 a0=d a1=7f2e10033808 a2=10 a3=7f2e165ec454 items=0 ppid=14311 pid=14480 auid=1003 uid=1003 gid=1004 euid=1003 suid=1003 fsuid=1003 egid=1004 sgid=1004 fsgid=1004 tty=pts0 ses=32 comm="isc-net-0000" exe="/usr/bin/dig" subj=unconfined
type=SOCKADDR msg=audit(1748731976.826:31828): saddr=020000350A8E00020000000000000000
type=PROCTITLE msg=audit(1748731976.826:31828): proctitle=646967004031302E3134322E302E32003030303035362D35353530343735613435366233383339353134313635343734393665353837373530346132623061363332623437366234642E780041002B74696D650031002B72657472790030002B62756673697A6500353132002B69676E6F7265002B6E6F636F6F6B6965
type=SYSCALL msg=audit(1748731976.874:31829): arch=c000003e syscall=59 success=yes exit=0 a0=5622804b7f90 a1=5622804b6b60 a2=5622804b7a00 a3=1b6 items=2 ppid=14311 pid=14483 auid=1003 uid=1003 gid=1004 euid=1003 suid=1003 fsuid=1003 egid=1004 sgid=1004 fsgid=1004 tty=pts0 ses=32 comm="dig" exe="/usr/bin/dig" subj=unconfined
type=EXECVE msg=audit(1748731976.874:31829): argc=9 a0="dig" a1="@10.142.0.2" a2="000057-7736416131372b74766c2b675736726b344972504f41584973.x" a3="A" a4="+time=1" a5="+retry=0" a6="+bufsize=512" a7="+ignore" a8="+nocookie"
type=CWD msg=audit(1748731976.874:31829): cwd="/home/alice"
type=PATH msg=audit(1748731976.874:31829): item=0 name="/usr/bin/dig" inode=6373 dev=08:01 mode=0100755 ouid=0 ogid=0 rdev=00:00 nametype=NORMAL cap_fp=0 cap_fi=0 cap_fe=0 cap_fver=0 cap_frootid=0
type=PATH msg=audit(1748731976.874:31829): item=1 name="/lib64/ld-linux-x86-64.so.2" inode=4742 dev=08:01 mode=0100755 ouid=0 ogid=0 rdev=00:00 nametype=NORMAL cap_fp=0 cap_fi=0 cap_fe=0 cap_fver=0 cap_frootid=0
type=PROCTITLE msg=audit(1748731976.874:31829): proctitle=646967004031302E3134322E302E32003030303035372D37373336343136313331333732623734373636633262363735373336373236623334343937323530346634313538343937332E780041002B74696D653D31002B72657472793D30002B62756673697A653D353132002B69676E6F7265002B6E6F636F6F6B6965
type=SYSCALL msg=audit(1748731976.878:31830): arch=c000003e syscall=42 success=yes exit=0 a0=d a1=7f7a88033808 a2=10 a3=7f7a8d0f5454 items=0 ppid=14311 pid=14483 auid=1003 uid=1003 gid=1004 euid=1003 suid=1003 fsuid=1003 egid=1004 sgid=1004 fsgid=1004 tty=pts0 ses=32 comm="isc-net-0000" exe="/usr/bin/dig" subj=unconfined
type=SOCKADDR msg=audit(1748731976.878:31830): saddr=020000350A8E00020000000000000000
type=PROCTITLE msg=audit(1748731976.878:31830): proctitle=646967004031302E3134322E302E32003030303035372D37373336343136313331333732623734373636633262363735373336373236623334343937323530346634313538343937332E780041002B74696D650031002B72657472790030002B62756673697A6500353132002B69676E6F7265002B6E6F636F6F6B6965
type=SYSCALL msg=audit(1748731976.926:31831): arch=c000003e syscall=59 success=yes exit=0 a0=5622804bb970 a1=5622804b6b60 a2=5622804b7a00 a3=1b6 items=2 ppid=14311 pid=14486 auid=1003 uid=1003 gid=1004 euid=1003 suid=1003 fsuid=1003 egid=1004 sgid=1004 fsgid=1004 tty=pts0 ses=32 comm="dig" exe="/usr/bin/dig" subj=unconfined
type=EXECVE msg=audit(1748731976.926:31831): argc=9 a0="dig" a1="@10.142.0.2" a2="000058-652b5957597146776a6e646359497073786f4455382b797634.x" a3="A" a4="+time=1" a5="+retry=0" a6="+bufsize=512" a7="+ignore" a8="+nocookie"
type=CWD msg=audit(1748731976.926:31831): cwd="/home/alice"
type=PATH msg=audit(1748731976.926:31831): item=0 name="/usr/bin/dig" inode=6373 dev=08:01 mode=0100755 ouid=0 ogid=0 rdev=00:00 nametype=NORMAL cap_fp=0 cap_fi=0 cap_fe=0 cap_fver=0 cap_frootid=0
type=PATH msg=audit(1748731976.926:31831): item=1 name="/lib64/ld-linux-x86-64.so.2" inode=4742 dev=08:01 mode=0100755 ouid=0 ogid=0 rdev=00:00 nametype=NORMAL cap_fp=0 cap_fi=0 cap_fe=0 cap_fver=0 cap_frootid=0
type=PROCTITLE msg=audit(1748731976.926:31831): proctitle=646967004031302E3134322E302E32003030303035382D36353262353935373539373134363737366136653634363335393439373037333738366634343535333832623739373633342E780041002B74696D653D31002B72657472793D30002B62756673697A653D353132002B69676E6F7265002B6E6F636F6F6B6965
type=SYSCALL msg=audit(1748731976.930:31832): arch=c000003e syscall=42 success=yes exit=0 a0=d a1=7f32c4033808 a2=10 a3=7f32ca767454 items=0 ppid=14311 pid=14486 auid=1003 uid=1003 gid=1004 euid=1003 suid=1003 fsuid=1003 egid=1004 sgid=1004 fsgid=1004 tty=pts0 ses=32 comm="isc-net-0000" exe="/usr/bin/dig" subj=unconfined
type=SOCKADDR msg=audit(1748731976.930:31832): saddr=020000350A8E00020000000000000000
type=PROCTITLE msg=audit(1748731976.930:31832): proctitle=646967004031302E3134322E302E32003030303035382D36353262353935373539373134363737366136653634363335393439373037333738366634343535333832623739373633342E780041002B74696D650031002B72657472790030002B62756673697A6500353132002B69676E6F7265002B6E6F636F6F6B6965
type=SYSCALL msg=audit(1748731976.978:31833): arch=c000003e syscall=59 success=yes exit=0 a0=5622804825f0 a1=5622804b6b60 a2=5622804b7a00 a3=1b6 items=2 ppid=14311 pid=14489 auid=1003 uid=1003 gid=1004 euid=1003 suid=1003 fsuid=1003 egid=1004 sgid=1004 fsgid=1004 tty=pts0 ses=32 comm="dig" exe="/usr/bin/dig" subj=unconfined
type=EXECVE msg=audit(1748731976.978:31833): argc=9 a0="dig" a1="@10.142.0.2" a2="000059-4a446932535a4b31335779464167500a766852346756496a4f.x" a3="A" a4="+time=1" a5="+retry=0" a6="+bufsize=512" a7="+ignore" a8="+nocookie"
type=CWD msg=audit(1748731976.978:31833): cwd="/home/alice"
type=PATH msg=audit(1748731976.978:31833): item=0 name="/usr/bin/dig" inode=6373 dev=08:01 mode=0100755 ouid=0 ogid=0 rdev=00:00 nametype=NORMAL cap_fp=0 cap_fi=0 cap_fe=0 cap_fver=0 cap_frootid=0
type=PATH msg=audit(1748731976.978:31833): item=1 name="/lib64/ld-linux-x86-64.so.2" inode=4742 dev=08:01 mode=0100755 ouid=0 ogid=0 rdev=00:00 nametype=NORMAL cap_fp=0 cap_fi=0 cap_fe=0 cap_fver=0 cap_frootid=0
type=PROCTITLE msg=audit(1748731976.978:31833): proctitle=646967004031302E3134322E302E32003030303035392D34613434363933323533356134623331333335373739343634313637353030613736363835323334363735363439366134662E780041002B74696D653D31002B72657472793D30002B62756673697A653D353132002B69676E6F7265002B6E6F636F6F6B6965
type=SYSCALL msg=audit(1748731976.982:31834): arch=c000003e syscall=42 success=yes exit=0 a0=d a1=7fc7f0033808 a2=10 a3=7fc7f7386454 items=0 ppid=14311 pid=14489 auid=1003 uid=1003 gid=1004 euid=1003 suid=1003 fsuid=1003 egid=1004 sgid=1004 fsgid=1004 tty=pts0 ses=32 comm="isc-net-0000" exe="/usr/bin/dig" subj=unconfined
type=SOCKADDR msg=audit(1748731976.982:31834): saddr=020000350A8E00020000000000000000
type=PROCTITLE msg=audit(1748731976.982:31834): proctitle=646967004031302E3134322E302E32003030303035392D34613434363933323533356134623331333335373739343634313637353030613736363835323334363735363439366134662E780041002B74696D650031002B72657472790030002B62756673697A6500353132002B69676E6F7265002B6E6F636F6F6B6965
type=SYSCALL msg=audit(1748731977.034:31835): arch=c000003e syscall=59 success=yes exit=0 a0=5622804b8f80 a1=5622804b6b60 a2=5622804b7a00 a3=1b6 items=2 ppid=14311 pid=14492 auid=1003 uid=1003 gid=1004 euid=1003 suid=1003 fsuid=1003 egid=1004 sgid=1004 fsgid=1004 tty=pts0 ses=32 comm="dig" exe="/usr/bin/dig" subj=unconfined
type=EXECVE msg=audit(1748731977.034:31835): argc=9 a0="dig" a1="@10.142.0.2" a2="000060-7047336b6e707857664a784d48656856714136573735773772.x" a3="A" a4="+time=1" a5="+retry=0" a6="+bufsize=512" a7="+ignore" a8="+nocookie"
type=CWD msg=audit(1748731977.034:31835): cwd="/home/alice"
type=PATH msg=audit(1748731977.034:31835): item=0 name="/usr/bin/dig" inode=6373 dev=08:01 mode=0100755 ouid=0 ogid=0 rdev=00:00 nametype=NORMAL cap_fp=0 cap_fi=0 cap_fe=0 cap_fver=0 cap_frootid=0
type=PATH msg=audit(1748731977.034:31835): item=1 name="/lib64/ld-linux-x86-64.so.2" inode=4742 dev=08:01 mode=0100755 ouid=0 ogid=0 rdev=00:00 nametype=NORMAL cap_fp=0 cap_fi=0 cap_fe=0 cap_fver=0 cap_frootid=0
type=PROCTITLE msg=audit(1748731977.034:31835): proctitle=646967004031302E3134322E302E32003030303036302D37303437333336623665373037383537363634613738346434383635363835363731343133363537333733353737333737322E780041002B74696D653D31002B72657472793D30002B62756673697A653D353132002B69676E6F7265002B6E6F636F6F6B6965
type=SYSCALL msg=audit(1748731977.038:31836): arch=c000003e syscall=42 success=yes exit=0 a0=d a1=7fd520033808 a2=10 a3=7fd527ac9454 items=0 ppid=14311 pid=14492 auid=1003 uid=1003 gid=1004 euid=1003 suid=1003 fsuid=1003 egid=1004 sgid=1004 fsgid=1004 tty=pts0 ses=32 comm="isc-net-0000" exe="/usr/bin/dig" subj=unconfined
type=SOCKADDR msg=audit(1748731977.038:31836): saddr=020000350A8E00020000000000000000
type=PROCTITLE msg=audit(1748731977.038:31836): proctitle=646967004031302E3134322E302E32003030303036302D37303437333336623665373037383537363634613738346434383635363835363731343133363537333733353737333737322E780041002B74696D650031002B72657472790030002B62756673697A6500353132002B69676E6F7265002B6E6F636F6F6B6965
type=SYSCALL msg=audit(1748731977.086:31837): arch=c000003e syscall=59 success=yes exit=0 a0=5622804bec10 a1=5622804b6b60 a2=5622804b7a00 a3=1b6 items=2 ppid=14311 pid=14495 auid=1003 uid=1003 gid=1004 euid=1003 suid=1003 fsuid=1003 egid=1004 sgid=1004 fsgid=1004 tty=pts0 ses=32 comm="dig" exe="/usr/bin/dig" subj=unconfined
type=EXECVE msg=audit(1748731977.086:31837): argc=9 a0="dig" a1="@10.142.0.2" a2="000061-79762b354653343757576552456f305735493371383731342f.x" a3="A" a4="+time=1" a5="+retry=0" a6="+bufsize=512" a7="+ignore" a8="+nocookie"
type=CWD msg=audit(1748731977.086:31837): cwd="/home/alice"
type=PATH msg=audit(1748731977.086:31837): item=0 name="/usr/bin/dig" inode=6373 dev=08:01 mode=0100755 ouid=0 ogid=0 rdev=00:00 nametype=NORMAL cap_fp=0 cap_fi=0 cap_fe=0 cap_fver=0 cap_frootid=0
type=PATH msg=audit(1748731977.086:31837): item=1 name="/lib64/ld-linux-x86-64.so.2" inode=4742 dev=08:01 mode=0100755 ouid=0 ogid=0 rdev=00:00 nametype=NORMAL cap_fp=0 cap_fi=0 cap_fe=0 cap_fver=0 cap_frootid=0
type=PROCTITLE msg=audit(1748731977.086:31837): proctitle=646967004031302E3134322E302E32003030303036312D37393736326233353436353333343337353735373635353234353666333035373335343933333731333833373331333432662E780041002B74696D653D31002B72657472793D30002B62756673697A653D353132002B69676E6F7265002B6E6F636F6F6B6965
type=SYSCALL msg=audit(1748731977.094:31838): arch=c000003e syscall=42 success=yes exit=0 a0=d a1=7f5078033808 a2=10 a3=7f507c8cf454 items=0 ppid=14311 pid=14495 auid=1003 uid=1003 gid=1004 euid=1003 suid=1003 fsuid=1003 egid=1004 sgid=1004 fsgid=1004 tty=pts0 ses=32 comm="isc-net-0000" exe="/usr/bin/dig" subj=unconfined
type=SOCKADDR msg=audit(1748731977.094:31838): saddr=020000350A8E00020000000000000000
type=PROCTITLE msg=audit(1748731977.094:31838): proctitle=646967004031302E3134322E302E32003030303036312D37393736326233353436353333343337353735373635353234353666333035373335343933333731333833373331333432662E780041002B74696D650031002B72657472790030002B62756673697A6500353132002B69676E6F7265002B6E6F636F6F6B6965
type=SYSCALL msg=audit(1748731977.142:31839): arch=c000003e syscall=59 success=yes exit=0 a0=5622804bed10 a1=5622804b6b60 a2=5622804b7a00 a3=1b6 items=2 ppid=14311 pid=14498 auid=1003 uid=1003 gid=1004 euid=1003 suid=1003 fsuid=1003 egid=1004 sgid=1004 fsgid=1004 tty=pts0 ses=32 comm="dig" exe="/usr/bin/dig" subj=unconfined
type=EXECVE msg=audit(1748731977.142:31839): argc=9 a0="dig" a1="@10.142.0.2" a2="000062-6a6b54792b4e71643649780a67325733527a4d78382b32346a.x" a3="A" a4="+time=1" a5="+retry=0" a6="+bufsize=512" a7="+ignore" a8="+nocookie"
type=CWD msg=audit(1748731977.142:31839): cwd="/home/alice"
type=PATH msg=audit(1748731977.142:31839): item=0 name="/usr/bin/dig" inode=6373 dev=08:01 mode=0100755 ouid=0 ogid=0 rdev=00:00 nametype=NORMAL cap_fp=0 cap_fi=0 cap_fe=0 cap_fver=0 cap_frootid=0
type=PATH msg=audit(1748731977.142:31839): item=1 name="/lib64/ld-linux-x86-64.so.2" inode=4742 dev=08:01 mode=0100755 ouid=0 ogid=0 rdev=00:00 nametype=NORMAL cap_fp=0 cap_fi=0 cap_fe=0 cap_fver=0 cap_frootid=0
type=PROCTITLE msg=audit(1748731977.142:31839): proctitle=646967004031302E3134322E302E32003030303036322D36613662353437393262346537313634333634393738306136373332353733333532376134643738333832623332333436612E780041002B74696D653D31002B72657472793D30002B62756673697A653D353132002B69676E6F7265002B6E6F636F6F6B6965
type=SYSCALL msg=audit(1748731977.146:31840): arch=c000003e syscall=42 success=yes exit=0 a0=d a1=7f91c4033808 a2=10 a3=7f91ca368454 items=0 ppid=14311 pid=14498 auid=1003 uid=1003 gid=1004 euid=1003 suid=1003 fsuid=1003 egid=1004 sgid=1004 fsgid=1004 tty=pts0 ses=32 comm="isc-net-0000" exe="/usr/bin/dig" subj=unconfined
type=SOCKADDR msg=audit(1748731977.146:31840): saddr=020000350A8E00020000000000000000
type=PROCTITLE msg=audit(1748731977.146:31840): proctitle=646967004031302E3134322E302E32003030303036322D36613662353437393262346537313634333634393738306136373332353733333532376134643738333832623332333436612E780041002B74696D650031002B72657472790030002B62756673697A6500353132002B69676E6F7265002B6E6F636F6F6B6965
type=SYSCALL msg=audit(1748731977.194:31841): arch=c000003e syscall=59 success=yes exit=0 a0=5622804bee10 a1=5622804b6b60 a2=5622804b7a00 a3=1b6 items=2 ppid=14311 pid=14501 auid=1003 uid=1003 gid=1004 euid=1003 suid=1003 fsuid=1003 egid=1004 sgid=1004 fsgid=1004 tty=pts0 ses=32 comm="dig" exe="/usr/bin/dig" subj=unconfined
type=EXECVE msg=audit(1748731977.194:31841): argc=9 a0="dig" a1="@10.142.0.2" a2="000063-2f703134766a7955576864784b64503169644b516a4c383574.x" a3="A" a4="+time=1" a5="+retry=0" a6="+bufsize=512" a7="+ignore" a8="+nocookie"
type=CWD msg=audit(1748731977.194:31841): cwd="/home/alice"
type=PATH msg=audit(1748731977.194:31841): item=0 name="/usr/bin/dig" inode=6373 dev=08:01 mode=0100755 ouid=0 ogid=0 rdev=00:00 nametype=NORMAL cap_fp=0 cap_fi=0 cap_fe=0 cap_fver=0 cap_frootid=0
type=PATH msg=audit(1748731977.194:31841): item=1 name="/lib64/ld-linux-x86-64.so.2" inode=4742 dev=08:01 mode=0100755 ouid=0 ogid=0 rdev=00:00 nametype=NORMAL cap_fp=0 cap_fi=0 cap_fe=0 cap_fver=0 cap_frootid=0
type=PROCTITLE msg=audit(1748731977.194:31841): proctitle=646967004031302E3134322E302E32003030303036332D32663730333133343736366137393535353736383634373834623634353033313639363434623531366134633338333537342E780041002B74696D653D31002B72657472793D30002B62756673697A653D353132002B69676E6F7265002B6E6F636F6F6B6965
type=SYSCALL msg=audit(1748731977.198:31842): arch=c000003e syscall=42 success=yes exit=0 a0=d a1=7f4960033808 a2=10 a3=7f4967aa3454 items=0 ppid=14311 pid=14501 auid=1003 uid=1003 gid=1004 euid=1003 suid=1003 fsuid=1003 egid=1004 sgid=1004 fsgid=1004 tty=pts0 ses=32 comm="isc-net-0000" exe="/usr/bin/dig" subj=unconfined
type=SOCKADDR msg=audit(1748731977.198:31842): saddr=020000350A8E00020000000000000000
type=PROCTITLE msg=audit(1748731977.198:31842): proctitle=646967004031302E3134322E302E32003030303036332D32663730333133343736366137393535353736383634373834623634353033313639363434623531366134633338333537342E780041002B74696D650031002B72657472790030002B62756673697A6500353132002B69676E6F7265002B6E6F636F6F6B6965
type=SYSCALL msg=audit(1748731977.250:31843): arch=c000003e syscall=59 success=yes exit=0 a0=5622804bef10 a1=5622804b6b60 a2=5622804b7a00 a3=1b6 items=2 ppid=14311 pid=14504 auid=1003 uid=1003 gid=1004 euid=1003 suid=1003 fsuid=1003 egid=1004 sgid=1004 fsgid=1004 tty=pts0 ses=32 comm="dig" exe="/usr/bin/dig" subj=unconfined
type=EXECVE msg=audit(1748731977.250:31843): argc=9 a0="dig" a1="@10.142.0.2" a2="000064-617656316f7470584e644f5156495a4e4f5478516353755674.x" a3="A" a4="+time=1" a5="+retry=0" a6="+bufsize=512" a7="+ignore" a8="+nocookie"
type=CWD msg=audit(1748731977.250:31843): cwd="/home/alice"
type=PATH msg=audit(1748731977.250:31843): item=0 name="/usr/bin/dig" inode=6373 dev=08:01 mode=0100755 ouid=0 ogid=0 rdev=00:00 nametype=NORMAL cap_fp=0 cap_fi=0 cap_fe=0 cap_fver=0 cap_frootid=0
type=PATH msg=audit(1748731977.250:31843): item=1 name="/lib64/ld-linux-x86-64.so.2" inode=4742 dev=08:01 mode=0100755 ouid=0 ogid=0 rdev=00:00 nametype=NORMAL cap_fp=0 cap_fi=0 cap_fe=0 cap_fver=0 cap_frootid=0
type=PROCTITLE msg=audit(1748731977.250:31843): proctitle=646967004031302E3134322E302E32003030303036342D36313736353633313666373437303538346536343466353135363439356134653466353437383531363335333735353637342E780041002B74696D653D31002B72657472793D30002B62756673697A653D353132002B69676E6F7265002B6E6F636F6F6B6965
type=SYSCALL msg=audit(1748731977.254:31844): arch=c000003e syscall=42 success=yes exit=0 a0=d a1=7f4228033808 a2=10 a3=7f422e8d7454 items=0 ppid=14311 pid=14504 auid=1003 uid=1003 gid=1004 euid=1003 suid=1003 fsuid=1003 egid=1004 sgid=1004 fsgid=1004 tty=pts0 ses=32 comm="isc-net-0000" exe="/usr/bin/dig" subj=unconfined
type=SOCKADDR msg=audit(1748731977.254:31844): saddr=020000350A8E00020000000000000000
type=PROCTITLE msg=audit(1748731977.254:31844): proctitle=646967004031302E3134322E302E32003030303036342D36313736353633313666373437303538346536343466353135363439356134653466353437383531363335333735353637342E780041002B74696D650031002B72657472790030002B62756673697A6500353132002B69676E6F7265002B6E6F636F6F6B6965
type=SYSCALL msg=audit(1748731977.302:31845): arch=c000003e syscall=59 success=yes exit=0 a0=5622804bf010 a1=5622804b6b60 a2=5622804b7a00 a3=1b6 items=2 ppid=14311 pid=14507 auid=1003 uid=1003 gid=1004 euid=1003 suid=1003 fsuid=1003 egid=1004 sgid=1004 fsgid=1004 tty=pts0 ses=32 comm="dig" exe="/usr/bin/dig" subj=unconfined
type=EXECVE msg=audit(1748731977.302:31845): argc=9 a0="dig" a1="@10.142.0.2" a2="000065-73483765776d4b0a51386671355359692f353476494e56686a.x" a3="A" a4="+time=1" a5="+retry=0" a6="+bufsize=512" a7="+ignore" a8="+nocookie"
type=CWD msg=audit(1748731977.302:31845): cwd="/home/alice"
type=PATH msg=audit(1748731977.302:31845): item=0 name="/usr/bin/dig" inode=6373 dev=08:01 mode=0100755 ouid=0 ogid=0 rdev=00:00 nametype=NORMAL cap_fp=0 cap_fi=0 cap_fe=0 cap_fver=0 cap_frootid=0
type=PATH msg=audit(1748731977.302:31845): item=1 name="/lib64/ld-linux-x86-64.so.2" inode=4742 dev=08:01 mode=0100755 ouid=0 ogid=0 rdev=00:00 nametype=NORMAL cap_fp=0 cap_fi=0 cap_fe=0 cap_fver=0 cap_frootid=0
type=PROCTITLE msg=audit(1748731977.302:31845): proctitle=646967004031302E3134322E302E32003030303036352D37333438333736353737366434623061353133383636373133353533353936393266333533343736343934653536363836612E780041002B74696D653D31002B72657472793D30002B62756673697A653D353132002B69676E6F7265002B6E6F636F6F6B6965
type=SYSCALL msg=audit(1748731977.306:31846): arch=c000003e syscall=42 success=yes exit=0 a0=d a1=7fcb8c033808 a2=10 a3=7fcb9417d454 items=0 ppid=14311 pid=14507 auid=1003 uid=1003 gid=1004 euid=1003 suid=1003 fsuid=1003 egid=1004 sgid=1004 fsgid=1004 tty=pts0 ses=32 comm="isc-net-0000" exe="/usr/bin/dig" subj=unconfined
type=SOCKADDR msg=audit(1748731977.306:31846): saddr=020000350A8E00020000000000000000
type=PROCTITLE msg=audit(1748731977.306:31846): proctitle=646967004031302E3134322E302E32003030303036352D37333438333736353737366434623061353133383636373133353533353936393266333533343736343934653536363836612E780041002B74696D650031002B72657472790030002B62756673697A6500353132002B69676E6F7265002B6E6F636F6F6B6965
type=SYSCALL msg=audit(1748731977.342:31847): arch=c000003e syscall=59 success=yes exit=0 a0=5622804bf360 a1=5622804b6b60 a2=5622804b7a00 a3=1b6 items=2 ppid=14311 pid=14510 auid=1003 uid=1003 gid=1004 euid=1003 suid=1003 fsuid=1003 egid=1004 sgid=1004 fsgid=1004 tty=pts0 ses=32 comm="dig" exe="/usr/bin/dig" subj=unconfined
type=EXECVE msg=audit(1748731977.342:31847): argc=9 a0="dig" a1="@10.142.0.2" a2="000066-377341562f6a3232424c39426d66374e65574e4b5259393763.x" a3="A" a4="+time=1" a5="+retry=0" a6="+bufsize=512" a7="+ignore" a8="+nocookie"
type=CWD msg=audit(1748731977.342:31847): cwd="/home/alice"
type=PATH msg=audit(1748731977.342:31847): item=0 name="/usr/bin/dig" inode=6373 dev=08:01 mode=0100755 ouid=0 ogid=0 rdev=00:00 nametype=NORMAL cap_fp=0 cap_fi=0 cap_fe=0 cap_fver=0 cap_frootid=0
type=PATH msg=audit(1748731977.342:31847): item=1 name="/lib64/ld-linux-x86-64.so.2" inode=4742 dev=08:01 mode=0100755 ouid=0 ogid=0 rdev=00:00 nametype=NORMAL cap_fp=0 cap_fi=0 cap_fe=0 cap_fver=0 cap_frootid=0
type=PROCTITLE msg=audit(1748731977.342:31847): proctitle=646967004031302E3134322E302E32003030303036362D33373733343135363266366133323332343234633339343236643636333734653635353734653462353235393339333736332E780041002B74696D653D31002B72657472793D30002B62756673697A653D353132002B69676E6F7265002B6E6F636F6F6B6965
type=SYSCALL msg=audit(1748731977.350:31848): arch=c000003e syscall=42 success=yes exit=0 a0=d a1=7fd880033808 a2=10 a3=7fd888342454 items=0 ppid=14311 pid=14510 auid=1003 uid=1003 gid=1004 euid=1003 suid=1003 fsuid=1003 egid=1004 sgid=1004 fsgid=1004 tty=pts0 ses=32 comm="isc-net-0000" exe="/usr/bin/dig" subj=unconfined
type=SOCKADDR msg=audit(1748731977.350:31848): saddr=020000350A8E00020000000000000000
type=PROCTITLE msg=audit(1748731977.350:31848): proctitle=646967004031302E3134322E302E32003030303036362D33373733343135363266366133323332343234633339343236643636333734653635353734653462353235393339333736332E780041002B74696D650031002B72657472790030002B62756673697A6500353132002B69676E6F7265002B6E6F636F6F6B6965
type=SYSCALL msg=audit(1748731977.398:31849): arch=c000003e syscall=59 success=yes exit=0 a0=5622804bf460 a1=5622804b6b60 a2=5622804b7a00 a3=1b6 items=2 ppid=14311 pid=14513 auid=1003 uid=1003 gid=1004 euid=1003 suid=1003 fsuid=1003 egid=1004 sgid=1004 fsgid=1004 tty=pts0 ses=32 comm="dig" exe="/usr/bin/dig" subj=unconfined
type=EXECVE msg=audit(1748731977.398:31849): argc=9 a0="dig" a1="@10.142.0.2" a2="000067-6b6751506f6c69362f334a6f726d6c53644a52695464426266.x" a3="A" a4="+time=1" a5="+retry=0" a6="+bufsize=512" a7="+ignore" a8="+nocookie"
type=CWD msg=audit(1748731977.398:31849): cwd="/home/alice"
type=PATH msg=audit(1748731977.398:31849): item=0 name="/usr/bin/dig" inode=6373 dev=08:01 mode=0100755 ouid=0 ogid=0 rdev=00:00 nametype=NORMAL cap_fp=0 cap_fi=0 cap_fe=0 cap_fver=0 cap_frootid=0
type=PATH msg=audit(1748731977.398:31849): item=1 name="/lib64/ld-linux-x86-64.so.2" inode=4742 dev=08:01 mode=0100755 ouid=0 ogid=0 rdev=00:00 nametype=NORMAL cap_fp=0 cap_fi=0 cap_fe=0 cap_fver=0 cap_frootid=0
type=PROCTITLE msg=audit(1748731977.398:31849): proctitle=646967004031302E3134322E302E32003030303036372D36623637353135303666366336393336326633333461366637323664366335333634346135323639353436343432363236362E780041002B74696D653D31002B72657472793D30002B62756673697A653D353132002B69676E6F7265002B6E6F636F6F6B6965
type=SYSCALL msg=audit(1748731977.402:31850): arch=c000003e syscall=42 success=yes exit=0 a0=d a1=7f9de8033808 a2=10 a3=7f9deca39454 items=0 ppid=14311 pid=14513 auid=1003 uid=1003 gid=1004 euid=1003 suid=1003 fsuid=1003 egid=1004 sgid=1004 fsgid=1004 tty=pts0 ses=32 comm="isc-net-0000" exe="/usr/bin/dig" subj=unconfined
type=SOCKADDR msg=audit(1748731977.402:31850): saddr=020000350A8E00020000000000000000
type=PROCTITLE msg=audit(1748731977.402:31850): proctitle=646967004031302E3134322E302E32003030303036372D36623637353135303666366336393336326633333461366637323664366335333634346135323639353436343432363236362E780041002B74696D650031002B72657472790030002B62756673697A6500353132002B69676E6F7265002B6E6F636F6F6B6965
type=SYSCALL msg=audit(1748731977.442:31851): arch=c000003e syscall=59 success=yes exit=0 a0=5622804bf590 a1=5622804b6b60 a2=5622804b7a00 a3=1b6 items=2 ppid=14311 pid=14516 auid=1003 uid=1003 gid=1004 euid=1003 suid=1003 fsuid=1003 egid=1004 sgid=1004 fsgid=1004 tty=pts0 ses=32 comm="dig" exe="/usr/bin/dig" subj=unconfined
type=EXECVE msg=audit(1748731977.442:31851): argc=9 a0="dig" a1="@10.142.0.2" a2="000068-64776c0a745442573172447249535062324b454a4254315243.x" a3="A" a4="+time=1" a5="+retry=0" a6="+bufsize=512" a7="+ignore" a8="+nocookie"
type=CWD msg=audit(1748731977.442:31851): cwd="/home/alice"
type=PATH msg=audit(1748731977.442:31851): item=0 name="/usr/bin/dig" inode=6373 dev=08:01 mode=0100755 ouid=0 ogid=0 rdev=00:00 nametype=NORMAL cap_fp=0 cap_fi=0 cap_fe=0 cap_fver=0 cap_frootid=0
type=PATH msg=audit(1748731977.442:31851): item=1 name="/lib64/ld-linux-x86-64.so.2" inode=4742 dev=08:01 mode=0100755 ouid=0 ogid=0 rdev=00:00 nametype=NORMAL cap_fp=0 cap_fi=0 cap_fe=0 cap_fver=0 cap_frootid=0
type=PROCTITLE msg=audit(1748731977.442:31851): proctitle=646967004031302E3134322E302E32003030303036382D36343737366330613734353434323537333137323434373234393533353036323332346234353461343235343331353234332E780041002B74696D653D31002B72657472793D30002B62756673697A653D353132002B69676E6F7265002B6E6F636F6F6B6965
type=SYSCALL msg=audit(1748731977.446:31852): arch=c000003e syscall=42 success=yes exit=0 a0=d a1=7fad3c033808 a2=10 a3=7fad41370454 items=0 ppid=14311 pid=14516 auid=1003 uid=1003 gid=1004 euid=1003 suid=1003 fsuid=1003 egid=1004 sgid=1004 fsgid=1004 tty=pts0 ses=32 comm="isc-net-0000" exe="/usr/bin/dig" subj=unconfined
type=SOCKADDR msg=audit(1748731977.446:31852): saddr=020000350A8E00020000000000000000
type=PROCTITLE msg=audit(1748731977.446:31852): proctitle=646967004031302E3134322E302E32003030303036382D36343737366330613734353434323537333137323434373234393533353036323332346234353461343235343331353234332E780041002B74696D650031002B72657472790030002B62756673697A6500353132002B69676E6F7265002B6E6F636F6F6B6965
type=SYSCALL msg=audit(1748731977.498:31853): arch=c000003e syscall=59 success=yes exit=0 a0=5622804bf660 a1=5622804b6b60 a2=5622804b7a00 a3=1b6 items=2 ppid=14311 pid=14519 auid=1003 uid=1003 gid=1004 euid=1003 suid=1003 fsuid=1003 egid=1004 sgid=1004 fsgid=1004 tty=pts0 ses=32 comm="dig" exe="/usr/bin/dig" subj=unconfined
type=EXECVE msg=audit(1748731977.498:31853): argc=9 a0="dig" a1="@10.142.0.2" a2="000069-655074553047375548562b6a2b514b6e627161476762504c63.x" a3="A" a4="+time=1" a5="+retry=0" a6="+bufsize=512" a7="+ignore" a8="+nocookie"
type=CWD msg=audit(1748731977.498:31853): cwd="/home/alice"
type=PATH msg=audit(1748731977.498:31853): item=0 name="/usr/bin/dig" inode=6373 dev=08:01 mode=0100755 ouid=0 ogid=0 rdev=00:00 nametype=NORMAL cap_fp=0 cap_fi=0 cap_fe=0 cap_fver=0 cap_frootid=0
type=PATH msg=audit(1748731977.498:31853): item=1 name="/lib64/ld-linux-x86-64.so.2" inode=4742 dev=08:01 mode=0100755 ouid=0 ogid=0 rdev=00:00 nametype=NORMAL cap_fp=0 cap_fi=0 cap_fe=0 cap_fver=0 cap_frootid=0
type=PROCTITLE msg=audit(1748731977.498:31853): proctitle=646967004031302E3134322E302E32003030303036392D36353530373435353330343733373535343835363262366132623531346236653632373136313437363736323530346336332E780041002B74696D653D31002B72657472793D30002B62756673697A653D353132002B69676E6F7265002B6E6F636F6F6B6965
type=SYSCALL msg=audit(1748731977.502:31854): arch=c000003e syscall=42 success=yes exit=0 a0=d a1=7faa2c033808 a2=10 a3=7faa333b9454 items=0 ppid=14311 pid=14519 auid=1003 uid=1003 gid=1004 euid=1003 suid=1003 fsuid=1003 egid=1004 sgid=1004 fsgid=1004 tty=pts0 ses=32 comm="isc-net-0000" exe="/usr/bin/dig" subj=unconfined
type=SOCKADDR msg=audit(1748731977.502:31854): saddr=020000350A8E00020000000000000000
type=PROCTITLE msg=audit(1748731977.502:31854): proctitle=646967004031302E3134322E302E32003030303036392D36353530373435353330343733373535343835363262366132623531346236653632373136313437363736323530346336332E780041002B74696D650031002B72657472790030002B62756673697A6500353132002B69676E6F7265002B6E6F636F6F6B6965
type=SYSCALL msg=audit(1748731977.550:31855): arch=c000003e syscall=59 success=yes exit=0 a0=5622804bf760 a1=5622804b6b60 a2=5622804b7a00 a3=1b6 items=2 ppid=14311 pid=14522 auid=1003 uid=1003 gid=1004 euid=1003 suid=1003 fsuid=1003 egid=1004 sgid=1004 fsgid=1004 tty=pts0 ses=32 comm="dig" exe="/usr/bin/dig" subj=unconfined
type=EXECVE msg=audit(1748731977.550:31855): argc=9 a0="dig" a1="@10.142.0.2" a2="000070-5150397647666b534170522b4752595a4346702b694a68750a.x" a3="A" a4="+time=1" a5="+retry=0" a6="+bufsize=512" a7="+ignore" a8="+nocookie"
type=CWD msg=audit(1748731977.550:31855): cwd="/home/alice"
type=PATH msg=audit(1748731977.550:31855): item=0 name="/usr/bin/dig" inode=6373 dev=08:01 mode=0100755 ouid=0 ogid=0 rdev=00:00 nametype=NORMAL cap_fp=0 cap_fi=0 cap_fe=0 cap_fver=0 cap_frootid=0
type=PATH msg=audit(1748731977.550:31855): item=1 name="/lib64/ld-linux-x86-64.so.2" inode=4742 dev=08:01 mode=0100755 ouid=0 ogid=0 rdev=00:00 nametype=NORMAL cap_fp=0 cap_fi=0 cap_fe=0 cap_fver=0 cap_frootid=0
type=PROCTITLE msg=audit(1748731977.550:31855): proctitle=646967004031302E3134322E302E32003030303037302D35313530333937363437363636623533343137303532326234373532353935613433343637303262363934613638373530612E780041002B74696D653D31002B72657472793D30002B62756673697A653D353132002B69676E6F7265002B6E6F636F6F6B6965
type=SYSCALL msg=audit(1748731977.558:31856): arch=c000003e syscall=42 success=yes exit=0 a0=d a1=7f41c0033808 a2=10 a3=7f41c556c454 items=0 ppid=14311 pid=14522 auid=1003 uid=1003 gid=1004 euid=1003 suid=1003 fsuid=1003 egid=1004 sgid=1004 fsgid=1004 tty=pts0 ses=32 comm="isc-net-0000" exe="/usr/bin/dig" subj=unconfined
type=SOCKADDR msg=audit(1748731977.558:31856): saddr=020000350A8E00020000000000000000
type=PROCTITLE msg=audit(1748731977.558:31856): proctitle=646967004031302E3134322E302E32003030303037302D35313530333937363437363636623533343137303532326234373532353935613433343637303262363934613638373530612E780041002B74696D650031002B72657472790030002B62756673697A6500353132002B69676E6F7265002B6E6F636F6F6B6965
type=SYSCALL msg=audit(1748731977.606:31857): arch=c000003e syscall=59 success=yes exit=0 a0=5622804bf860 a1=5622804b6b60 a2=5622804b7a00 a3=1b6 items=2 ppid=14311 pid=14525 auid=1003 uid=1003 gid=1004 euid=1003 suid=1003 fsuid=1003 egid=1004 sgid=1004 fsgid=1004 tty=pts0 ses=32 comm="dig" exe="/usr/bin/dig" subj=unconfined
type=EXECVE msg=audit(1748731977.606:31857): argc=9 a0="dig" a1="@10.142.0.2" a2="000071-656d596b5550614c37327a4773675452757a2f595074334d42.x" a3="A" a4="+time=1" a5="+retry=0" a6="+bufsize=512" a7="+ignore" a8="+nocookie"
type=CWD msg=audit(1748731977.606:31857): cwd="/home/alice"
type=PATH msg=audit(1748731977.606:31857): item=0 name="/usr/bin/dig" inode=6373 dev=08:01 mode=0100755 ouid=0 ogid=0 rdev=00:00 nametype=NORMAL cap_fp=0 cap_fi=0 cap_fe=0 cap_fver=0 cap_frootid=0
type=PATH msg=audit(1748731977.606:31857): item=1 name="/lib64/ld-linux-x86-64.so.2" inode=4742 dev=08:01 mode=0100755 ouid=0 ogid=0 rdev=00:00 nametype=NORMAL cap_fp=0 cap_fi=0 cap_fe=0 cap_fver=0 cap_frootid=0
type=PROCTITLE msg=audit(1748731977.606:31857): proctitle=646967004031302E3134322E302E32003030303037312D36353664353936623535353036313463333733323761343737333637353435323735376132663539353037343333346434322E780041002B74696D653D31002B72657472793D30002B62756673697A653D353132002B69676E6F7265002B6E6F636F6F6B6965
type=SYSCALL msg=audit(1748731977.610:31858): arch=c000003e syscall=42 success=yes exit=0 a0=d a1=7fa42c033808 a2=10 a3=7fa431db5454 items=0 ppid=14311 pid=14525 auid=1003 uid=1003 gid=1004 euid=1003 suid=1003 fsuid=1003 egid=1004 sgid=1004 fsgid=1004 tty=pts0 ses=32 comm="isc-net-0000" exe="/usr/bin/dig" subj=unconfined
type=SOCKADDR msg=audit(1748731977.610:31858): saddr=020000350A8E00020000000000000000
type=PROCTITLE msg=audit(1748731977.610:31858): proctitle=646967004031302E3134322E302E32003030303037312D36353664353936623535353036313463333733323761343737333637353435323735376132663539353037343333346434322E780041002B74696D650031002B72657472790030002B62756673697A6500353132002B69676E6F7265002B6E6F636F6F6B6965
type=SYSCALL msg=audit(1748731977.662:31859): arch=c000003e syscall=59 success=yes exit=0 a0=5622804bf960 a1=5622804b6b60 a2=5622804b7a00 a3=1b6 items=2 ppid=14311 pid=14528 auid=1003 uid=1003 gid=1004 euid=1003 suid=1003 fsuid=1003 egid=1004 sgid=1004 fsgid=1004 tty=pts0 ses=32 comm="dig" exe="/usr/bin/dig" subj=unconfined
type=EXECVE msg=audit(1748731977.662:31859): argc=9 a0="dig" a1="@10.142.0.2" a2="000072-61386c4564705355794b6d742b7158414141466b4e5142764a.x" a3="A" a4="+time=1" a5="+retry=0" a6="+bufsize=512" a7="+ignore" a8="+nocookie"
type=CWD msg=audit(1748731977.662:31859): cwd="/home/alice"
type=PATH msg=audit(1748731977.662:31859): item=0 name="/usr/bin/dig" inode=6373 dev=08:01 mode=0100755 ouid=0 ogid=0 rdev=00:00 nametype=NORMAL cap_fp=0 cap_fi=0 cap_fe=0 cap_fver=0 cap_frootid=0
type=PATH msg=audit(1748731977.662:31859): item=1 name="/lib64/ld-linux-x86-64.so.2" inode=4742 dev=08:01 mode=0100755 ouid=0 ogid=0 rdev=00:00 nametype=NORMAL cap_fp=0 cap_fi=0 cap_fe=0 cap_fver=0 cap_frootid=0
type=PROCTITLE msg=audit(1748731977.662:31859): proctitle=646967004031302E3134322E302E32003030303037322D36313338366334353634373035333535373934623664373432623731353834313431343134363662346535313432373634612E780041002B74696D653D31002B72657472793D30002B62756673697A653D353132002B69676E6F7265002B6E6F636F6F6B6965
type=SYSCALL msg=audit(1748731977.666:31860): arch=c000003e syscall=42 success=yes exit=0 a0=d a1=7fca14033808 a2=10 a3=7fca1950c454 items=0 ppid=14311 pid=14528 auid=1003 uid=1003 gid=1004 euid=1003 suid=1003 fsuid=1003 egid=1004 sgid=1004 fsgid=1004 tty=pts0 ses=32 comm="isc-net-0000" exe="/usr/bin/dig" subj=unconfined
type=SOCKADDR msg=audit(1748731977.666:31860): saddr=020000350A8E00020000000000000000
type=PROCTITLE msg=audit(1748731977.666:31860): proctitle=646967004031302E3134322E302E32003030303037322D36313338366334353634373035333535373934623664373432623731353834313431343134363662346535313432373634612E780041002B74696D650031002B72657472790030002B62756673697A6500353132002B69676E6F7265002B6E6F636F6F6B6965
type=SYSCALL msg=audit(1748731977.714:31861): arch=c000003e syscall=59 success=yes exit=0 a0=5622804bfa60 a1=5622804b6b60 a2=5622804b7a00 a3=1b6 items=2 ppid=14311 pid=14531 auid=1003 uid=1003 gid=1004 euid=1003 suid=1003 fsuid=1003 egid=1004 sgid=1004 fsgid=1004 tty=pts0 ses=32 comm="dig" exe="/usr/bin/dig" subj=unconfined
type=EXECVE msg=audit(1748731977.714:31861): argc=9 a0="dig" a1="@10.142.0.2" a2="000073-4455416279514141414142334e7a6143317963320a45414141.x" a3="A" a4="+time=1" a5="+retry=0" a6="+bufsize=512" a7="+ignore" a8="+nocookie"
type=CWD msg=audit(1748731977.714:31861): cwd="/home/alice"
type=PATH msg=audit(1748731977.714:31861): item=0 name="/usr/bin/dig" inode=6373 dev=08:01 mode=0100755 ouid=0 ogid=0 rdev=00:00 nametype=NORMAL cap_fp=0 cap_fi=0 cap_fe=0 cap_fver=0 cap_frootid=0
type=PATH msg=audit(1748731977.714:31861): item=1 name="/lib64/ld-linux-x86-64.so.2" inode=4742 dev=08:01 mode=0100755 ouid=0 ogid=0 rdev=00:00 nametype=NORMAL cap_fp=0 cap_fi=0 cap_fe=0 cap_fver=0 cap_frootid=0
type=PROCTITLE msg=audit(1748731977.714:31861): proctitle=646967004031302E3134322E302E32003030303037332D34343535343136323739353134313431343134313432333334653761363134333331373936333332306134353431343134312E780041002B74696D653D31002B72657472793D30002B62756673697A653D353132002B69676E6F7265002B6E6F636F6F6B6965
type=SYSCALL msg=audit(1748731977.718:31862): arch=c000003e syscall=42 success=yes exit=0 a0=d a1=7f4174033808 a2=10 a3=7f41791b3454 items=0 ppid=14311 pid=14531 auid=1003 uid=1003 gid=1004 euid=1003 suid=1003 fsuid=1003 egid=1004 sgid=1004 fsgid=1004 tty=pts0 ses=32 comm="isc-net-0000" exe="/usr/bin/dig" subj=unconfined
type=SOCKADDR msg=audit(1748731977.718:31862): saddr=020000350A8E00020000000000000000
type=PROCTITLE msg=audit(1748731977.718:31862): proctitle=646967004031302E3134322E302E32003030303037332D34343535343136323739353134313431343134313432333334653761363134333331373936333332306134353431343134312E780041002B74696D650031002B72657472790030002B62756673697A6500353132002B69676E6F7265002B6E6F636F6F6B6965
type=SYSCALL msg=audit(1748731977.766:31863): arch=c000003e syscall=59 success=yes exit=0 a0=5622804bfdf0 a1=5622804b6b60 a2=5622804b7a00 a3=1b6 items=2 ppid=14311 pid=14534 auid=1003 uid=1003 gid=1004 euid=1003 suid=1003 fsuid=1003 egid=1004 sgid=1004 fsgid=1004 tty=pts0 ses=32 comm="dig" exe="/usr/bin/dig" subj=unconfined
type=EXECVE msg=audit(1748731977.766:31863): argc=9 a0="dig" a1="@10.142.0.2" a2="000074-4742414c664f6f7a7167517839734430516d6f6d4c73716d39.x" a3="A" a4="+time=1" a5="+retry=0" a6="+bufsize=512" a7="+ignore" a8="+nocookie"
type=CWD msg=audit(1748731977.766:31863): cwd="/home/alice"
type=PATH msg=audit(1748731977.766:31863): item=0 name="/usr/bin/dig" inode=6373 dev=08:01 mode=0100755 ouid=0 ogid=0 rdev=00:00 nametype=NORMAL cap_fp=0 cap_fi=0 cap_fe=0 cap_fver=0 cap_frootid=0
type=PATH msg=audit(1748731977.766:31863): item=1 name="/lib64/ld-linux-x86-64.so.2" inode=4742 dev=08:01 mode=0100755 ouid=0 ogid=0 rdev=00:00 nametype=NORMAL cap_fp=0 cap_fi=0 cap_fe=0 cap_fver=0 cap_frootid=0
type=PROCTITLE msg=audit(1748731977.766:31863): proctitle=646967004031302E3134322E302E32003030303037342D34373432343134633636346636663761373136373531373833393733343433303531366436663664346337333731366433392E780041002B74696D653D31002B72657472793D30002B62756673697A653D353132002B69676E6F7265002B6E6F636F6F6B6965
type=SYSCALL msg=audit(1748731977.774:31864): arch=c000003e syscall=42 success=yes exit=0 a0=d a1=7f85b8033808 a2=10 a3=7f85bfced454 items=0 ppid=14311 pid=14534 auid=1003 uid=1003 gid=1004 euid=1003 suid=1003 fsuid=1003 egid=1004 sgid=1004 fsgid=1004 tty=pts0 ses=32 comm="isc-net-0000" exe="/usr/bin/dig" subj=unconfined
type=SOCKADDR msg=audit(1748731977.774:31864): saddr=020000350A8E00020000000000000000
type=PROCTITLE msg=audit(1748731977.774:31864): proctitle=646967004031302E3134322E302E32003030303037342D34373432343134633636346636663761373136373531373833393733343433303531366436663664346337333731366433392E780041002B74696D650031002B72657472790030002B62756673697A6500353132002B69676E6F7265002B6E6F636F6F6B6965
type=SYSCALL msg=audit(1748731977.818:31865): arch=c000003e syscall=59 success=yes exit=0 a0=5622804bfef0 a1=5622804b6b60 a2=5622804b7a00 a3=1b6 items=2 ppid=14311 pid=14537 auid=1003 uid=1003 gid=1004 euid=1003 suid=1003 fsuid=1003 egid=1004 sgid=1004 fsgid=1004 tty=pts0 ses=32 comm="dig" exe="/usr/bin/dig" subj=unconfined
type=EXECVE msg=audit(1748731977.818:31865): argc=9 a0="dig" a1="@10.142.0.2" a2="000075-345553454b74763233546e6c444d2b433841644c3351364b2f.x" a3="A" a4="+time=1" a5="+retry=0" a6="+bufsize=512" a7="+ignore" a8="+nocookie"
type=CWD msg=audit(1748731977.818:31865): cwd="/home/alice"
type=PATH msg=audit(1748731977.818:31865): item=0 name="/usr/bin/dig" inode=6373 dev=08:01 mode=0100755 ouid=0 ogid=0 rdev=00:00 nametype=NORMAL cap_fp=0 cap_fi=0 cap_fe=0 cap_fver=0 cap_frootid=0
type=PATH msg=audit(1748731977.818:31865): item=1 name="/lib64/ld-linux-x86-64.so.2" inode=4742 dev=08:01 mode=0100755 ouid=0 ogid=0 rdev=00:00 nametype=NORMAL cap_fp=0 cap_fi=0 cap_fe=0 cap_fver=0 cap_frootid=0
type=PROCTITLE msg=audit(1748731977.818:31865): proctitle=646967004031302E3134322E302E32003030303037352D33343535353334353462373437363332333335343665366334343464326234333338343136343463333335313336346232662E780041002B74696D653D31002B72657472793D30002B62756673697A653D353132002B69676E6F7265002B6E6F636F6F6B6965
type=SYSCALL msg=audit(1748731977.822:31866): arch=c000003e syscall=42 success=yes exit=0 a0=d a1=7fa4d0033808 a2=10 a3=7fa4d8345454 items=0 ppid=14311 pid=14537 auid=1003 uid=1003 gid=1004 euid=1003 suid=1003 fsuid=1003 egid=1004 sgid=1004 fsgid=1004 tty=pts0 ses=32 comm="isc-net-0000" exe="/usr/bin/dig" subj=unconfined
type=SOCKADDR msg=audit(1748731977.822:31866): saddr=020000350A8E00020000000000000000
type=PROCTITLE msg=audit(1748731977.822:31866): proctitle=646967004031302E3134322E302E32003030303037352D33343535353334353462373437363332333335343665366334343464326234333338343136343463333335313336346232662E780041002B74696D650031002B72657472790030002B62756673697A6500353132002B69676E6F7265002B6E6F636F6F6B6965
type=SYSCALL msg=audit(1748731977.870:31867): arch=c000003e syscall=59 success=yes exit=0 a0=5622804bfff0 a1=5622804b6b60 a2=5622804b7a00 a3=1b6 items=2 ppid=14311 pid=14540 auid=1003 uid=1003 gid=1004 euid=1003 suid=1003 fsuid=1003 egid=1004 sgid=1004 fsgid=1004 tty=pts0 ses=32 comm="dig" exe="/usr/bin/dig" subj=unconfined
type=EXECVE msg=audit(1748731977.870:31867): argc=9 a0="dig" a1="@10.142.0.2" a2="000076-5a6463566164454c5348745365624a790a52314c6449516845.x" a3="A" a4="+time=1" a5="+retry=0" a6="+bufsize=512" a7="+ignore" a8="+nocookie"
type=CWD msg=audit(1748731977.870:31867): cwd="/home/alice"
type=PATH msg=audit(1748731977.870:31867): item=0 name="/usr/bin/dig" inode=6373 dev=08:01 mode=0100755 ouid=0 ogid=0 rdev=00:00 nametype=NORMAL cap_fp=0 cap_fi=0 cap_fe=0 cap_fver=0 cap_frootid=0
type=PATH msg=audit(1748731977.870:31867): item=1 name="/lib64/ld-linux-x86-64.so.2" inode=4742 dev=08:01 mode=0100755 ouid=0 ogid=0 rdev=00:00 nametype=NORMAL cap_fp=0 cap_fi=0 cap_fe=0 cap_fver=0 cap_frootid=0
type=PROCTITLE msg=audit(1748731977.870:31867): proctitle=646967004031302E3134322E302E32003030303037362D35613634363335363631363434353463353334383734353336353632346137393061353233313463363434393531363834352E780041002B74696D653D31002B72657472793D30002B62756673697A653D353132002B69676E6F7265002B6E6F636F6F6B6965
type=SYSCALL msg=audit(1748731977.874:31868): arch=c000003e syscall=42 success=yes exit=0 a0=d a1=7fd488033808 a2=10 a3=7fd48f2fd454 items=0 ppid=14311 pid=14540 auid=1003 uid=1003 gid=1004 euid=1003 suid=1003 fsuid=1003 egid=1004 sgid=1004 fsgid=1004 tty=pts0 ses=32 comm="isc-net-0000" exe="/usr/bin/dig" subj=unconfined
type=SOCKADDR msg=audit(1748731977.874:31868): saddr=020000350A8E00020000000000000000
type=PROCTITLE msg=audit(1748731977.874:31868): proctitle=646967004031302E3134322E302E32003030303037362D35613634363335363631363434353463353334383734353336353632346137393061353233313463363434393531363834352E780041002B74696D650031002B72657472790030002B62756673697A6500353132002B69676E6F7265002B6E6F636F6F6B6965
type=SYSCALL msg=audit(1748731977.922:31869): arch=c000003e syscall=59 success=yes exit=0 a0=5622804c00f0 a1=5622804b6b60 a2=5622804b7a00 a3=1b6 items=2 ppid=14311 pid=14543 auid=1003 uid=1003 gid=1004 euid=1003 suid=1003 fsuid=1003 egid=1004 sgid=1004 fsgid=1004 tty=pts0 ses=32 comm="dig" exe="/usr/bin/dig" subj=unconfined
type=EXECVE msg=audit(1748731977.922:31869): argc=9 a0="dig" a1="@10.142.0.2" a2="000077-656e4a6d4d30526841576647675351736732356d3873716274.x" a3="A" a4="+time=1" a5="+retry=0" a6="+bufsize=512" a7="+ignore" a8="+nocookie"
type=CWD msg=audit(1748731977.922:31869): cwd="/home/alice"
type=PATH msg=audit(1748731977.922:31869): item=0 name="/usr/bin/dig" inode=6373 dev=08:01 mode=0100755 ouid=0 ogid=0 rdev=00:00 nametype=NORMAL cap_fp=0 cap_fi=0 cap_fe=0 cap_fver=0 cap_frootid=0
type=PATH msg=audit(1748731977.922:31869): item=1 name="/lib64/ld-linux-x86-64.so.2" inode=4742 dev=08:01 mode=0100755 ouid=0 ogid=0 rdev=00:00 nametype=NORMAL cap_fp=0 cap_fi=0 cap_fe=0 cap_fver=0 cap_frootid=0
type=PROCTITLE msg=audit(1748731977.922:31869): proctitle=646967004031302E3134322E302E32003030303037372D36353665346136643464333035323638343135373636343736373533353137333637333233353664333837333731363237342E780041002B74696D653D31002B72657472793D30002B62756673697A653D353132002B69676E6F7265002B6E6F636F6F6B6965
type=SYSCALL msg=audit(1748731977.930:31870): arch=c000003e syscall=42 success=yes exit=0 a0=d a1=7fb2b8033808 a2=10 a3=7fb2c051f454 items=0 ppid=14311 pid=14543 auid=1003 uid=1003 gid=1004 euid=1003 suid=1003 fsuid=1003 egid=1004 sgid=1004 fsgid=1004 tty=pts0 ses=32 comm="isc-net-0000" exe="/usr/bin/dig" subj=unconfined
type=SOCKADDR msg=audit(1748731977.930:31870): saddr=020000350A8E00020000000000000000
type=PROCTITLE msg=audit(1748731977.930:31870): proctitle=646967004031302E3134322E302E32003030303037372D36353665346136643464333035323638343135373636343736373533353137333637333233353664333837333731363237342E780041002B74696D650031002B72657472790030002B62756673697A6500353132002B69676E6F7265002B6E6F636F6F6B6965
type=SYSCALL msg=audit(1748731977.978:31871): arch=c000003e syscall=59 success=yes exit=0 a0=5622804c01f0 a1=5622804b6b60 a2=5622804b7a00 a3=1b6 items=2 ppid=14311 pid=14546 auid=1003 uid=1003 gid=1004 euid=1003 suid=1003 fsuid=1003 egid=1004 sgid=1004 fsgid=1004 tty=pts0 ses=32 comm="dig" exe="/usr/bin/dig" subj=unconfined
type=EXECVE msg=audit(1748731977.978:31871): argc=9 a0="dig" a1="@10.142.0.2" a2="000078-6e707a635958685644786d524a505055414868694a31384479.x" a3="A" a4="+time=1" a5="+retry=0" a6="+bufsize=512" a7="+ignore" a8="+nocookie"
type=CWD msg=audit(1748731977.978:31871): cwd="/home/alice"
type=PATH msg=audit(1748731977.978:31871): item=0 name="/usr/bin/dig" inode=6373 dev=08:01 mode=0100755 ouid=0 ogid=0 rdev=00:00 nametype=NORMAL cap_fp=0 cap_fi=0 cap_fe=0 cap_fver=0 cap_frootid=0
type=PATH msg=audit(1748731977.978:31871): item=1 name="/lib64/ld-linux-x86-64.so.2" inode=4742 dev=08:01 mode=0100755 ouid=0 ogid=0 rdev=00:00 nametype=NORMAL cap_fp=0 cap_fi=0 cap_fe=0 cap_fver=0 cap_frootid=0
type=PROCTITLE msg=audit(1748731977.978:31871): proctitle=646967004031302E3134322E302E32003030303037382D36653730376136333539353836383536343437383664353234613530353035353431343836383639346133313338343437392E780041002B74696D653D31002B72657472793D30002B62756673697A653D353132002B69676E6F7265002B6E6F636F6F6B6965
type=SYSCALL msg=audit(1748731977.982:31872): arch=c000003e syscall=42 success=yes exit=0 a0=d a1=7f31a0033808 a2=10 a3=7f31a7627454 items=0 ppid=14311 pid=14546 auid=1003 uid=1003 gid=1004 euid=1003 suid=1003 fsuid=1003 egid=1004 sgid=1004 fsgid=1004 tty=pts0 ses=32 comm="isc-net-0000" exe="/usr/bin/dig" subj=unconfined
type=SOCKADDR msg=audit(1748731977.982:31872): saddr=020000350A8E00020000000000000000
type=PROCTITLE msg=audit(1748731977.982:31872): proctitle=646967004031302E3134322E302E32003030303037382D36653730376136333539353836383536343437383664353234613530353035353431343836383639346133313338343437392E780041002B74696D650031002B72657472790030002B62756673697A6500353132002B69676E6F7265002B6E6F636F6F6B6965
type=SYSCALL msg=audit(1748731978.030:31873): arch=c000003e syscall=59 success=yes exit=0 a0=5622804c02f0 a1=5622804b6b60 a2=5622804b7a00 a3=1b6 items=2 ppid=14311 pid=14549 auid=1003 uid=1003 gid=1004 euid=1003 suid=1003 fsuid=1003 egid=1004 sgid=1004 fsgid=1004 tty=pts0 ses=32 comm="dig" exe="/usr/bin/dig" subj=unconfined
type=EXECVE msg=audit(1748731978.030:31873): argc=9 a0="dig" a1="@10.142.0.2" a2="000079-666e506870444d4f674774650a2f726235666f467571354f43.x" a3="A" a4="+time=1" a5="+retry=0" a6="+bufsize=512" a7="+ignore" a8="+nocookie"
type=CWD msg=audit(1748731978.030:31873): cwd="/home/alice"
type=PATH msg=audit(1748731978.030:31873): item=0 name="/usr/bin/dig" inode=6373 dev=08:01 mode=0100755 ouid=0 ogid=0 rdev=00:00 nametype=NORMAL cap_fp=0 cap_fi=0 cap_fe=0 cap_fver=0 cap_frootid=0
type=PATH msg=audit(1748731978.030:31873): item=1 name="/lib64/ld-linux-x86-64.so.2" inode=4742 dev=08:01 mode=0100755 ouid=0 ogid=0 rdev=00:00 nametype=NORMAL cap_fp=0 cap_fi=0 cap_fe=0 cap_fver=0 cap_frootid=0
type=PROCTITLE msg=audit(1748731978.030:31873): proctitle=646967004031302E3134322E302E32003030303037392D36363665353036383730343434643466363734373734363530613266373236323335363636663436373537313335346634332E780041002B74696D653D31002B72657472793D30002B62756673697A653D353132002B69676E6F7265002B6E6F636F6F6B6965
type=SYSCALL msg=audit(1748731978.034:31874): arch=c000003e syscall=42 success=yes exit=0 a0=d a1=7f7bbc033808 a2=10 a3=7f7bc3228454 items=0 ppid=14311 pid=14549 auid=1003 uid=1003 gid=1004 euid=1003 suid=1003 fsuid=1003 egid=1004 sgid=1004 fsgid=1004 tty=pts0 ses=32 comm="isc-net-0000" exe="/usr/bin/dig" subj=unconfined
type=SOCKADDR msg=audit(1748731978.034:31874): saddr=020000350A8E00020000000000000000
type=PROCTITLE msg=audit(1748731978.034:31874): proctitle=646967004031302E3134322E302E32003030303037392D36363665353036383730343434643466363734373734363530613266373236323335363636663436373537313335346634332E780041002B74696D650031002B72657472790030002B62756673697A6500353132002B69676E6F7265002B6E6F636F6F6B6965
type=SYSCALL msg=audit(1748731978.082:31875): arch=c000003e syscall=59 success=yes exit=0 a0=5622804c03f0 a1=5622804b6b60 a2=5622804b7a00 a3=1b6 items=2 ppid=14311 pid=14552 auid=1003 uid=1003 gid=1004 euid=1003 suid=1003 fsuid=1003 egid=1004 sgid=1004 fsgid=1004 tty=pts0 ses=32 comm="dig" exe="/usr/bin/dig" subj=unconfined
type=EXECVE msg=audit(1748731978.082:31875): argc=9 a0="dig" a1="@10.142.0.2" a2="000080-4b7a7a6746794c48766d466d4b68634935335847434b624d61.x" a3="A" a4="+time=1" a5="+retry=0" a6="+bufsize=512" a7="+ignore" a8="+nocookie"
type=CWD msg=audit(1748731978.082:31875): cwd="/home/alice"
type=PATH msg=audit(1748731978.082:31875): item=0 name="/usr/bin/dig" inode=6373 dev=08:01 mode=0100755 ouid=0 ogid=0 rdev=00:00 nametype=NORMAL cap_fp=0 cap_fi=0 cap_fe=0 cap_fver=0 cap_frootid=0
type=PATH msg=audit(1748731978.082:31875): item=1 name="/lib64/ld-linux-x86-64.so.2" inode=4742 dev=08:01 mode=0100755 ouid=0 ogid=0 rdev=00:00 nametype=NORMAL cap_fp=0 cap_fi=0 cap_fe=0 cap_fver=0 cap_frootid=0
type=PROCTITLE msg=audit(1748731978.082:31875): proctitle=646967004031302E3134322E302E32003030303038302D34623761376136373436373934633438373636643436366434623638363334393335333335383437343334623632346436312E780041002B74696D653D31002B72657472793D30002B62756673697A653D353132002B69676E6F7265002B6E6F636F6F6B6965
type=SYSCALL msg=audit(1748731978.086:31876): arch=c000003e syscall=42 success=yes exit=0 a0=d a1=7feb18033808 a2=10 a3=7feb1ef1e454 items=0 ppid=14311 pid=14552 auid=1003 uid=1003 gid=1004 euid=1003 suid=1003 fsuid=1003 egid=1004 sgid=1004 fsgid=1004 tty=pts0 ses=32 comm="isc-net-0000" exe="/usr/bin/dig" subj=unconfined
type=SOCKADDR msg=audit(1748731978.086:31876): saddr=020000350A8E00020000000000000000
type=PROCTITLE msg=audit(1748731978.086:31876): proctitle=646967004031302E3134322E302E32003030303038302D34623761376136373436373934633438373636643436366434623638363334393335333335383437343334623632346436312E780041002B74696D650031002B72657472790030002B62756673697A6500353132002B69676E6F7265002B6E6F636F6F6B6965
type=SYSCALL msg=audit(1748731978.134:31877): arch=c000003e syscall=59 success=yes exit=0 a0=5622804c04f0 a1=5622804b6b60 a2=5622804b7a00 a3=1b6 items=2 ppid=14311 pid=14555 auid=1003 uid=1003 gid=1004 euid=1003 suid=1003 fsuid=1003 egid=1004 sgid=1004 fsgid=1004 tty=pts0 ses=32 comm="dig" exe="/usr/bin/dig" subj=unconfined
type=EXECVE msg=audit(1748731978.134:31877): argc=9 a0="dig" a1="@10.142.0.2" a2="000081-4131505073722b435134746b6d537464317368514944373455.x" a3="A" a4="+time=1" a5="+retry=0" a6="+bufsize=512" a7="+ignore" a8="+nocookie"
type=CWD msg=audit(1748731978.134:31877): cwd="/home/alice"
type=PATH msg=audit(1748731978.134:31877): item=0 name="/usr/bin/dig" inode=6373 dev=08:01 mode=0100755 ouid=0 ogid=0 rdev=00:00 nametype=NORMAL cap_fp=0 cap_fi=0 cap_fe=0 cap_fver=0 cap_frootid=0
type=PATH msg=audit(1748731978.134:31877): item=1 name="/lib64/ld-linux-x86-64.so.2" inode=4742 dev=08:01 mode=0100755 ouid=0 ogid=0 rdev=00:00 nametype=NORMAL cap_fp=0 cap_fi=0 cap_fe=0 cap_fver=0 cap_frootid=0
type=PROCTITLE msg=audit(1748731978.134:31877): proctitle=646967004031302E3134322E302E32003030303038312D34313331353035303733373232623433353133343734366236643533373436343331373336383531343934343337333435352E780041002B74696D653D31002B72657472793D30002B62756673697A653D353132002B69676E6F7265002B6E6F636F6F6B6965
type=SYSCALL msg=audit(1748731978.138:31878): arch=c000003e syscall=42 success=yes exit=0 a0=d a1=7f2d94033808 a2=10 a3=7f2d9b500454 items=0 ppid=14311 pid=14555 auid=1003 uid=1003 gid=1004 euid=1003 suid=1003 fsuid=1003 egid=1004 sgid=1004 fsgid=1004 tty=pts0 ses=32 comm="isc-net-0000" exe="/usr/bin/dig" subj=unconfined
type=SOCKADDR msg=audit(1748731978.138:31878): saddr=020000350A8E00020000000000000000
type=PROCTITLE msg=audit(1748731978.138:31878): proctitle=646967004031302E3134322E302E32003030303038312D34313331353035303733373232623433353133343734366236643533373436343331373336383531343934343337333435352E780041002B74696D650031002B72657472790030002B62756673697A6500353132002B69676E6F7265002B6E6F636F6F6B6965
type=SYSCALL msg=audit(1748731978.190:31879): arch=c000003e syscall=59 success=yes exit=0 a0=5622804c08c0 a1=5622804b6b60 a2=5622804b7a00 a3=1b6 items=2 ppid=14311 pid=14558 auid=1003 uid=1003 gid=1004 euid=1003 suid=1003 fsuid=1003 egid=1004 sgid=1004 fsgid=1004 tty=pts0 ses=32 comm="dig" exe="/usr/bin/dig" subj=unconfined
type=EXECVE msg=audit(1748731978.190:31879): argc=9 a0="dig" a1="@10.142.0.2" a2="000082-65494653497a71520a74354a3663566e79635442336f566167.x" a3="A" a4="+time=1" a5="+retry=0" a6="+bufsize=512" a7="+ignore" a8="+nocookie"
type=CWD msg=audit(1748731978.190:31879): cwd="/home/alice"
type=PATH msg=audit(1748731978.190:31879): item=0 name="/usr/bin/dig" inode=6373 dev=08:01 mode=0100755 ouid=0 ogid=0 rdev=00:00 nametype=NORMAL cap_fp=0 cap_fi=0 cap_fe=0 cap_fver=0 cap_frootid=0
type=PATH msg=audit(1748731978.190:31879): item=1 name="/lib64/ld-linux-x86-64.so.2" inode=4742 dev=08:01 mode=0100755 ouid=0 ogid=0 rdev=00:00 nametype=NORMAL cap_fp=0 cap_fi=0 cap_fe=0 cap_fver=0 cap_frootid=0
type=PROCTITLE msg=audit(1748731978.190:31879): proctitle=646967004031302E3134322E302E32003030303038322D36353439343635333439376137313532306137343335346133363633353636653739363335343432333336663536363136372E780041002B74696D653D31002B72657472793D30002B62756673697A653D353132002B69676E6F7265002B6E6F636F6F6B6965
type=SYSCALL msg=audit(1748731978.194:31880): arch=c000003e syscall=42 success=yes exit=0 a0=d a1=7fe9b0033808 a2=10 a3=7fe9b8520454 items=0 ppid=14311 pid=14558 auid=1003 uid=1003 gid=1004 euid=1003 suid=1003 fsuid=1003 egid=1004 sgid=1004 fsgid=1004 tty=pts0 ses=32 comm="isc-net-0000" exe="/usr/bin/dig" subj=unconfined
type=SOCKADDR msg=audit(1748731978.194:31880): saddr=020000350A8E00020000000000000000
type=PROCTITLE msg=audit(1748731978.194:31880): proctitle=646967004031302E3134322E302E32003030303038322D36353439343635333439376137313532306137343335346133363633353636653739363335343432333336663536363136372E780041002B74696D650031002B72657472790030002B62756673697A6500353132002B69676E6F7265002B6E6F636F6F6B6965
type=SYSCALL msg=audit(1748731978.238:31881): arch=c000003e syscall=59 success=yes exit=0 a0=5622804c09c0 a1=5622804b6b60 a2=5622804b7a00 a3=1b6 items=2 ppid=14311 pid=14561 auid=1003 uid=1003 gid=1004 euid=1003 suid=1003 fsuid=1003 egid=1004 sgid=1004 fsgid=1004 tty=pts0 ses=32 comm="dig" exe="/usr/bin/dig" subj=unconfined
type=EXECVE msg=audit(1748731978.238:31881): argc=9 a0="dig" a1="@10.142.0.2" a2="000083-4f6c752b634f3638722f755255754f316c6e6b524b4e467553.x" a3="A" a4="+time=1" a5="+retry=0" a6="+bufsize=512" a7="+ignore" a8="+nocookie"
type=CWD msg=audit(1748731978.238:31881): cwd="/home/alice"
type=PATH msg=audit(1748731978.238:31881): item=0 name="/usr/bin/dig" inode=6373 dev=08:01 mode=0100755 ouid=0 ogid=0 rdev=00:00 nametype=NORMAL cap_fp=0 cap_fi=0 cap_fe=0 cap_fver=0 cap_frootid=0
type=PATH msg=audit(1748731978.238:31881): item=1 name="/lib64/ld-linux-x86-64.so.2" inode=4742 dev=08:01 mode=0100755 ouid=0 ogid=0 rdev=00:00 nametype=NORMAL cap_fp=0 cap_fi=0 cap_fe=0 cap_fver=0 cap_frootid=0
type=PROCTITLE msg=audit(1748731978.238:31881): proctitle=646967004031302E3134322E302E32003030303038332D34663663373532623633346633363338373232663735353235353735346633313663366536623532346234653436373535332E780041002B74696D653D31002B72657472793D30002B62756673697A653D353132002B69676E6F7265002B6E6F636F6F6B6965
type=SYSCALL msg=audit(1748731978.246:31882): arch=c000003e syscall=42 success=yes exit=0 a0=d a1=7f7efc033808 a2=10 a3=7f7f02ffc454 items=0 ppid=14311 pid=14561 auid=1003 uid=1003 gid=1004 euid=1003 suid=1003 fsuid=1003 egid=1004 sgid=1004 fsgid=1004 tty=pts0 ses=32 comm="isc-net-0000" exe="/usr/bin/dig" subj=unconfined
type=SOCKADDR msg=audit(1748731978.246:31882): saddr=020000350A8E00020000000000000000
type=PROCTITLE msg=audit(1748731978.246:31882): proctitle=646967004031302E3134322E302E32003030303038332D34663663373532623633346633363338373232663735353235353735346633313663366536623532346234653436373535332E780041002B74696D650031002B72657472790030002B62756673697A6500353132002B69676E6F7265002B6E6F636F6F6B6965
type=SYSCALL msg=audit(1748731978.290:31883): arch=c000003e syscall=59 success=yes exit=0 a0=5622804c0ac0 a1=5622804b6b60 a2=5622804b7a00 a3=1b6 items=2 ppid=14311 pid=14564 auid=1003 uid=1003 gid=1004 euid=1003 suid=1003 fsuid=1003 egid=1004 sgid=1004 fsgid=1004 tty=pts0 ses=32 comm="dig" exe="/usr/bin/dig" subj=unconfined
type=EXECVE msg=audit(1748731978.290:31883): argc=9 a0="dig" a1="@10.142.0.2" a2="000084-4e36764f39655034354538766a616e65694d594e6c7430637a.x" a3="A" a4="+time=1" a5="+retry=0" a6="+bufsize=512" a7="+ignore" a8="+nocookie"
type=CWD msg=audit(1748731978.290:31883): cwd="/home/alice"
type=PATH msg=audit(1748731978.290:31883): item=0 name="/usr/bin/dig" inode=6373 dev=08:01 mode=0100755 ouid=0 ogid=0 rdev=00:00 nametype=NORMAL cap_fp=0 cap_fi=0 cap_fe=0 cap_fver=0 cap_frootid=0
type=PATH msg=audit(1748731978.290:31883): item=1 name="/lib64/ld-linux-x86-64.so.2" inode=4742 dev=08:01 mode=0100755 ouid=0 ogid=0 rdev=00:00 nametype=NORMAL cap_fp=0 cap_fi=0 cap_fe=0 cap_fver=0 cap_frootid=0
type=PROCTITLE msg=audit(1748731978.290:31883): proctitle=646967004031302E3134322E302E32003030303038342D34653336373634663339363535303334333534353338373636613631366536353639346435393465366337343330363337612E780041002B74696D653D31002B72657472793D30002B62756673697A653D353132002B69676E6F7265002B6E6F636F6F6B6965
type=SYSCALL msg=audit(1748731978.298:31884): arch=c000003e syscall=42 success=yes exit=0 a0=d a1=7fd29c033808 a2=10 a3=7fd2a3f88454 items=0 ppid=14311 pid=14564 auid=1003 uid=1003 gid=1004 euid=1003 suid=1003 fsuid=1003 egid=1004 sgid=1004 fsgid=1004 tty=pts0 ses=32 comm="isc-net-0000" exe="/usr/bin/dig" subj=unconfined
type=SOCKADDR msg=audit(1748731978.298:31884): saddr=020000350A8E00020000000000000000
type=PROCTITLE msg=audit(1748731978.298:31884): proctitle=646967004031302E3134322E302E32003030303038342D34653336373634663339363535303334333534353338373636613631366536353639346435393465366337343330363337612E780041002B74696D650031002B72657472790030002B62756673697A6500353132002B69676E6F7265002B6E6F636F6F6B6965
type=SYSCALL msg=audit(1748731978.342:31885): arch=c000003e syscall=59 success=yes exit=0 a0=5622804c0bc0 a1=5622804b6b60 a2=5622804b7a00 a3=1b6 items=2 ppid=14311 pid=14567 auid=1003 uid=1003 gid=1004 euid=1003 suid=1003 fsuid=1003 egid=1004 sgid=1004 fsgid=1004 tty=pts0 ses=32 comm="dig" exe="/usr/bin/dig" subj=unconfined
type=EXECVE msg=audit(1748731978.342:31885): argc=9 a0="dig" a1="@10.142.0.2" a2="000085-4d6650740a75492f3664654c34386c466f5863536e5439596e.x" a3="A" a4="+time=1" a5="+retry=0" a6="+bufsize=512" a7="+ignore" a8="+nocookie"
type=CWD msg=audit(1748731978.342:31885): cwd="/home/alice"
type=PATH msg=audit(1748731978.342:31885): item=0 name="/usr/bin/dig" inode=6373 dev=08:01 mode=0100755 ouid=0 ogid=0 rdev=00:00 nametype=NORMAL cap_fp=0 cap_fi=0 cap_fe=0 cap_fver=0 cap_frootid=0
type=PATH msg=audit(1748731978.342:31885): item=1 name="/lib64/ld-linux-x86-64.so.2" inode=4742 dev=08:01 mode=0100755 ouid=0 ogid=0 rdev=00:00 nametype=NORMAL cap_fp=0 cap_fi=0 cap_fe=0 cap_fver=0 cap_frootid=0
type=PROCTITLE msg=audit(1748731978.342:31885): proctitle=646967004031302E3134322E302E32003030303038352D34643636353037343061373534393266333636343635346333343338366334363666353836333533366535343339353936652E780041002B74696D653D31002B72657472793D30002B62756673697A653D353132002B69676E6F7265002B6E6F636F6F6B6965
type=SYSCALL msg=audit(1748731978.346:31886): arch=c000003e syscall=42 success=yes exit=0 a0=d a1=7f7320033808 a2=10 a3=7f732565c454 items=0 ppid=14311 pid=14567 auid=1003 uid=1003 gid=1004 euid=1003 suid=1003 fsuid=1003 egid=1004 sgid=1004 fsgid=1004 tty=pts0 ses=32 comm="isc-net-0000" exe="/usr/bin/dig" subj=unconfined
type=SOCKADDR msg=audit(1748731978.346:31886): saddr=020000350A8E00020000000000000000
type=PROCTITLE msg=audit(1748731978.346:31886): proctitle=646967004031302E3134322E302E32003030303038352D34643636353037343061373534393266333636343635346333343338366334363666353836333533366535343339353936652E780041002B74696D650031002B72657472790030002B62756673697A6500353132002B69676E6F7265002B6E6F636F6F6B6965
type=SYSCALL msg=audit(1748731978.394:31887): arch=c000003e syscall=59 success=yes exit=0 a0=5622804c0cc0 a1=5622804b6b60 a2=5622804b7a00 a3=1b6 items=2 ppid=14311 pid=14570 auid=1003 uid=1003 gid=1004 euid=1003 suid=1003 fsuid=1003 egid=1004 sgid=1004 fsgid=1004 tty=pts0 ses=32 comm="dig" exe="/usr/bin/dig" subj=unconfined
type=EXECVE msg=audit(1748731978.394:31887): argc=9 a0="dig" a1="@10.142.0.2" a2="000086-536b49792f4f6257723164614c61567a58546b46534754546b.x" a3="A" a4="+time=1" a5="+retry=0" a6="+bufsize=512" a7="+ignore" a8="+nocookie"
type=CWD msg=audit(1748731978.394:31887): cwd="/home/alice"
type=PATH msg=audit(1748731978.394:31887): item=0 name="/usr/bin/dig" inode=6373 dev=08:01 mode=0100755 ouid=0 ogid=0 rdev=00:00 nametype=NORMAL cap_fp=0 cap_fi=0 cap_fe=0 cap_fver=0 cap_frootid=0
type=PATH msg=audit(1748731978.394:31887): item=1 name="/lib64/ld-linux-x86-64.so.2" inode=4742 dev=08:01 mode=0100755 ouid=0 ogid=0 rdev=00:00 nametype=NORMAL cap_fp=0 cap_fi=0 cap_fe=0 cap_fver=0 cap_frootid=0
type=PROCTITLE msg=audit(1748731978.394:31887): proctitle=646967004031302E3134322E302E32003030303038362D35333662343937393266346636323537373233313634363134633631353637613538353436623436353334373534353436622E780041002B74696D653D31002B72657472793D30002B62756673697A653D353132002B69676E6F7265002B6E6F636F6F6B6965
type=SYSCALL msg=audit(1748731978.398:31888): arch=c000003e syscall=42 success=yes exit=0 a0=d a1=7f8a98033808 a2=10 a3=7f8a9dfd8454 items=0 ppid=14311 pid=14570 auid=1003 uid=1003 gid=1004 euid=1003 suid=1003 fsuid=1003 egid=1004 sgid=1004 fsgid=1004 tty=pts0 ses=32 comm="isc-net-0000" exe="/usr/bin/dig" subj=unconfined
type=SOCKADDR msg=audit(1748731978.398:31888): saddr=020000350A8E00020000000000000000
type=PROCTITLE msg=audit(1748731978.398:31888): proctitle=646967004031302E3134322E302E32003030303038362D35333662343937393266346636323537373233313634363134633631353637613538353436623436353334373534353436622E780041002B74696D650031002B72657472790030002B62756673697A6500353132002B69676E6F7265002B6E6F636F6F6B6965
type=SYSCALL msg=audit(1748731978.450:31889): arch=c000003e syscall=59 success=yes exit=0 a0=5622804c0dc0 a1=5622804b6b60 a2=5622804b7a00 a3=1b6 items=2 ppid=14311 pid=14573 auid=1003 uid=1003 gid=1004 euid=1003 suid=1003 fsuid=1003 egid=1004 sgid=1004 fsgid=1004 tty=pts0 ses=32 comm="dig" exe="/usr/bin/dig" subj=unconfined
type=EXECVE msg=audit(1748731978.450:31889): argc=9 a0="dig" a1="@10.142.0.2" a2="000087-38554845726c6262422b33734a696b50483675556d49762b65.x" a3="A" a4="+time=1" a5="+retry=0" a6="+bufsize=512" a7="+ignore" a8="+nocookie"
type=CWD msg=audit(1748731978.450:31889): cwd="/home/alice"
type=PATH msg=audit(1748731978.450:31889): item=0 name="/usr/bin/dig" inode=6373 dev=08:01 mode=0100755 ouid=0 ogid=0 rdev=00:00 nametype=NORMAL cap_fp=0 cap_fi=0 cap_fe=0 cap_fver=0 cap_frootid=0
type=PATH msg=audit(1748731978.450:31889): item=1 name="/lib64/ld-linux-x86-64.so.2" inode=4742 dev=08:01 mode=0100755 ouid=0 ogid=0 rdev=00:00 nametype=NORMAL cap_fp=0 cap_fi=0 cap_fe=0 cap_fver=0 cap_frootid=0
type=PROCTITLE msg=audit(1748731978.450:31889): proctitle=646967004031302E3134322E302E32003030303038372D33383535343834353732366336323632343232623333373334613639366235303438333637353535366434393736326236352E780041002B74696D653D31002B72657472793D30002B62756673697A653D353132002B69676E6F7265002B6E6F636F6F6B6965
type=SYSCALL msg=audit(1748731978.454:31890): arch=c000003e syscall=42 success=yes exit=0 a0=d a1=7fc9bc033808 a2=10 a3=7fc9c155b454 items=0 ppid=14311 pid=14573 auid=1003 uid=1003 gid=1004 euid=1003 suid=1003 fsuid=1003 egid=1004 sgid=1004 fsgid=1004 tty=pts0 ses=32 comm="isc-net-0000" exe="/usr/bin/dig" subj=unconfined
type=SOCKADDR msg=audit(1748731978.454:31890): saddr=020000350A8E00020000000000000000
type=PROCTITLE msg=audit(1748731978.454:31890): proctitle=646967004031302E3134322E302E32003030303038372D33383535343834353732366336323632343232623333373334613639366235303438333637353535366434393736326236352E780041002B74696D650031002B72657472790030002B62756673697A6500353132002B69676E6F7265002B6E6F636F6F6B6965
type=SYSCALL msg=audit(1748731978.502:31891): arch=c000003e syscall=59 success=yes exit=0 a0=5622804c0ec0 a1=5622804b6b60 a2=5622804b7a00 a3=1b6 items=2 ppid=14311 pid=14576 auid=1003 uid=1003 gid=1004 euid=1003 suid=1003 fsuid=1003 egid=1004 sgid=1004 fsgid=1004 tty=pts0 ses=32 comm="dig" exe="/usr/bin/dig" subj=unconfined
type=EXECVE msg=audit(1748731978.502:31891): argc=9 a0="dig" a1="@10.142.0.2" a2="000088-0a4c79445659592b3741466634397467532f515a6e2b7a586c.x" a3="A" a4="+time=1" a5="+retry=0" a6="+bufsize=512" a7="+ignore" a8="+nocookie"
type=CWD msg=audit(1748731978.502:31891): cwd="/home/alice"
type=PATH msg=audit(1748731978.502:31891): item=0 name="/usr/bin/dig" inode=6373 dev=08:01 mode=0100755 ouid=0 ogid=0 rdev=00:00 nametype=NORMAL cap_fp=0 cap_fi=0 cap_fe=0 cap_fver=0 cap_frootid=0
type=PATH msg=audit(1748731978.502:31891): item=1 name="/lib64/ld-linux-x86-64.so.2" inode=4742 dev=08:01 mode=0100755 ouid=0 ogid=0 rdev=00:00 nametype=NORMAL cap_fp=0 cap_fi=0 cap_fe=0 cap_fver=0 cap_frootid=0
type=PROCTITLE msg=audit(1748731978.502:31891): proctitle=646967004031302E3134322E302E32003030303038382D30613463373934343536353935393262333734313436363633343339373436373533326635313561366532623761353836632E780041002B74696D653D31002B72657472793D30002B62756673697A653D353132002B69676E6F7265002B6E6F636F6F6B6965
type=SYSCALL msg=audit(1748731978.506:31892): arch=c000003e syscall=42 success=yes exit=0 a0=d a1=7f377c033808 a2=10 a3=7f37830a7454 items=0 ppid=14311 pid=14576 auid=1003 uid=1003 gid=1004 euid=1003 suid=1003 fsuid=1003 egid=1004 sgid=1004 fsgid=1004 tty=pts0 ses=32 comm="isc-net-0000" exe="/usr/bin/dig" subj=unconfined
type=SOCKADDR msg=audit(1748731978.506:31892): saddr=020000350A8E00020000000000000000
type=PROCTITLE msg=audit(1748731978.506:31892): proctitle=646967004031302E3134322E302E32003030303038382D30613463373934343536353935393262333734313436363633343339373436373533326635313561366532623761353836632E780041002B74696D650031002B72657472790030002B62756673697A6500353132002B69676E6F7265002B6E6F636F6F6B6965
type=SYSCALL msg=audit(1748731978.554:31893): arch=c000003e syscall=59 success=yes exit=0 a0=5622804c0fc0 a1=5622804b6b60 a2=5622804b7a00 a3=1b6 items=2 ppid=14311 pid=14579 auid=1003 uid=1003 gid=1004 euid=1003 suid=1003 fsuid=1003 egid=1004 sgid=1004 fsgid=1004 tty=pts0 ses=32 comm="dig" exe="/usr/bin/dig" subj=unconfined
type=EXECVE msg=audit(1748731978.554:31893): argc=9 a0="dig" a1="@10.142.0.2" a2="000089-6a536b575065334a494544364a5975763979614b3570556e53.x" a3="A" a4="+time=1" a5="+retry=0" a6="+bufsize=512" a7="+ignore" a8="+nocookie"
type=CWD msg=audit(1748731978.554:31893): cwd="/home/alice"
type=PATH msg=audit(1748731978.554:31893): item=0 name="/usr/bin/dig" inode=6373 dev=08:01 mode=0100755 ouid=0 ogid=0 rdev=00:00 nametype=NORMAL cap_fp=0 cap_fi=0 cap_fe=0 cap_fver=0 cap_frootid=0
type=PATH msg=audit(1748731978.554:31893): item=1 name="/lib64/ld-linux-x86-64.so.2" inode=4742 dev=08:01 mode=0100755 ouid=0 ogid=0 rdev=00:00 nametype=NORMAL cap_fp=0 cap_fi=0 cap_fe=0 cap_fver=0 cap_frootid=0
type=PROCTITLE msg=audit(1748731978.554:31893): proctitle=646967004031302E3134322E302E32003030303038392D36613533366235373530363533333461343934353434333634613539373537363339373936313462333537303535366535332E780041002B74696D653D31002B72657472793D30002B62756673697A653D353132002B69676E6F7265002B6E6F636F6F6B6965
type=SYSCALL msg=audit(1748731978.562:31894): arch=c000003e syscall=42 success=yes exit=0 a0=d a1=7f8288033808 a2=10 a3=7f828f8aa454 items=0 ppid=14311 pid=14579 auid=1003 uid=1003 gid=1004 euid=1003 suid=1003 fsuid=1003 egid=1004 sgid=1004 fsgid=1004 tty=pts0 ses=32 comm="isc-net-0000" exe="/usr/bin/dig" subj=unconfined
type=SOCKADDR msg=audit(1748731978.562:31894): saddr=020000350A8E00020000000000000000
type=PROCTITLE msg=audit(1748731978.562:31894): proctitle=646967004031302E3134322E302E32003030303038392D36613533366235373530363533333461343934353434333634613539373537363339373936313462333537303535366535332E780041002B74696D650031002B72657472790030002B62756673697A6500353132002B69676E6F7265002B6E6F636F6F6B6965
type=SYSCALL msg=audit(1748731978.610:31895): arch=c000003e syscall=59 success=yes exit=0 a0=5622804c13d0 a1=5622804b6b60 a2=5622804b7a00 a3=1b6 items=2 ppid=14311 pid=14582 auid=1003 uid=1003 gid=1004 euid=1003 suid=1003 fsuid=1003 egid=1004 sgid=1004 fsgid=1004 tty=pts0 ses=32 comm="dig" exe="/usr/bin/dig" subj=unconfined
type=EXECVE msg=audit(1748731978.610:31895): argc=9 a0="dig" a1="@10.142.0.2" a2="000090-55596b3351573333634a625577567461773679456a0a323969.x" a3="A" a4="+time=1" a5="+retry=0" a6="+bufsize=512" a7="+ignore" a8="+nocookie"
type=CWD msg=audit(1748731978.610:31895): cwd="/home/alice"
type=PATH msg=audit(1748731978.610:31895): item=0 name="/usr/bin/dig" inode=6373 dev=08:01 mode=0100755 ouid=0 ogid=0 rdev=00:00 nametype=NORMAL cap_fp=0 cap_fi=0 cap_fe=0 cap_fver=0 cap_frootid=0
type=PATH msg=audit(1748731978.610:31895): item=1 name="/lib64/ld-linux-x86-64.so.2" inode=4742 dev=08:01 mode=0100755 ouid=0 ogid=0 rdev=00:00 nametype=NORMAL cap_fp=0 cap_fi=0 cap_fe=0 cap_fver=0 cap_frootid=0
type=PROCTITLE msg=audit(1748731978.610:31895): proctitle=646967004031302E3134322E302E32003030303039302D35353539366233333531353733333333363334613632353537373536373436313737333637393435366130613332333936392E780041002B74696D653D31002B72657472793D30002B62756673697A653D353132002B69676E6F7265002B6E6F636F6F6B6965
type=SYSCALL msg=audit(1748731978.614:31896): arch=c000003e syscall=42 success=yes exit=0 a0=d a1=7f33d8033808 a2=10 a3=7f33dde43454 items=0 ppid=14311 pid=14582 auid=1003 uid=1003 gid=1004 euid=1003 suid=1003 fsuid=1003 egid=1004 sgid=1004 fsgid=1004 tty=pts0 ses=32 comm="isc-net-0000" exe="/usr/bin/dig" subj=unconfined
type=SOCKADDR msg=audit(1748731978.614:31896): saddr=020000350A8E00020000000000000000
type=PROCTITLE msg=audit(1748731978.614:31896): proctitle=646967004031302E3134322E302E32003030303039302D35353539366233333531353733333333363334613632353537373536373436313737333637393435366130613332333936392E780041002B74696D650031002B72657472790030002B62756673697A6500353132002B69676E6F7265002B6E6F636F6F6B6965
type=SYSCALL msg=audit(1748731978.662:31897): arch=c000003e syscall=59 success=yes exit=0 a0=5622804c14d0 a1=5622804b6b60 a2=5622804b7a00 a3=1b6 items=2 ppid=14311 pid=14585 auid=1003 uid=1003 gid=1004 euid=1003 suid=1003 fsuid=1003 egid=1004 sgid=1004 fsgid=1004 tty=pts0 ses=32 comm="dig" exe="/usr/bin/dig" subj=unconfined
type=EXECVE msg=audit(1748731978.662:31897): argc=9 a0="dig" a1="@10.142.0.2" a2="000091-684351553955516e6a37564e4275314231666f2f6b43703236.x" a3="A" a4="+time=1" a5="+retry=0" a6="+bufsize=512" a7="+ignore" a8="+nocookie"
type=CWD msg=audit(1748731978.662:31897): cwd="/home/alice"
type=PATH msg=audit(1748731978.662:31897): item=0 name="/usr/bin/dig" inode=6373 dev=08:01 mode=0100755 ouid=0 ogid=0 rdev=00:00 nametype=NORMAL cap_fp=0 cap_fi=0 cap_fe=0 cap_fver=0 cap_frootid=0
type=PATH msg=audit(1748731978.662:31897): item=1 name="/lib64/ld-linux-x86-64.so.2" inode=4742 dev=08:01 mode=0100755 ouid=0 ogid=0 rdev=00:00 nametype=NORMAL cap_fp=0 cap_fi=0 cap_fe=0 cap_fver=0 cap_frootid=0
type=PROCTITLE msg=audit(1748731978.662:31897): proctitle=646967004031302E3134322E302E32003030303039312D36383433353135353339353535313665366133373536346534323735333134323331363636663266366234333730333233362E780041002B74696D653D31002B72657472793D30002B62756673697A653D353132002B69676E6F7265002B6E6F636F6F6B6965
type=SYSCALL msg=audit(1748731978.666:31898): arch=c000003e syscall=42 success=yes exit=0 a0=d a1=7faee0033808 a2=10 a3=7faee85bd454 items=0 ppid=14311 pid=14585 auid=1003 uid=1003 gid=1004 euid=1003 suid=1003 fsuid=1003 egid=1004 sgid=1004 fsgid=1004 tty=pts0 ses=32 comm="isc-net-0000" exe="/usr/bin/dig" subj=unconfined
type=SOCKADDR msg=audit(1748731978.666:31898): saddr=020000350A8E00020000000000000000
type=PROCTITLE msg=audit(1748731978.666:31898): proctitle=646967004031302E3134322E302E32003030303039312D36383433353135353339353535313665366133373536346534323735333134323331363636663266366234333730333233362E780041002B74696D650031002B72657472790030002B62756673697A6500353132002B69676E6F7265002B6E6F636F6F6B6965
type=SYSCALL msg=audit(1748731978.710:31899): arch=c000003e syscall=59 success=yes exit=0 a0=5622804c15d0 a1=5622804b6b60 a2=5622804b7a00 a3=1b6 items=2 ppid=14311 pid=14588 auid=1003 uid=1003 gid=1004 euid=1003 suid=1003 fsuid=1003 egid=1004 sgid=1004 fsgid=1004 tty=pts0 ses=32 comm="dig" exe="/usr/bin/dig" subj=unconfined
type=EXECVE msg=audit(1748731978.710:31899): argc=9 a0="dig" a1="@10.142.0.2" a2="000092-6d686f477a793345442f62786e3545674b5566686b57475168.x" a3="A" a4="+time=1" a5="+retry=0" a6="+bufsize=512" a7="+ignore" a8="+nocookie"
type=CWD msg=audit(1748731978.710:31899): cwd="/home/alice"
type=PATH msg=audit(1748731978.710:31899): item=0 name="/usr/bin/dig" inode=6373 dev=08:01 mode=0100755 ouid=0 ogid=0 rdev=00:00 nametype=NORMAL cap_fp=0 cap_fi=0 cap_fe=0 cap_fver=0 cap_frootid=0
type=PATH msg=audit(1748731978.710:31899): item=1 name="/lib64/ld-linux-x86-64.so.2" inode=4742 dev=08:01 mode=0100755 ouid=0 ogid=0 rdev=00:00 nametype=NORMAL cap_fp=0 cap_fi=0 cap_fe=0 cap_fver=0 cap_frootid=0
type=PROCTITLE msg=audit(1748731978.710:31899): proctitle=646967004031302E3134322E302E32003030303039322D36643638366634373761373933333435343432663632373836653335343536373462353536363638366235373437353136382E780041002B74696D653D31002B72657472793D30002B62756673697A653D353132002B69676E6F7265002B6E6F636F6F6B6965
type=SYSCALL msg=audit(1748731978.718:31900): arch=c000003e syscall=42 success=yes exit=0 a0=d a1=7fea48033808 a2=10 a3=7fea4eb34454 items=0 ppid=14311 pid=14588 auid=1003 uid=1003 gid=1004 euid=1003 suid=1003 fsuid=1003 egid=1004 sgid=1004 fsgid=1004 tty=pts0 ses=32 comm="isc-net-0000" exe="/usr/bin/dig" subj=unconfined
type=SOCKADDR msg=audit(1748731978.718:31900): saddr=020000350A8E00020000000000000000
type=PROCTITLE msg=audit(1748731978.718:31900): proctitle=646967004031302E3134322E302E32003030303039322D36643638366634373761373933333435343432663632373836653335343536373462353536363638366235373437353136382E780041002B74696D650031002B72657472790030002B62756673697A6500353132002B69676E6F7265002B6E6F636F6F6B6965
type=SYSCALL msg=audit(1748731978.766:31901): arch=c000003e syscall=59 success=yes exit=0 a0=5622804c16d0 a1=5622804b6b60 a2=5622804b7a00 a3=1b6 items=2 ppid=14311 pid=14591 auid=1003 uid=1003 gid=1004 euid=1003 suid=1003 fsuid=1003 egid=1004 sgid=1004 fsgid=1004 tty=pts0 ses=32 comm="dig" exe="/usr/bin/dig" subj=unconfined
type=EXECVE msg=audit(1748731978.766:31901): argc=9 a0="dig" a1="@10.142.0.2" a2="000093-61666f6959626e706d4a464432692b39730a78724945306273.x" a3="A" a4="+time=1" a5="+retry=0" a6="+bufsize=512" a7="+ignore" a8="+nocookie"
type=CWD msg=audit(1748731978.766:31901): cwd="/home/alice"
type=PATH msg=audit(1748731978.766:31901): item=0 name="/usr/bin/dig" inode=6373 dev=08:01 mode=0100755 ouid=0 ogid=0 rdev=00:00 nametype=NORMAL cap_fp=0 cap_fi=0 cap_fe=0 cap_fver=0 cap_frootid=0
type=PATH msg=audit(1748731978.766:31901): item=1 name="/lib64/ld-linux-x86-64.so.2" inode=4742 dev=08:01 mode=0100755 ouid=0 ogid=0 rdev=00:00 nametype=NORMAL cap_fp=0 cap_fi=0 cap_fe=0 cap_fver=0 cap_frootid=0
type=PROCTITLE msg=audit(1748731978.766:31901): proctitle=646967004031302E3134322E302E32003030303039332D36313636366636393539363236653730366434613436343433323639326233393733306137383732343934353330363237332E780041002B74696D653D31002B72657472793D30002B62756673697A653D353132002B69676E6F7265002B6E6F636F6F6B6965
type=SYSCALL msg=audit(1748731978.770:31902): arch=c000003e syscall=42 success=yes exit=0 a0=d a1=7fd0e4033808 a2=10 a3=7fd0e9508454 items=0 ppid=14311 pid=14591 auid=1003 uid=1003 gid=1004 euid=1003 suid=1003 fsuid=1003 egid=1004 sgid=1004 fsgid=1004 tty=pts0 ses=32 comm="isc-net-0000" exe="/usr/bin/dig" subj=unconfined
type=SOCKADDR msg=audit(1748731978.770:31902): saddr=020000350A8E00020000000000000000
type=PROCTITLE msg=audit(1748731978.770:31902): proctitle=646967004031302E3134322E302E32003030303039332D36313636366636393539363236653730366434613436343433323639326233393733306137383732343934353330363237332E780041002B74696D650031002B72657472790030002B62756673697A6500353132002B69676E6F7265002B6E6F636F6F6B6965
type=SYSCALL msg=audit(1748731978.818:31903): arch=c000003e syscall=59 success=yes exit=0 a0=5622804c17d0 a1=5622804b6b60 a2=5622804b7a00 a3=1b6 items=2 ppid=14311 pid=14594 auid=1003 uid=1003 gid=1004 euid=1003 suid=1003 fsuid=1003 egid=1004 sgid=1004 fsgid=1004 tty=pts0 ses=32 comm="dig" exe="/usr/bin/dig" subj=unconfined
type=EXECVE msg=audit(1748731978.818:31903): argc=9 a0="dig" a1="@10.142.0.2" a2="000094-2f324437647a4157764a524861556c4d69707266716c774141.x" a3="A" a4="+time=1" a5="+retry=0" a6="+bufsize=512" a7="+ignore" a8="+nocookie"
type=CWD msg=audit(1748731978.818:31903): cwd="/home/alice"
type=PATH msg=audit(1748731978.818:31903): item=0 name="/usr/bin/dig" inode=6373 dev=08:01 mode=0100755 ouid=0 ogid=0 rdev=00:00 nametype=NORMAL cap_fp=0 cap_fi=0 cap_fe=0 cap_fver=0 cap_frootid=0
type=PATH msg=audit(1748731978.818:31903): item=1 name="/lib64/ld-linux-x86-64.so.2" inode=4742 dev=08:01 mode=0100755 ouid=0 ogid=0 rdev=00:00 nametype=NORMAL cap_fp=0 cap_fi=0 cap_fe=0 cap_fver=0 cap_frootid=0
type=PROCTITLE msg=audit(1748731978.818:31903): proctitle=646967004031302E3134322E302E32003030303039342D32663332343433373634376134313537373634613532343836313535366334643639373037323636373136633737343134312E780041002B74696D653D31002B72657472793D30002B62756673697A653D353132002B69676E6F7265002B6E6F636F6F6B6965
type=SYSCALL msg=audit(1748731978.826:31904): arch=c000003e syscall=42 success=yes exit=0 a0=d a1=7efe2c033808 a2=10 a3=7efe33214454 items=0 ppid=14311 pid=14594 auid=1003 uid=1003 gid=1004 euid=1003 suid=1003 fsuid=1003 egid=1004 sgid=1004 fsgid=1004 tty=pts0 ses=32 comm="isc-net-0000" exe="/usr/bin/dig" subj=unconfined
type=SOCKADDR msg=audit(1748731978.826:31904): saddr=020000350A8E00020000000000000000
type=PROCTITLE msg=audit(1748731978.826:31904): proctitle=646967004031302E3134322E302E32003030303039342D32663332343433373634376134313537373634613532343836313535366334643639373037323636373136633737343134312E780041002B74696D650031002B72657472790030002B62756673697A6500353132002B69676E6F7265002B6E6F636F6F6B6965
type=SYSCALL msg=audit(1748731978.870:31905): arch=c000003e syscall=59 success=yes exit=0 a0=5622804c18d0 a1=5622804b6b60 a2=5622804b7a00 a3=1b6 items=2 ppid=14311 pid=14597 auid=1003 uid=1003 gid=1004 euid=1003 suid=1003 fsuid=1003 egid=1004 sgid=1004 fsgid=1004 tty=pts0 ses=32 comm="dig" exe="/usr/bin/dig" subj=unconfined
type=EXECVE msg=audit(1748731978.870:31905): argc=9 a0="dig" a1="@10.142.0.2" a2="000095-41414d42414145414141474145546875326f4e425271526447.x" a3="A" a4="+time=1" a5="+retry=0" a6="+bufsize=512" a7="+ignore" a8="+nocookie"
type=CWD msg=audit(1748731978.870:31905): cwd="/home/alice"
type=PATH msg=audit(1748731978.870:31905): item=0 name="/usr/bin/dig" inode=6373 dev=08:01 mode=0100755 ouid=0 ogid=0 rdev=00:00 nametype=NORMAL cap_fp=0 cap_fi=0 cap_fe=0 cap_fver=0 cap_frootid=0
type=PATH msg=audit(1748731978.870:31905): item=1 name="/lib64/ld-linux-x86-64.so.2" inode=4742 dev=08:01 mode=0100755 ouid=0 ogid=0 rdev=00:00 nametype=NORMAL cap_fp=0 cap_fi=0 cap_fe=0 cap_fver=0 cap_frootid=0
type=PROCTITLE msg=audit(1748731978.870:31905): proctitle=646967004031302E3134322E302E32003030303039352D34313431346434323431343134353431343134313437343134353534363837353332366634653432353237313532363434372E780041002B74696D653D31002B72657472793D30002B62756673697A653D353132002B69676E6F7265002B6E6F636F6F6B6965
type=SYSCALL msg=audit(1748731978.874:31906): arch=c000003e syscall=42 success=yes exit=0 a0=d a1=7f6644033808 a2=10 a3=7f664ad0d454 items=0 ppid=14311 pid=14597 auid=1003 uid=1003 gid=1004 euid=1003 suid=1003 fsuid=1003 egid=1004 sgid=1004 fsgid=1004 tty=pts0 ses=32 comm="isc-net-0000" exe="/usr/bin/dig" subj=unconfined
type=SOCKADDR msg=audit(1748731978.874:31906): saddr=020000350A8E00020000000000000000
type=PROCTITLE msg=audit(1748731978.874:31906): proctitle=646967004031302E3134322E302E32003030303039352D34313431346434323431343134353431343134313437343134353534363837353332366634653432353237313532363434372E780041002B74696D650031002B72657472790030002B62756673697A6500353132002B69676E6F7265002B6E6F636F6F6B6965
type=SYSCALL msg=audit(1748731978.922:31907): arch=c000003e syscall=59 success=yes exit=0 a0=5622804c19d0 a1=5622804b6b60 a2=5622804b7a00 a3=1b6 items=2 ppid=14311 pid=14600 auid=1003 uid=1003 gid=1004 euid=1003 suid=1003 fsuid=1003 egid=1004 sgid=1004 fsgid=1004 tty=pts0 ses=32 comm="dig" exe="/usr/bin/dig" subj=unconfined
type=EXECVE msg=audit(1748731978.922:31907): argc=9 a0="dig" a1="@10.142.0.2" a2="000096-636c303155664f2f2f714a76300a713973692b475470345a4d.x" a3="A" a4="+time=1" a5="+retry=0" a6="+bufsize=512" a7="+ignore" a8="+nocookie"
type=CWD msg=audit(1748731978.922:31907): cwd="/home/alice"
type=PATH msg=audit(1748731978.922:31907): item=0 name="/usr/bin/dig" inode=6373 dev=08:01 mode=0100755 ouid=0 ogid=0 rdev=00:00 nametype=NORMAL cap_fp=0 cap_fi=0 cap_fe=0 cap_fver=0 cap_frootid=0
type=PATH msg=audit(1748731978.922:31907): item=1 name="/lib64/ld-linux-x86-64.so.2" inode=4742 dev=08:01 mode=0100755 ouid=0 ogid=0 rdev=00:00 nametype=NORMAL cap_fp=0 cap_fi=0 cap_fe=0 cap_fver=0 cap_frootid=0
type=PROCTITLE msg=audit(1748731978.922:31907): proctitle=646967004031302E3134322E302E32003030303039362D36333663333033313535363634663266326637313461373633303061373133393733363932623437353437303334356134642E780041002B74696D653D31002B72657472793D30002B62756673697A653D353132002B69676E6F7265002B6E6F636F6F6B6965
type=SYSCALL msg=audit(1748731978.930:31908): arch=c000003e syscall=42 success=yes exit=0 a0=d a1=7fed9c033808 a2=10 a3=7feda34d2454 items=0 ppid=14311 pid=14600 auid=1003 uid=1003 gid=1004 euid=1003 suid=1003 fsuid=1003 egid=1004 sgid=1004 fsgid=1004 tty=pts0 ses=32 comm="isc-net-0000" exe="/usr/bin/dig" subj=unconfined
type=SOCKADDR msg=audit(1748731978.930:31908): saddr=020000350A8E00020000000000000000
type=PROCTITLE msg=audit(1748731978.930:31908): proctitle=646967004031302E3134322E302E32003030303039362D36333663333033313535363634663266326637313461373633303061373133393733363932623437353437303334356134642E780041002B74696D650031002B72657472790030002B62756673697A6500353132002B69676E6F7265002B6E6F636F6F6B6965
type=SYSCALL msg=audit(1748731978.974:31909): arch=c000003e syscall=59 success=yes exit=0 a0=5622804c1ad0 a1=5622804b6b60 a2=5622804b7a00 a3=1b6 items=2 ppid=14311 pid=14603 auid=1003 uid=1003 gid=1004 euid=1003 suid=1003 fsuid=1003 egid=1004 sgid=1004 fsgid=1004 tty=pts0 ses=32 comm="dig" exe="/usr/bin/dig" subj=unconfined
type=EXECVE msg=audit(1748731978.974:31909): argc=9 a0="dig" a1="@10.142.0.2" a2="000097-696a7245745450705750424b744636784863474a32656d7479.x" a3="A" a4="+time=1" a5="+retry=0" a6="+bufsize=512" a7="+ignore" a8="+nocookie"
type=CWD msg=audit(1748731978.974:31909): cwd="/home/alice"
type=PATH msg=audit(1748731978.974:31909): item=0 name="/usr/bin/dig" inode=6373 dev=08:01 mode=0100755 ouid=0 ogid=0 rdev=00:00 nametype=NORMAL cap_fp=0 cap_fi=0 cap_fe=0 cap_fver=0 cap_frootid=0
type=PATH msg=audit(1748731978.974:31909): item=1 name="/lib64/ld-linux-x86-64.so.2" inode=4742 dev=08:01 mode=0100755 ouid=0 ogid=0 rdev=00:00 nametype=NORMAL cap_fp=0 cap_fi=0 cap_fe=0 cap_fver=0 cap_frootid=0
type=PROCTITLE msg=audit(1748731978.974:31909): proctitle=646967004031302E3134322E302E32003030303039372D36393661373234353734353435303730353735303432346237343436333637383438363334373461333236353664373437392E780041002B74696D653D31002B72657472793D30002B62756673697A653D353132002B69676E6F7265002B6E6F636F6F6B6965
type=SYSCALL msg=audit(1748731978.978:31910): arch=c000003e syscall=42 success=yes exit=0 a0=d a1=7f0be8033808 a2=10 a3=7f0bedc42454 items=0 ppid=14311 pid=14603 auid=1003 uid=1003 gid=1004 euid=1003 suid=1003 fsuid=1003 egid=1004 sgid=1004 fsgid=1004 tty=pts0 ses=32 comm="isc-net-0000" exe="/usr/bin/dig" subj=unconfined
type=SOCKADDR msg=audit(1748731978.978:31910): saddr=020000350A8E00020000000000000000
type=PROCTITLE msg=audit(1748731978.978:31910): proctitle=646967004031302E3134322E302E32003030303039372D36393661373234353734353435303730353735303432346237343436333637383438363334373461333236353664373437392E780041002B74696D650031002B72657472790030002B62756673697A6500353132002B69676E6F7265002B6E6F636F6F6B6965
type=SYSCALL msg=audit(1748731979.026:31911): arch=c000003e syscall=59 success=yes exit=0 a0=5622804c1f50 a1=5622804b6b60 a2=5622804b7a00 a3=1b6 items=2 ppid=14311 pid=14606 auid=1003 uid=1003 gid=1004 euid=1003 suid=1003 fsuid=1003 egid=1004 sgid=1004 fsgid=1004 tty=pts0 ses=32 comm="dig" exe="/usr/bin/dig" subj=unconfined
type=EXECVE msg=audit(1748731979.026:31911): argc=9 a0="dig" a1="@10.142.0.2" a2="000098-3031755847324d6f7758334c6675666132493843774d31564c.x" a3="A" a4="+time=1" a5="+retry=0" a6="+bufsize=512" a7="+ignore" a8="+nocookie"
type=CWD msg=audit(1748731979.026:31911): cwd="/home/alice"
type=PATH msg=audit(1748731979.026:31911): item=0 name="/usr/bin/dig" inode=6373 dev=08:01 mode=0100755 ouid=0 ogid=0 rdev=00:00 nametype=NORMAL cap_fp=0 cap_fi=0 cap_fe=0 cap_fver=0 cap_frootid=0
type=PATH msg=audit(1748731979.026:31911): item=1 name="/lib64/ld-linux-x86-64.so.2" inode=4742 dev=08:01 mode=0100755 ouid=0 ogid=0 rdev=00:00 nametype=NORMAL cap_fp=0 cap_fi=0 cap_fe=0 cap_fver=0 cap_frootid=0
type=PROCTITLE msg=audit(1748731979.026:31911): proctitle=646967004031302E3134322E302E32003030303039382D33303331373535383437333234643666373735383333346336363735363636313332343933383433373734643331353634632E780041002B74696D653D31002B72657472793D30002B62756673697A653D353132002B69676E6F7265002B6E6F636F6F6B6965
type=SYSCALL msg=audit(1748731979.030:31912): arch=c000003e syscall=42 success=yes exit=0 a0=d a1=7f56d0033808 a2=10 a3=7f56d4eb0454 items=0 ppid=14311 pid=14606 auid=1003 uid=1003 gid=1004 euid=1003 suid=1003 fsuid=1003 egid=1004 sgid=1004 fsgid=1004 tty=pts0 ses=32 comm="isc-net-0000" exe="/usr/bin/dig" subj=unconfined
type=SOCKADDR msg=audit(1748731979.030:31912): saddr=020000350A8E00020000000000000000
type=PROCTITLE msg=audit(1748731979.030:31912): proctitle=646967004031302E3134322E302E32003030303039382D33303331373535383437333234643666373735383333346336363735363636313332343933383433373734643331353634632E780041002B74696D650031002B72657472790030002B62756673697A6500353132002B69676E6F7265002B6E6F636F6F6B6965
type=SYSCALL msg=audit(1748731979.078:31913): arch=c000003e syscall=59 success=yes exit=0 a0=5622804c2020 a1=5622804b6b60 a2=5622804b7a00 a3=1b6 items=2 ppid=14311 pid=14609 auid=1003 uid=1003 gid=1004 euid=1003 suid=1003 fsuid=1003 egid=1004 sgid=1004 fsgid=1004 tty=pts0 ses=32 comm="dig" exe="/usr/bin/dig" subj=unconfined
type=EXECVE msg=audit(1748731979.078:31913): argc=9 a0="dig" a1="@10.142.0.2" a2="000099-47545957666f5a504e0a474e50514176634661564d37675932.x" a3="A" a4="+time=1" a5="+retry=0" a6="+bufsize=512" a7="+ignore" a8="+nocookie"
type=CWD msg=audit(1748731979.078:31913): cwd="/home/alice"
type=PATH msg=audit(1748731979.078:31913): item=0 name="/usr/bin/dig" inode=6373 dev=08:01 mode=0100755 ouid=0 ogid=0 rdev=00:00 nametype=NORMAL cap_fp=0 cap_fi=0 cap_fe=0 cap_fver=0 cap_frootid=0
type=PATH msg=audit(1748731979.078:31913): item=1 name="/lib64/ld-linux-x86-64.so.2" inode=4742 dev=08:01 mode=0100755 ouid=0 ogid=0 rdev=00:00 nametype=NORMAL cap_fp=0 cap_fi=0 cap_fe=0 cap_fver=0 cap_frootid=0
type=PROCTITLE msg=audit(1748731979.078:31913): proctitle=646967004031302E3134322E302E32003030303039392D34373534353935373636366635613530346530613437346535303531343137363633343636313536346433373637353933322E780041002B74696D653D31002B72657472793D30002B62756673697A653D353132002B69676E6F7265002B6E6F636F6F6B6965
type=SYSCALL msg=audit(1748731979.082:31914): arch=c000003e syscall=42 success=yes exit=0 a0=d a1=7f3d04033808 a2=10 a3=7f3d09662454 items=0 ppid=14311 pid=14609 auid=1003 uid=1003 gid=1004 euid=1003 suid=1003 fsuid=1003 egid=1004 sgid=1004 fsgid=1004 tty=pts0 ses=32 comm="isc-net-0000" exe="/usr/bin/dig" subj=unconfined
type=SOCKADDR msg=audit(1748731979.082:31914): saddr=020000350A8E00020000000000000000
type=PROCTITLE msg=audit(1748731979.082:31914): proctitle=646967004031302E3134322E302E32003030303039392D34373534353935373636366635613530346530613437346535303531343137363633343636313536346433373637353933322E780041002B74696D650031002B72657472790030002B62756673697A6500353132002B69676E6F7265002B6E6F636F6F6B6965
type=SYSCALL msg=audit(1748731979.126:31915): arch=c000003e syscall=59 success=yes exit=0 a0=5622804c2120 a1=5622804b6b60 a2=5622804b7a00 a3=1b6 items=2 ppid=14311 pid=14612 auid=1003 uid=1003 gid=1004 euid=1003 suid=1003 fsuid=1003 egid=1004 sgid=1004 fsgid=1004 tty=pts0 ses=32 comm="dig" exe="/usr/bin/dig" subj=unconfined
type=EXECVE msg=audit(1748731979.126:31915): argc=9 a0="dig" a1="@10.142.0.2" a2="000100-657455356e2b6a6b78516b2f4c356248393176387039487865.x" a3="A" a4="+time=1" a5="+retry=0" a6="+bufsize=512" a7="+ignore" a8="+nocookie"
type=CWD msg=audit(1748731979.126:31915): cwd="/home/alice"
type=PATH msg=audit(1748731979.126:31915): item=0 name="/usr/bin/dig" inode=6373 dev=08:01 mode=0100755 ouid=0 ogid=0 rdev=00:00 nametype=NORMAL cap_fp=0 cap_fi=0 cap_fe=0 cap_fver=0 cap_frootid=0
type=PATH msg=audit(1748731979.126:31915): item=1 name="/lib64/ld-linux-x86-64.so.2" inode=4742 dev=08:01 mode=0100755 ouid=0 ogid=0 rdev=00:00 nametype=NORMAL cap_fp=0 cap_fi=0 cap_fe=0 cap_fver=0 cap_frootid=0
type=PROCTITLE msg=audit(1748731979.126:31915): proctitle=646967004031302E3134322E302E32003030303130302D36353734353533353665326236613662373835313662326634633335363234383339333137363338373033393438373836352E780041002B74696D653D31002B72657472793D30002B62756673697A653D353132002B69676E6F7265002B6E6F636F6F6B6965
type=SYSCALL msg=audit(1748731979.134:31916): arch=c000003e syscall=42 success=yes exit=0 a0=d a1=7f6190033808 a2=10 a3=7f6194fad454 items=0 ppid=14311 pid=14612 auid=1003 uid=1003 gid=1004 euid=1003 suid=1003 fsuid=1003 egid=1004 sgid=1004 fsgid=1004 tty=pts0 ses=32 comm="isc-net-0000" exe="/usr/bin/dig" subj=unconfined
type=SOCKADDR msg=audit(1748731979.134:31916): saddr=020000350A8E00020000000000000000
type=PROCTITLE msg=audit(1748731979.134:31916): proctitle=646967004031302E3134322E302E32003030303130302D36353734353533353665326236613662373835313662326634633335363234383339333137363338373033393438373836352E780041002B74696D650031002B72657472790030002B62756673697A6500353132002B69676E6F7265002B6E6F636F6F6B6965
type=SYSCALL msg=audit(1748731979.178:31917): arch=c000003e syscall=59 success=yes exit=0 a0=5622804c2220 a1=5622804b6b60 a2=5622804b7a00 a3=1b6 items=2 ppid=14311 pid=14615 auid=1003 uid=1003 gid=1004 euid=1003 suid=1003 fsuid=1003 egid=1004 sgid=1004 fsgid=1004 tty=pts0 ses=32 comm="dig" exe="/usr/bin/dig" subj=unconfined
type=EXECVE msg=audit(1748731979.178:31917): argc=9 a0="dig" a1="@10.142.0.2" a2="000101-544345575a49394e7a784b42626d6b2f2b61756f31547a4379.x" a3="A" a4="+time=1" a5="+retry=0" a6="+bufsize=512" a7="+ignore" a8="+nocookie"
type=CWD msg=audit(1748731979.178:31917): cwd="/home/alice"
type=PATH msg=audit(1748731979.178:31917): item=0 name="/usr/bin/dig" inode=6373 dev=08:01 mode=0100755 ouid=0 ogid=0 rdev=00:00 nametype=NORMAL cap_fp=0 cap_fi=0 cap_fe=0 cap_fver=0 cap_frootid=0
type=PATH msg=audit(1748731979.178:31917): item=1 name="/lib64/ld-linux-x86-64.so.2" inode=4742 dev=08:01 mode=0100755 ouid=0 ogid=0 rdev=00:00 nametype=NORMAL cap_fp=0 cap_fi=0 cap_fe=0 cap_fver=0 cap_frootid=0
type=PROCTITLE msg=audit(1748731979.178:31917): proctitle=646967004031302E3134322E302E32003030303130312D35343433343535373561343933393465376137383462343236323664366232663262363137353666333135343761343337392E780041002B74696D653D31002B72657472793D30002B62756673697A653D353132002B69676E6F7265002B6E6F636F6F6B6965
type=SYSCALL msg=audit(1748731979.182:31918): arch=c000003e syscall=42 success=yes exit=0 a0=d a1=7f79e0033808 a2=10 a3=7f79e7756454 items=0 ppid=14311 pid=14615 auid=1003 uid=1003 gid=1004 euid=1003 suid=1003 fsuid=1003 egid=1004 sgid=1004 fsgid=1004 tty=pts0 ses=32 comm="isc-net-0000" exe="/usr/bin/dig" subj=unconfined
type=SOCKADDR msg=audit(1748731979.182:31918): saddr=020000350A8E00020000000000000000
type=PROCTITLE msg=audit(1748731979.182:31918): proctitle=646967004031302E3134322E302E32003030303130312D35343433343535373561343933393465376137383462343236323664366232663262363137353666333135343761343337392E780041002B74696D650031002B72657472790030002B62756673697A6500353132002B69676E6F7265002B6E6F636F6F6B6965
type=SYSCALL msg=audit(1748731979.230:31919): arch=c000003e syscall=59 success=yes exit=0 a0=5622804c2320 a1=5622804b6b60 a2=5622804b7a00 a3=1b6 items=2 ppid=14311 pid=14618 auid=1003 uid=1003 gid=1004 euid=1003 suid=1003 fsuid=1003 egid=1004 sgid=1004 fsgid=1004 tty=pts0 ses=32 comm="dig" exe="/usr/bin/dig" subj=unconfined
type=EXECVE msg=audit(1748731979.230:31919): argc=9 a0="dig" a1="@10.142.0.2" a2="000102-74597239570a2b436d575a676a536e546f487079686c327344.x" a3="A" a4="+time=1" a5="+retry=0" a6="+bufsize=512" a7="+ignore" a8="+nocookie"
type=CWD msg=audit(1748731979.230:31919): cwd="/home/alice"
type=PATH msg=audit(1748731979.230:31919): item=0 name="/usr/bin/dig" inode=6373 dev=08:01 mode=0100755 ouid=0 ogid=0 rdev=00:00 nametype=NORMAL cap_fp=0 cap_fi=0 cap_fe=0 cap_fver=0 cap_frootid=0
type=PATH msg=audit(1748731979.230:31919): item=1 name="/lib64/ld-linux-x86-64.so.2" inode=4742 dev=08:01 mode=0100755 ouid=0 ogid=0 rdev=00:00 nametype=NORMAL cap_fp=0 cap_fi=0 cap_fe=0 cap_fver=0 cap_frootid=0
type=PROCTITLE msg=audit(1748731979.230:31919): proctitle=646967004031302E3134322E302E32003030303130322D37343539373233393537306132623433366435373561363736613533366535343666343837303739363836633332373334342E780041002B74696D653D31002B72657472793D30002B62756673697A653D353132002B69676E6F7265002B6E6F636F6F6B6965
type=SYSCALL msg=audit(1748731979.238:31920): arch=c000003e syscall=42 success=yes exit=0 a0=d a1=7f00e8033808 a2=10 a3=7f00f0773454 items=0 ppid=14311 pid=14618 auid=1003 uid=1003 gid=1004 euid=1003 suid=1003 fsuid=1003 egid=1004 sgid=1004 fsgid=1004 tty=pts0 ses=32 comm="isc-net-0000" exe="/usr/bin/dig" subj=unconfined
type=SOCKADDR msg=audit(1748731979.238:31920): saddr=020000350A8E00020000000000000000
type=PROCTITLE msg=audit(1748731979.238:31920): proctitle=646967004031302E3134322E302E32003030303130322D37343539373233393537306132623433366435373561363736613533366535343666343837303739363836633332373334342E780041002B74696D650031002B72657472790030002B62756673697A6500353132002B69676E6F7265002B6E6F636F6F6B6965
type=SYSCALL msg=audit(1748731979.286:31921): arch=c000003e syscall=59 success=yes exit=0 a0=5622804c2420 a1=5622804b6b60 a2=5622804b7a00 a3=1b6 items=2 ppid=14311 pid=14621 auid=1003 uid=1003 gid=1004 euid=1003 suid=1003 fsuid=1003 egid=1004 sgid=1004 fsgid=1004 tty=pts0 ses=32 comm="dig" exe="/usr/bin/dig" subj=unconfined
type=EXECVE msg=audit(1748731979.286:31921): argc=9 a0="dig" a1="@10.142.0.2" a2="000103-567564663372783371455557536c553235766a55766e64764d.x" a3="A" a4="+time=1" a5="+retry=0" a6="+bufsize=512" a7="+ignore" a8="+nocookie"
type=CWD msg=audit(1748731979.286:31921): cwd="/home/alice"
type=PATH msg=audit(1748731979.286:31921): item=0 name="/usr/bin/dig" inode=6373 dev=08:01 mode=0100755 ouid=0 ogid=0 rdev=00:00 nametype=NORMAL cap_fp=0 cap_fi=0 cap_fe=0 cap_fver=0 cap_frootid=0
type=PATH msg=audit(1748731979.286:31921): item=1 name="/lib64/ld-linux-x86-64.so.2" inode=4742 dev=08:01 mode=0100755 ouid=0 ogid=0 rdev=00:00 nametype=NORMAL cap_fp=0 cap_fi=0 cap_fe=0 cap_fver=0 cap_frootid=0
type=PROCTITLE msg=audit(1748731979.286:31921): proctitle=646967004031302E3134322E302E32003030303130332D35363735363436363333373237383333373134353535353735333663353533323335373636613535373636653634373634642E780041002B74696D653D31002B72657472793D30002B62756673697A653D353132002B69676E6F7265002B6E6F636F6F6B6965
type=SYSCALL msg=audit(1748731979.290:31922): arch=c000003e syscall=42 success=yes exit=0 a0=d a1=7fece0033808 a2=10 a3=7fece726a454 items=0 ppid=14311 pid=14621 auid=1003 uid=1003 gid=1004 euid=1003 suid=1003 fsuid=1003 egid=1004 sgid=1004 fsgid=1004 tty=pts0 ses=32 comm="isc-net-0000" exe="/usr/bin/dig" subj=unconfined
type=SOCKADDR msg=audit(1748731979.290:31922): saddr=020000350A8E00020000000000000000
type=PROCTITLE msg=audit(1748731979.290:31922): proctitle=646967004031302E3134322E302E32003030303130332D35363735363436363333373237383333373134353535353735333663353533323335373636613535373636653634373634642E780041002B74696D650031002B72657472790030002B62756673697A6500353132002B69676E6F7265002B6E6F636F6F6B6965
type=SYSCALL msg=audit(1748731979.338:31923): arch=c000003e syscall=59 success=yes exit=0 a0=5622804c2520 a1=5622804b6b60 a2=5622804b7a00 a3=1b6 items=2 ppid=14311 pid=14624 auid=1003 uid=1003 gid=1004 euid=1003 suid=1003 fsuid=1003 egid=1004 sgid=1004 fsgid=1004 tty=pts0 ses=32 comm="dig" exe="/usr/bin/dig" subj=unconfined
type=EXECVE msg=audit(1748731979.338:31923): argc=9 a0="dig" a1="@10.142.0.2" a2="000104-7557427a42754553755a7a426166686635766a6d596a476570.x" a3="A" a4="+time=1" a5="+retry=0" a6="+bufsize=512" a7="+ignore" a8="+nocookie"
type=CWD msg=audit(1748731979.338:31923): cwd="/home/alice"
type=PATH msg=audit(1748731979.338:31923): item=0 name="/usr/bin/dig" inode=6373 dev=08:01 mode=0100755 ouid=0 ogid=0 rdev=00:00 nametype=NORMAL cap_fp=0 cap_fi=0 cap_fe=0 cap_fver=0 cap_frootid=0
type=PATH msg=audit(1748731979.338:31923): item=1 name="/lib64/ld-linux-x86-64.so.2" inode=4742 dev=08:01 mode=0100755 ouid=0 ogid=0 rdev=00:00 nametype=NORMAL cap_fp=0 cap_fi=0 cap_fe=0 cap_fver=0 cap_frootid=0
type=PROCTITLE msg=audit(1748731979.338:31923): proctitle=646967004031302E3134322E302E32003030303130342D37353537343237613432373534353533373535613761343236313636363836363335373636613664353936613437363537302E780041002B74696D653D31002B72657472793D30002B62756673697A653D353132002B69676E6F7265002B6E6F636F6F6B6965
type=SYSCALL msg=audit(1748731979.346:31924): arch=c000003e syscall=42 success=yes exit=0 a0=d a1=7f73fc033808 a2=10 a3=7f74024f8454 items=0 ppid=14311 pid=14624 auid=1003 uid=1003 gid=1004 euid=1003 suid=1003 fsuid=1003 egid=1004 sgid=1004 fsgid=1004 tty=pts0 ses=32 comm="isc-net-0000" exe="/usr/bin/dig" subj=unconfined
type=SOCKADDR msg=audit(1748731979.346:31924): saddr=020000350A8E00020000000000000000
type=PROCTITLE msg=audit(1748731979.346:31924): proctitle=646967004031302E3134322E302E32003030303130342D37353537343237613432373534353533373535613761343236313636363836363335373636613664353936613437363537302E780041002B74696D650031002B72657472790030002B62756673697A6500353132002B69676E6F7265002B6E6F636F6F6B6965
type=SYSCALL msg=audit(1748731979.390:31925): arch=c000003e syscall=59 success=yes exit=0 a0=5622804c2620 a1=5622804b6b60 a2=5622804b7a00 a3=1b6 items=2 ppid=14311 pid=14627 auid=1003 uid=1003 gid=1004 euid=1003 suid=1003 fsuid=1003 egid=1004 sgid=1004 fsgid=1004 tty=pts0 ses=32 comm="dig" exe="/usr/bin/dig" subj=unconfined
type=EXECVE msg=audit(1748731979.390:31925): argc=9 a0="dig" a1="@10.142.0.2" a2="000105-640a57714a63374b496b655a683552737a595354636a676c33.x" a3="A" a4="+time=1" a5="+retry=0" a6="+bufsize=512" a7="+ignore" a8="+nocookie"
type=CWD msg=audit(1748731979.390:31925): cwd="/home/alice"
type=PATH msg=audit(1748731979.390:31925): item=0 name="/usr/bin/dig" inode=6373 dev=08:01 mode=0100755 ouid=0 ogid=0 rdev=00:00 nametype=NORMAL cap_fp=0 cap_fi=0 cap_fe=0 cap_fver=0 cap_frootid=0
type=PATH msg=audit(1748731979.390:31925): item=1 name="/lib64/ld-linux-x86-64.so.2" inode=4742 dev=08:01 mode=0100755 ouid=0 ogid=0 rdev=00:00 nametype=NORMAL cap_fp=0 cap_fi=0 cap_fe=0 cap_fver=0 cap_frootid=0
type=PROCTITLE msg=audit(1748731979.390:31925): proctitle=646967004031302E3134322E302E32003030303130352D36343061353737313461363333373462343936623635356136383335353237333761353935333534363336613637366333332E780041002B74696D653D31002B72657472793D30002B62756673697A653D353132002B69676E6F7265002B6E6F636F6F6B6965
type=SYSCALL msg=audit(1748731979.398:31926): arch=c000003e syscall=42 success=yes exit=0 a0=d a1=7fae70033808 a2=10 a3=7fae7687d454 items=0 ppid=14311 pid=14627 auid=1003 uid=1003 gid=1004 euid=1003 suid=1003 fsuid=1003 egid=1004 sgid=1004 fsgid=1004 tty=pts0 ses=32 comm="isc-net-0000" exe="/usr/bin/dig" subj=unconfined
type=SOCKADDR msg=audit(1748731979.398:31926): saddr=020000350A8E00020000000000000000
type=PROCTITLE msg=audit(1748731979.398:31926): proctitle=646967004031302E3134322E302E32003030303130352D36343061353737313461363333373462343936623635356136383335353237333761353935333534363336613637366333332E780041002B74696D650031002B72657472790030002B62756673697A6500353132002B69676E6F7265002B6E6F636F6F6B6965
type=SYSCALL msg=audit(1748731979.446:31927): arch=c000003e syscall=59 success=yes exit=0 a0=5622804c2ab0 a1=5622804b6b60 a2=5622804b7a00 a3=1b6 items=2 ppid=14311 pid=14630 auid=1003 uid=1003 gid=1004 euid=1003 suid=1003 fsuid=1003 egid=1004 sgid=1004 fsgid=1004 tty=pts0 ses=32 comm="dig" exe="/usr/bin/dig" subj=unconfined
type=EXECVE msg=audit(1748731979.446:31927): argc=9 a0="dig" a1="@10.142.0.2" a2="000106-59476b584d494c4763464175677744476d6e31656536424b4a.x" a3="A" a4="+time=1" a5="+retry=0" a6="+bufsize=512" a7="+ignore" a8="+nocookie"
type=CWD msg=audit(1748731979.446:31927): cwd="/home/alice"
type=PATH msg=audit(1748731979.446:31927): item=0 name="/usr/bin/dig" inode=6373 dev=08:01 mode=0100755 ouid=0 ogid=0 rdev=00:00 nametype=NORMAL cap_fp=0 cap_fi=0 cap_fe=0 cap_fver=0 cap_frootid=0
type=PATH msg=audit(1748731979.446:31927): item=1 name="/lib64/ld-linux-x86-64.so.2" inode=4742 dev=08:01 mode=0100755 ouid=0 ogid=0 rdev=00:00 nametype=NORMAL cap_fp=0 cap_fi=0 cap_fe=0 cap_fver=0 cap_frootid=0
type=PROCTITLE msg=audit(1748731979.446:31927): proctitle=646967004031302E3134322E302E32003030303130362D35393437366235383464343934633437363334363431373536373737343434373664366533313635363533363432346234612E780041002B74696D653D31002B72657472793D30002B62756673697A653D353132002B69676E6F7265002B6E6F636F6F6B6965
type=SYSCALL msg=audit(1748731979.450:31928): arch=c000003e syscall=42 success=yes exit=0 a0=d a1=7f06d0033808 a2=10 a3=7f06d6b38454 items=0 ppid=14311 pid=14630 auid=1003 uid=1003 gid=1004 euid=1003 suid=1003 fsuid=1003 egid=1004 sgid=1004 fsgid=1004 tty=pts0 ses=32 comm="isc-net-0000" exe="/usr/bin/dig" subj=unconfined
type=SOCKADDR msg=audit(1748731979.450:31928): saddr=020000350A8E00020000000000000000
type=PROCTITLE msg=audit(1748731979.450:31928): proctitle=646967004031302E3134322E302E32003030303130362D35393437366235383464343934633437363334363431373536373737343434373664366533313635363533363432346234612E780041002B74696D650031002B72657472790030002B62756673697A6500353132002B69676E6F7265002B6E6F636F6F6B6965
type=SYSCALL msg=audit(1748731979.498:31929): arch=c000003e syscall=59 success=yes exit=0 a0=5622804c2bb0 a1=5622804b6b60 a2=5622804b7a00 a3=1b6 items=2 ppid=14311 pid=14633 auid=1003 uid=1003 gid=1004 euid=1003 suid=1003 fsuid=1003 egid=1004 sgid=1004 fsgid=1004 tty=pts0 ses=32 comm="dig" exe="/usr/bin/dig" subj=unconfined
type=EXECVE msg=audit(1748731979.498:31929): argc=9 a0="dig" a1="@10.142.0.2" a2="000107-356c436f42725951362b525a78617868764e7a63496e0a456a.x" a3="A" a4="+time=1" a5="+retry=0" a6="+bufsize=512" a7="+ignore" a8="+nocookie"
type=CWD msg=audit(1748731979.498:31929): cwd="/home/alice"
type=PATH msg=audit(1748731979.498:31929): item=0 name="/usr/bin/dig" inode=6373 dev=08:01 mode=0100755 ouid=0 ogid=0 rdev=00:00 nametype=NORMAL cap_fp=0 cap_fi=0 cap_fe=0 cap_fver=0 cap_frootid=0
type=PATH msg=audit(1748731979.498:31929): item=1 name="/lib64/ld-linux-x86-64.so.2" inode=4742 dev=08:01 mode=0100755 ouid=0 ogid=0 rdev=00:00 nametype=NORMAL cap_fp=0 cap_fi=0 cap_fe=0 cap_fver=0 cap_frootid=0
type=PROCTITLE msg=audit(1748731979.498:31929): proctitle=646967004031302E3134322E302E32003030303130372D33353663343336663432373235393531333632623532356137383631373836383736346537613633343936653061343536612E780041002B74696D653D31002B72657472793D30002B62756673697A653D353132002B69676E6F7265002B6E6F636F6F6B6965
type=SYSCALL msg=audit(1748731979.502:31930): arch=c000003e syscall=42 success=yes exit=0 a0=d a1=7fccf8033808 a2=10 a3=7fccff3b0454 items=0 ppid=14311 pid=14633 auid=1003 uid=1003 gid=1004 euid=1003 suid=1003 fsuid=1003 egid=1004 sgid=1004 fsgid=1004 tty=pts0 ses=32 comm="isc-net-0000" exe="/usr/bin/dig" subj=unconfined
type=SOCKADDR msg=audit(1748731979.502:31930): saddr=020000350A8E00020000000000000000
type=PROCTITLE msg=audit(1748731979.502:31930): proctitle=646967004031302E3134322E302E32003030303130372D33353663343336663432373235393531333632623532356137383631373836383736346537613633343936653061343536612E780041002B74696D650031002B72657472790030002B62756673697A6500353132002B69676E6F7265002B6E6F636F6F6B6965
type=SYSCALL msg=audit(1748731979.550:31931): arch=c000003e syscall=59 success=yes exit=0 a0=5622804c2cb0 a1=5622804b6b60 a2=5622804b7a00 a3=1b6 items=2 ppid=14311 pid=14636 auid=1003 uid=1003 gid=1004 euid=1003 suid=1003 fsuid=1003 egid=1004 sgid=1004 fsgid=1004 tty=pts0 ses=32 comm="dig" exe="/usr/bin/dig" subj=unconfined
type=EXECVE msg=audit(1748731979.550:31931): argc=9 a0="dig" a1="@10.142.0.2" a2="000108-367470385a5830783051644c5a69374163324e766248526d69.x" a3="A" a4="+time=1" a5="+retry=0" a6="+bufsize=512" a7="+ignore" a8="+nocookie"
type=CWD msg=audit(1748731979.550:31931): cwd="/home/alice"
type=PATH msg=audit(1748731979.550:31931): item=0 name="/usr/bin/dig" inode=6373 dev=08:01 mode=0100755 ouid=0 ogid=0 rdev=00:00 nametype=NORMAL cap_fp=0 cap_fi=0 cap_fe=0 cap_fver=0 cap_frootid=0
type=PATH msg=audit(1748731979.550:31931): item=1 name="/lib64/ld-linux-x86-64.so.2" inode=4742 dev=08:01 mode=0100755 ouid=0 ogid=0 rdev=00:00 nametype=NORMAL cap_fp=0 cap_fi=0 cap_fe=0 cap_fver=0 cap_frootid=0
type=PROCTITLE msg=audit(1748731979.550:31931): proctitle=646967004031302E3134322E302E32003030303130382D33363734373033383561353833303738333035313634346335613639333734313633333234653736363234383532366436392E780041002B74696D653D31002B72657472793D30002B62756673697A653D353132002B69676E6F7265002B6E6F636F6F6B6965
type=SYSCALL msg=audit(1748731979.554:31932): arch=c000003e syscall=42 success=yes exit=0 a0=d a1=7f6d3c033808 a2=10 a3=7f6d427c2454 items=0 ppid=14311 pid=14636 auid=1003 uid=1003 gid=1004 euid=1003 suid=1003 fsuid=1003 egid=1004 sgid=1004 fsgid=1004 tty=pts0 ses=32 comm="isc-net-0000" exe="/usr/bin/dig" subj=unconfined
type=SOCKADDR msg=audit(1748731979.554:31932): saddr=020000350A8E00020000000000000000
type=PROCTITLE msg=audit(1748731979.554:31932): proctitle=646967004031302E3134322E302E32003030303130382D33363734373033383561353833303738333035313634346335613639333734313633333234653736363234383532366436392E780041002B74696D650031002B72657472790030002B62756673697A6500353132002B69676E6F7265002B6E6F636F6F6B6965
type=SYSCALL msg=audit(1748731979.598:31933): arch=c000003e syscall=59 success=yes exit=0 a0=5622804c2db0 a1=5622804b6b60 a2=5622804b7a00 a3=1b6 items=2 ppid=14311 pid=14639 auid=1003 uid=1003 gid=1004 euid=1003 suid=1003 fsuid=1003 egid=1004 sgid=1004 fsgid=1004 tty=pts0 ses=32 comm="dig" exe="/usr/bin/dig" subj=unconfined
type=EXECVE msg=audit(1748731979.598:31933): argc=9 a0="dig" a1="@10.142.0.2" a2="000109-55487139485446386c6a627a425a70537871587a7432695049.x" a3="A" a4="+time=1" a5="+retry=0" a6="+bufsize=512" a7="+ignore" a8="+nocookie"
type=CWD msg=audit(1748731979.598:31933): cwd="/home/alice"
type=PATH msg=audit(1748731979.598:31933): item=0 name="/usr/bin/dig" inode=6373 dev=08:01 mode=0100755 ouid=0 ogid=0 rdev=00:00 nametype=NORMAL cap_fp=0 cap_fi=0 cap_fe=0 cap_fver=0 cap_frootid=0
type=PATH msg=audit(1748731979.598:31933): item=1 name="/lib64/ld-linux-x86-64.so.2" inode=4742 dev=08:01 mode=0100755 ouid=0 ogid=0 rdev=00:00 nametype=NORMAL cap_fp=0 cap_fi=0 cap_fe=0 cap_fver=0 cap_frootid=0
type=PROCTITLE msg=audit(1748731979.598:31933): proctitle=646967004031302E3134322E302E32003030303130392D35353438373133393438353434363338366336613632376134323561373035333738373135383761373433323639353034392E780041002B74696D653D31002B72657472793D30002B62756673697A653D353132002B69676E6F7265002B6E6F636F6F6B6965
type=SYSCALL msg=audit(1748731979.606:31934): arch=c000003e syscall=42 success=yes exit=0 a0=d a1=7f2e88033808 a2=10 a3=7f2e8d798454 items=0 ppid=14311 pid=14639 auid=1003 uid=1003 gid=1004 euid=1003 suid=1003 fsuid=1003 egid=1004 sgid=1004 fsgid=1004 tty=pts0 ses=32 comm="isc-net-0000" exe="/usr/bin/dig" subj=unconfined
type=SOCKADDR msg=audit(1748731979.606:31934): saddr=020000350A8E00020000000000000000
type=PROCTITLE msg=audit(1748731979.606:31934): proctitle=646967004031302E3134322E302E32003030303130392D35353438373133393438353434363338366336613632376134323561373035333738373135383761373433323639353034392E780041002B74696D650031002B72657472790030002B62756673697A6500353132002B69676E6F7265002B6E6F636F6F6B6965
type=SYSCALL msg=audit(1748731979.654:31935): arch=c000003e syscall=59 success=yes exit=0 a0=5622804c2eb0 a1=5622804b6b60 a2=5622804b7a00 a3=1b6 items=2 ppid=14311 pid=14642 auid=1003 uid=1003 gid=1004 euid=1003 suid=1003 fsuid=1003 egid=1004 sgid=1004 fsgid=1004 tty=pts0 ses=32 comm="dig" exe="/usr/bin/dig" subj=unconfined
type=EXECVE msg=audit(1748731979.654:31935): argc=9 a0="dig" a1="@10.142.0.2" a2="000110-7a737a544f42307a61353363346f3077564f0a5937596c5866.x" a3="A" a4="+time=1" a5="+retry=0" a6="+bufsize=512" a7="+ignore" a8="+nocookie"
type=CWD msg=audit(1748731979.654:31935): cwd="/home/alice"
type=PATH msg=audit(1748731979.654:31935): item=0 name="/usr/bin/dig" inode=6373 dev=08:01 mode=0100755 ouid=0 ogid=0 rdev=00:00 nametype=NORMAL cap_fp=0 cap_fi=0 cap_fe=0 cap_fver=0 cap_frootid=0
type=PATH msg=audit(1748731979.654:31935): item=1 name="/lib64/ld-linux-x86-64.so.2" inode=4742 dev=08:01 mode=0100755 ouid=0 ogid=0 rdev=00:00 nametype=NORMAL cap_fp=0 cap_fi=0 cap_fe=0 cap_fver=0 cap_frootid=0
type=PROCTITLE msg=audit(1748731979.654:31935): proctitle=646967004031302E3134322E302E32003030303131302D37613733376135343466343233303761363133353333363333343666333037373536346630613539333735393663353836362E780041002B74696D653D31002B72657472793D30002B62756673697A653D353132002B69676E6F7265002B6E6F636F6F6B6965
type=SYSCALL msg=audit(1748731979.658:31936): arch=c000003e syscall=42 success=yes exit=0 a0=d a1=7f26a4033808 a2=10 a3=7f26a90a9454 items=0 ppid=14311 pid=14642 auid=1003 uid=1003 gid=1004 euid=1003 suid=1003 fsuid=1003 egid=1004 sgid=1004 fsgid=1004 tty=pts0 ses=32 comm="isc-net-0000" exe="/usr/bin/dig" subj=unconfined
type=SOCKADDR msg=audit(1748731979.658:31936): saddr=020000350A8E00020000000000000000
type=PROCTITLE msg=audit(1748731979.658:31936): proctitle=646967004031302E3134322E302E32003030303131302D37613733376135343466343233303761363133353333363333343666333037373536346630613539333735393663353836362E780041002B74696D650031002B72657472790030002B62756673697A6500353132002B69676E6F7265002B6E6F636F6F6B6965
type=SYSCALL msg=audit(1748731979.706:31937): arch=c000003e syscall=59 success=yes exit=0 a0=5622804c2fb0 a1=5622804b6b60 a2=5622804b7a00 a3=1b6 items=2 ppid=14311 pid=14645 auid=1003 uid=1003 gid=1004 euid=1003 suid=1003 fsuid=1003 egid=1004 sgid=1004 fsgid=1004 tty=pts0 ses=32 comm="dig" exe="/usr/bin/dig" subj=unconfined
type=EXECVE msg=audit(1748731979.706:31937): argc=9 a0="dig" a1="@10.142.0.2" a2="000111-66537064707673385a5076474b4530417931324a3565763454.x" a3="A" a4="+time=1" a5="+retry=0" a6="+bufsize=512" a7="+ignore" a8="+nocookie"
type=CWD msg=audit(1748731979.706:31937): cwd="/home/alice"
type=PATH msg=audit(1748731979.706:31937): item=0 name="/usr/bin/dig" inode=6373 dev=08:01 mode=0100755 ouid=0 ogid=0 rdev=00:00 nametype=NORMAL cap_fp=0 cap_fi=0 cap_fe=0 cap_fver=0 cap_frootid=0
type=PATH msg=audit(1748731979.706:31937): item=1 name="/lib64/ld-linux-x86-64.so.2" inode=4742 dev=08:01 mode=0100755 ouid=0 ogid=0 rdev=00:00 nametype=NORMAL cap_fp=0 cap_fi=0 cap_fe=0 cap_fver=0 cap_frootid=0
type=PROCTITLE msg=audit(1748731979.706:31937): proctitle=646967004031302E3134322E302E32003030303131312D36363533373036343730373637333338356135303736343734623435333034313739333133323461333536353736333435342E780041002B74696D653D31002B72657472793D30002B62756673697A653D353132002B69676E6F7265002B6E6F636F6F6B6965
type=SYSCALL msg=audit(1748731979.710:31938): arch=c000003e syscall=42 success=yes exit=0 a0=d a1=7f0894033808 a2=10 a3=7f089ae41454 items=0 ppid=14311 pid=14645 auid=1003 uid=1003 gid=1004 euid=1003 suid=1003 fsuid=1003 egid=1004 sgid=1004 fsgid=1004 tty=pts0 ses=32 comm="isc-net-0000" exe="/usr/bin/dig" subj=unconfined
type=SOCKADDR msg=audit(1748731979.710:31938): saddr=020000350A8E00020000000000000000
type=PROCTITLE msg=audit(1748731979.710:31938): proctitle=646967004031302E3134322E302E32003030303131312D36363533373036343730373637333338356135303736343734623435333034313739333133323461333536353736333435342E780041002B74696D650031002B72657472790030002B62756673697A6500353132002B69676E6F7265002B6E6F636F6F6B6965
type=SYSCALL msg=audit(1748731979.758:31939): arch=c000003e syscall=59 success=yes exit=0 a0=5622804c30b0 a1=5622804b6b60 a2=5622804b7a00 a3=1b6 items=2 ppid=14311 pid=14648 auid=1003 uid=1003 gid=1004 euid=1003 suid=1003 fsuid=1003 egid=1004 sgid=1004 fsgid=1004 tty=pts0 ses=32 comm="dig" exe="/usr/bin/dig" subj=unconfined
type=EXECVE msg=audit(1748731979.758:31939): argc=9 a0="dig" a1="@10.142.0.2" a2="000112-4b55645441397348706e59412f316b386d77707146425a484c.x" a3="A" a4="+time=1" a5="+retry=0" a6="+bufsize=512" a7="+ignore" a8="+nocookie"
type=CWD msg=audit(1748731979.758:31939): cwd="/home/alice"
type=PATH msg=audit(1748731979.758:31939): item=0 name="/usr/bin/dig" inode=6373 dev=08:01 mode=0100755 ouid=0 ogid=0 rdev=00:00 nametype=NORMAL cap_fp=0 cap_fi=0 cap_fe=0 cap_fver=0 cap_frootid=0
type=PATH msg=audit(1748731979.758:31939): item=1 name="/lib64/ld-linux-x86-64.so.2" inode=4742 dev=08:01 mode=0100755 ouid=0 ogid=0 rdev=00:00 nametype=NORMAL cap_fp=0 cap_fi=0 cap_fe=0 cap_fver=0 cap_frootid=0
type=PROCTITLE msg=audit(1748731979.758:31939): proctitle=646967004031302E3134322E302E32003030303131322D34623535363435343431333937333438373036653539343132663331366233383664373737303731343634323561343834632E780041002B74696D653D31002B72657472793D30002B62756673697A653D353132002B69676E6F7265002B6E6F636F6F6B6965
type=SYSCALL msg=audit(1748731979.762:31940): arch=c000003e syscall=42 success=yes exit=0 a0=d a1=7fabcc033808 a2=10 a3=7fabd42f6454 items=0 ppid=14311 pid=14648 auid=1003 uid=1003 gid=1004 euid=1003 suid=1003 fsuid=1003 egid=1004 sgid=1004 fsgid=1004 tty=pts0 ses=32 comm="isc-net-0000" exe="/usr/bin/dig" subj=unconfined
type=SOCKADDR msg=audit(1748731979.762:31940): saddr=020000350A8E00020000000000000000
type=PROCTITLE msg=audit(1748731979.762:31940): proctitle=646967004031302E3134322E302E32003030303131322D34623535363435343431333937333438373036653539343132663331366233383664373737303731343634323561343834632E780041002B74696D650031002B72657472790030002B62756673697A6500353132002B69676E6F7265002B6E6F636F6F6B6965
type=SYSCALL msg=audit(1748731979.810:31941): arch=c000003e syscall=59 success=yes exit=0 a0=5622804c31b0 a1=5622804b6b60 a2=5622804b7a00 a3=1b6 items=2 ppid=14311 pid=14651 auid=1003 uid=1003 gid=1004 euid=1003 suid=1003 fsuid=1003 egid=1004 sgid=1004 fsgid=1004 tty=pts0 ses=32 comm="dig" exe="/usr/bin/dig" subj=unconfined
type=EXECVE msg=audit(1748731979.810:31941): argc=9 a0="dig" a1="@10.142.0.2" a2="000113-724d6376733130536177756673710a6c536a52377070677254.x" a3="A" a4="+time=1" a5="+retry=0" a6="+bufsize=512" a7="+ignore" a8="+nocookie"
type=CWD msg=audit(1748731979.810:31941): cwd="/home/alice"
type=PATH msg=audit(1748731979.810:31941): item=0 name="/usr/bin/dig" inode=6373 dev=08:01 mode=0100755 ouid=0 ogid=0 rdev=00:00 nametype=NORMAL cap_fp=0 cap_fi=0 cap_fe=0 cap_fver=0 cap_frootid=0
type=PATH msg=audit(1748731979.810:31941): item=1 name="/lib64/ld-linux-x86-64.so.2" inode=4742 dev=08:01 mode=0100755 ouid=0 ogid=0 rdev=00:00 nametype=NORMAL cap_fp=0 cap_fi=0 cap_fe=0 cap_fver=0 cap_frootid=0
type=PROCTITLE msg=audit(1748731979.810:31941): proctitle=646967004031302E3134322E302E32003030303131332D37323464363337363733333133303533363137373735363637333731306136633533366135323337373037303637373235342E780041002B74696D653D31002B72657472793D30002B62756673697A653D353132002B69676E6F7265002B6E6F636F6F6B6965
type=SYSCALL msg=audit(1748731979.814:31942): arch=c000003e syscall=42 success=yes exit=0 a0=d a1=7ff6cc033808 a2=10 a3=7ff6d0b88454 items=0 ppid=14311 pid=14651 auid=1003 uid=1003 gid=1004 euid=1003 suid=1003 fsuid=1003 egid=1004 sgid=1004 fsgid=1004 tty=pts0 ses=32 comm="isc-net-0000" exe="/usr/bin/dig" subj=unconfined
type=SOCKADDR msg=audit(1748731979.814:31942): saddr=020000350A8E00020000000000000000
type=PROCTITLE msg=audit(1748731979.814:31942): proctitle=646967004031302E3134322E302E32003030303131332D37323464363337363733333133303533363137373735363637333731306136633533366135323337373037303637373235342E780041002B74696D650031002B72657472790030002B62756673697A6500353132002B69676E6F7265002B6E6F636F6F6B6965
type=SYSCALL msg=audit(1748731979.866:31943): arch=c000003e syscall=59 success=yes exit=0 a0=5622804c3680 a1=5622804b6b60 a2=5622804b7a00 a3=1b6 items=2 ppid=14311 pid=14654 auid=1003 uid=1003 gid=1004 euid=1003 suid=1003 fsuid=1003 egid=1004 sgid=1004 fsgid=1004 tty=pts0 ses=32 comm="dig" exe="/usr/bin/dig" subj=unconfined
type=EXECVE msg=audit(1748731979.866:31943): argc=9 a0="dig" a1="@10.142.0.2" a2="000114-5932595668356c517a66734353642f2b757a66764548576732.x" a3="A" a4="+time=1" a5="+retry=0" a6="+bufsize=512" a7="+ignore" a8="+nocookie"
type=CWD msg=audit(1748731979.866:31943): cwd="/home/alice"
type=PATH msg=audit(1748731979.866:31943): item=0 name="/usr/bin/dig" inode=6373 dev=08:01 mode=0100755 ouid=0 ogid=0 rdev=00:00 nametype=NORMAL cap_fp=0 cap_fi=0 cap_fe=0 cap_fver=0 cap_frootid=0
type=PATH msg=audit(1748731979.866:31943): item=1 name="/lib64/ld-linux-x86-64.so.2" inode=4742 dev=08:01 mode=0100755 ouid=0 ogid=0 rdev=00:00 nametype=NORMAL cap_fp=0 cap_fi=0 cap_fe=0 cap_fver=0 cap_frootid=0
type=PROCTITLE msg=audit(1748731979.866:31943): proctitle=646967004031302E3134322E302E32003030303131342D35393332353935363638333536633531376136363733343335333634326632623735376136363736343534383537363733322E780041002B74696D653D31002B72657472793D30002B62756673697A653D353132002B69676E6F7265002B6E6F636F6F6B6965
type=SYSCALL msg=audit(1748731979.870:31944): arch=c000003e syscall=42 success=yes exit=0 a0=d a1=7f68e0033808 a2=10 a3=7f68e5624454 items=0 ppid=14311 pid=14654 auid=1003 uid=1003 gid=1004 euid=1003 suid=1003 fsuid=1003 egid=1004 sgid=1004 fsgid=1004 tty=pts0 ses=32 comm="isc-net-0000" exe="/usr/bin/dig" subj=unconfined
type=SOCKADDR msg=audit(1748731979.870:31944): saddr=020000350A8E00020000000000000000
type=PROCTITLE msg=audit(1748731979.870:31944): proctitle=646967004031302E3134322E302E32003030303131342D35393332353935363638333536633531376136363733343335333634326632623735376136363736343534383537363733322E780041002B74696D650031002B72657472790030002B62756673697A6500353132002B69676E6F7265002B6E6F636F6F6B6965
type=SYSCALL msg=audit(1748731979.918:31945): arch=c000003e syscall=59 success=yes exit=0 a0=5622804c3780 a1=5622804b6b60 a2=5622804b7a00 a3=1b6 items=2 ppid=14311 pid=14657 auid=1003 uid=1003 gid=1004 euid=1003 suid=1003 fsuid=1003 egid=1004 sgid=1004 fsgid=1004 tty=pts0 ses=32 comm="dig" exe="/usr/bin/dig" subj=unconfined
type=EXECVE msg=audit(1748731979.918:31945): argc=9 a0="dig" a1="@10.142.0.2" a2="000115-4b6a5352726c463864674c4665595252506d56416a6a685472.x" a3="A" a4="+time=1" a5="+retry=0" a6="+bufsize=512" a7="+ignore" a8="+nocookie"
type=CWD msg=audit(1748731979.918:31945): cwd="/home/alice"
type=PATH msg=audit(1748731979.918:31945): item=0 name="/usr/bin/dig" inode=6373 dev=08:01 mode=0100755 ouid=0 ogid=0 rdev=00:00 nametype=NORMAL cap_fp=0 cap_fi=0 cap_fe=0 cap_fver=0 cap_frootid=0
type=PATH msg=audit(1748731979.918:31945): item=1 name="/lib64/ld-linux-x86-64.so.2" inode=4742 dev=08:01 mode=0100755 ouid=0 ogid=0 rdev=00:00 nametype=NORMAL cap_fp=0 cap_fi=0 cap_fe=0 cap_fver=0 cap_frootid=0
type=PROCTITLE msg=audit(1748731979.918:31945): proctitle=646967004031302E3134322E302E32003030303131352D34623661353335323732366334363338363436373463343636353539353235323530366435363431366136613638353437322E780041002B74696D653D31002B72657472793D30002B62756673697A653D353132002B69676E6F7265002B6E6F636F6F6B6965
type=SYSCALL msg=audit(1748731979.922:31946): arch=c000003e syscall=42 success=yes exit=0 a0=d a1=7f8bdc033808 a2=10 a3=7f8be47cc454 items=0 ppid=14311 pid=14657 auid=1003 uid=1003 gid=1004 euid=1003 suid=1003 fsuid=1003 egid=1004 sgid=1004 fsgid=1004 tty=pts0 ses=32 comm="isc-net-0000" exe="/usr/bin/dig" subj=unconfined
type=SOCKADDR msg=audit(1748731979.922:31946): saddr=020000350A8E00020000000000000000
type=PROCTITLE msg=audit(1748731979.922:31946): proctitle=646967004031302E3134322E302E32003030303131352D34623661353335323732366334363338363436373463343636353539353235323530366435363431366136613638353437322E780041002B74696D650031002B72657472790030002B62756673697A6500353132002B69676E6F7265002B6E6F636F6F6B6965
type=SYSCALL msg=audit(1748731979.970:31947): arch=c000003e syscall=59 success=yes exit=0 a0=5622804c3880 a1=5622804b6b60 a2=5622804b7a00 a3=1b6 items=2 ppid=14311 pid=14660 auid=1003 uid=1003 gid=1004 euid=1003 suid=1003 fsuid=1003 egid=1004 sgid=1004 fsgid=1004 tty=pts0 ses=32 comm="dig" exe="/usr/bin/dig" subj=unconfined
type=EXECVE msg=audit(1748731979.970:31947): argc=9 a0="dig" a1="@10.142.0.2" a2="000116-715255737668414141410a7751432b7536714d316f58756b53.x" a3="A" a4="+time=1" a5="+retry=0" a6="+bufsize=512" a7="+ignore" a8="+nocookie"
type=CWD msg=audit(1748731979.970:31947): cwd="/home/alice"
type=PATH msg=audit(1748731979.970:31947): item=0 name="/usr/bin/dig" inode=6373 dev=08:01 mode=0100755 ouid=0 ogid=0 rdev=00:00 nametype=NORMAL cap_fp=0 cap_fi=0 cap_fe=0 cap_fver=0 cap_frootid=0
type=PATH msg=audit(1748731979.970:31947): item=1 name="/lib64/ld-linux-x86-64.so.2" inode=4742 dev=08:01 mode=0100755 ouid=0 ogid=0 rdev=00:00 nametype=NORMAL cap_fp=0 cap_fi=0 cap_fe=0 cap_fver=0 cap_frootid=0
type=PROCTITLE msg=audit(1748731979.970:31947): proctitle=646967004031302E3134322E302E32003030303131362D37313532353537333736363834313431343134313061373735313433326237353336373134643331366635383735366235332E780041002B74696D653D31002B72657472793D30002B62756673697A653D353132002B69676E6F7265002B6E6F636F6F6B6965
type=SYSCALL msg=audit(1748731979.974:31948): arch=c000003e syscall=42 success=yes exit=0 a0=d a1=7fd750033808 a2=10 a3=7fd7556bf454 items=0 ppid=14311 pid=14660 auid=1003 uid=1003 gid=1004 euid=1003 suid=1003 fsuid=1003 egid=1004 sgid=1004 fsgid=1004 tty=pts0 ses=32 comm="isc-net-0000" exe="/usr/bin/dig" subj=unconfined
type=SOCKADDR msg=audit(1748731979.974:31948): saddr=020000350A8E00020000000000000000
type=PROCTITLE msg=audit(1748731979.974:31948): proctitle=646967004031302E3134322E302E32003030303131362D37313532353537333736363834313431343134313061373735313433326237353336373134643331366635383735366235332E780041002B74696D650031002B72657472790030002B62756673697A6500353132002B69676E6F7265002B6E6F636F6F6B6965
type=SYSCALL msg=audit(1748731980.022:31949): arch=c000003e syscall=59 success=yes exit=0 a0=5622804c3980 a1=5622804b6b60 a2=5622804b7a00 a3=1b6 items=2 ppid=14311 pid=14663 auid=1003 uid=1003 gid=1004 euid=1003 suid=1003 fsuid=1003 egid=1004 sgid=1004 fsgid=1004 tty=pts0 ses=32 comm="dig" exe="/usr/bin/dig" subj=unconfined
type=EXECVE msg=audit(1748731980.022:31949): argc=9 a0="dig" a1="@10.142.0.2" a2="000117-36417252726d6c4f63307549536d51356f3674367074593276.x" a3="A" a4="+time=1" a5="+retry=0" a6="+bufsize=512" a7="+ignore" a8="+nocookie"
type=CWD msg=audit(1748731980.022:31949): cwd="/home/alice"
type=PATH msg=audit(1748731980.022:31949): item=0 name="/usr/bin/dig" inode=6373 dev=08:01 mode=0100755 ouid=0 ogid=0 rdev=00:00 nametype=NORMAL cap_fp=0 cap_fi=0 cap_fe=0 cap_fver=0 cap_frootid=0
type=PATH msg=audit(1748731980.022:31949): item=1 name="/lib64/ld-linux-x86-64.so.2" inode=4742 dev=08:01 mode=0100755 ouid=0 ogid=0 rdev=00:00 nametype=NORMAL cap_fp=0 cap_fi=0 cap_fe=0 cap_fver=0 cap_frootid=0
type=PROCTITLE msg=audit(1748731980.022:31949): proctitle=646967004031302E3134322E302E32003030303131372D33363431373235323732366436633466363333303735343935333664353133353666333637343336373037343539333237362E780041002B74696D653D31002B72657472793D30002B62756673697A653D353132002B69676E6F7265002B6E6F636F6F6B6965
type=SYSCALL msg=audit(1748731980.026:31950): arch=c000003e syscall=42 success=yes exit=0 a0=d a1=7f8164033808 a2=10 a3=7f816c4cc454 items=0 ppid=14311 pid=14663 auid=1003 uid=1003 gid=1004 euid=1003 suid=1003 fsuid=1003 egid=1004 sgid=1004 fsgid=1004 tty=pts0 ses=32 comm="isc-net-0000" exe="/usr/bin/dig" subj=unconfined
type=SOCKADDR msg=audit(1748731980.026:31950): saddr=020000350A8E00020000000000000000
type=PROCTITLE msg=audit(1748731980.026:31950): proctitle=646967004031302E3134322E302E32003030303131372D33363431373235323732366436633466363333303735343935333664353133353666333637343336373037343539333237362E780041002B74696D650031002B72657472790030002B62756673697A6500353132002B69676E6F7265002B6E6F636F6F6B6965
type=SYSCALL msg=audit(1748731980.074:31951): arch=c000003e syscall=59 success=yes exit=0 a0=5622804c3a80 a1=5622804b6b60 a2=5622804b7a00 a3=1b6 items=2 ppid=14311 pid=14666 auid=1003 uid=1003 gid=1004 euid=1003 suid=1003 fsuid=1003 egid=1004 sgid=1004 fsgid=1004 tty=pts0 ses=32 comm="dig" exe="/usr/bin/dig" subj=unconfined
type=EXECVE msg=audit(1748731980.074:31951): argc=9 a0="dig" a1="@10.142.0.2" a2="000118-5769556b5a62354350314d7563545358792f4b527378422b6e.x" a3="A" a4="+time=1" a5="+retry=0" a6="+bufsize=512" a7="+ignore" a8="+nocookie"
type=CWD msg=audit(1748731980.074:31951): cwd="/home/alice"
type=PATH msg=audit(1748731980.074:31951): item=0 name="/usr/bin/dig" inode=6373 dev=08:01 mode=0100755 ouid=0 ogid=0 rdev=00:00 nametype=NORMAL cap_fp=0 cap_fi=0 cap_fe=0 cap_fver=0 cap_frootid=0
type=PATH msg=audit(1748731980.074:31951): item=1 name="/lib64/ld-linux-x86-64.so.2" inode=4742 dev=08:01 mode=0100755 ouid=0 ogid=0 rdev=00:00 nametype=NORMAL cap_fp=0 cap_fi=0 cap_fe=0 cap_fver=0 cap_frootid=0
type=PROCTITLE msg=audit(1748731980.074:31951): proctitle=646967004031302E3134322E302E32003030303131382D35373639353536623561363233353433353033313464373536333534353335383739326634623532373337383432326236652E780041002B74696D653D31002B72657472793D30002B62756673697A653D353132002B69676E6F7265002B6E6F636F6F6B6965
type=SYSCALL msg=audit(1748731980.078:31952): arch=c000003e syscall=42 success=yes exit=0 a0=d a1=7fd4f0033808 a2=10 a3=7fd4f6cf9454 items=0 ppid=14311 pid=14666 auid=1003 uid=1003 gid=1004 euid=1003 suid=1003 fsuid=1003 egid=1004 sgid=1004 fsgid=1004 tty=pts0 ses=32 comm="isc-net-0000" exe="/usr/bin/dig" subj=unconfined
type=SOCKADDR msg=audit(1748731980.078:31952): saddr=020000350A8E00020000000000000000
type=PROCTITLE msg=audit(1748731980.078:31952): proctitle=646967004031302E3134322E302E32003030303131382D35373639353536623561363233353433353033313464373536333534353335383739326634623532373337383432326236652E780041002B74696D650031002B72657472790030002B62756673697A6500353132002B69676E6F7265002B6E6F636F6F6B6965
type=SYSCALL msg=audit(1748731980.122:31953): arch=c000003e syscall=59 success=yes exit=0 a0=5622804c3b80 a1=5622804b6b60 a2=5622804b7a00 a3=1b6 items=2 ppid=14311 pid=14669 auid=1003 uid=1003 gid=1004 euid=1003 suid=1003 fsuid=1003 egid=1004 sgid=1004 fsgid=1004 tty=pts0 ses=32 comm="dig" exe="/usr/bin/dig" subj=unconfined
type=EXECVE msg=audit(1748731980.122:31953): argc=9 a0="dig" a1="@10.142.0.2" a2="000119-673050774b690a4d765a736b394c576774624c4a78664e4762.x" a3="A" a4="+time=1" a5="+retry=0" a6="+bufsize=512" a7="+ignore" a8="+nocookie"
type=CWD msg=audit(1748731980.122:31953): cwd="/home/alice"
type=PATH msg=audit(1748731980.122:31953): item=0 name="/usr/bin/dig" inode=6373 dev=08:01 mode=0100755 ouid=0 ogid=0 rdev=00:00 nametype=NORMAL cap_fp=0 cap_fi=0 cap_fe=0 cap_fver=0 cap_frootid=0
type=PATH msg=audit(1748731980.122:31953): item=1 name="/lib64/ld-linux-x86-64.so.2" inode=4742 dev=08:01 mode=0100755 ouid=0 ogid=0 rdev=00:00 nametype=NORMAL cap_fp=0 cap_fi=0 cap_fe=0 cap_fver=0 cap_frootid=0
type=PROCTITLE msg=audit(1748731980.122:31953): proctitle=646967004031302E3134322E302E32003030303131392D36373330353037373462363930613464373635613733366233393463353736373734363234633461373836363465343736322E780041002B74696D653D31002B72657472793D30002B62756673697A653D353132002B69676E6F7265002B6E6F636F6F6B6965
type=SYSCALL msg=audit(1748731980.130:31954): arch=c000003e syscall=42 success=yes exit=0 a0=d a1=7fd72c033808 a2=10 a3=7fd73164a454 items=0 ppid=14311 pid=14669 auid=1003 uid=1003 gid=1004 euid=1003 suid=1003 fsuid=1003 egid=1004 sgid=1004 fsgid=1004 tty=pts0 ses=32 comm="isc-net-0000" exe="/usr/bin/dig" subj=unconfined
type=SOCKADDR msg=audit(1748731980.130:31954): saddr=020000350A8E00020000000000000000
type=PROCTITLE msg=audit(1748731980.130:31954): proctitle=646967004031302E3134322E302E32003030303131392D36373330353037373462363930613464373635613733366233393463353736373734363234633461373836363465343736322E780041002B74696D650031002B72657472790030002B62756673697A6500353132002B69676E6F7265002B6E6F636F6F6B6965
type=SYSCALL msg=audit(1748731980.178:31955): arch=c000003e syscall=59 success=yes exit=0 a0=5622804c3c80 a1=5622804b6b60 a2=5622804b7a00 a3=1b6 items=2 ppid=14311 pid=14672 auid=1003 uid=1003 gid=1004 euid=1003 suid=1003 fsuid=1003 egid=1004 sgid=1004 fsgid=1004 tty=pts0 ses=32 comm="dig" exe="/usr/bin/dig" subj=unconfined
type=EXECVE msg=audit(1748731980.178:31955): argc=9 a0="dig" a1="@10.142.0.2" a2="000120-375057746857357570474e5a42327242474d6252574a445256.x" a3="A" a4="+time=1" a5="+retry=0" a6="+bufsize=512" a7="+ignore" a8="+nocookie"
type=CWD msg=audit(1748731980.178:31955): cwd="/home/alice"
type=PATH msg=audit(1748731980.178:31955): item=0 name="/usr/bin/dig" inode=6373 dev=08:01 mode=0100755 ouid=0 ogid=0 rdev=00:00 nametype=NORMAL cap_fp=0 cap_fi=0 cap_fe=0 cap_fver=0 cap_frootid=0
type=PATH msg=audit(1748731980.178:31955): item=1 name="/lib64/ld-linux-x86-64.so.2" inode=4742 dev=08:01 mode=0100755 ouid=0 ogid=0 rdev=00:00 nametype=NORMAL cap_fp=0 cap_fi=0 cap_fe=0 cap_fver=0 cap_frootid=0
type=PROCTITLE msg=audit(1748731980.178:31955): proctitle=646967004031302E3134322E302E32003030303132302D33373530353737343638353733353735373034373465356134323332373234323437346436323532353734613434353235362E780041002B74696D653D31002B72657472793D30002B62756673697A653D353132002B69676E6F7265002B6E6F636F6F6B6965
type=SYSCALL msg=audit(1748731980.182:31956): arch=c000003e syscall=42 success=yes exit=0 a0=d a1=7f02b8033808 a2=10 a3=7f02be7f1454 items=0 ppid=14311 pid=14672 auid=1003 uid=1003 gid=1004 euid=1003 suid=1003 fsuid=1003 egid=1004 sgid=1004 fsgid=1004 tty=pts0 ses=32 comm="isc-net-0000" exe="/usr/bin/dig" subj=unconfined
type=SOCKADDR msg=audit(1748731980.182:31956): saddr=020000350A8E00020000000000000000
type=PROCTITLE msg=audit(1748731980.182:31956): proctitle=646967004031302E3134322E302E32003030303132302D33373530353737343638353733353735373034373465356134323332373234323437346436323532353734613434353235362E780041002B74696D650031002B72657472790030002B62756673697A6500353132002B69676E6F7265002B6E6F636F6F6B6965
type=SYSCALL msg=audit(1748731980.230:31957): arch=c000003e syscall=59 success=yes exit=0 a0=5622804c3980 a1=5622804b6b60 a2=5622804b7a00 a3=1b6 items=2 ppid=14311 pid=14675 auid=1003 uid=1003 gid=1004 euid=1003 suid=1003 fsuid=1003 egid=1004 sgid=1004 fsgid=1004 tty=pts0 ses=32 comm="dig" exe="/usr/bin/dig" subj=unconfined
type=EXECVE msg=audit(1748731980.230:31957): argc=9 a0="dig" a1="@10.142.0.2" a2="000121-75692f62715150572f2b4c5a5833616d56767a6c6d39393958.x" a3="A" a4="+time=1" a5="+retry=0" a6="+bufsize=512" a7="+ignore" a8="+nocookie"
type=CWD msg=audit(1748731980.230:31957): cwd="/home/alice"
type=PATH msg=audit(1748731980.230:31957): item=0 name="/usr/bin/dig" inode=6373 dev=08:01 mode=0100755 ouid=0 ogid=0 rdev=00:00 nametype=NORMAL cap_fp=0 cap_fi=0 cap_fe=0 cap_fver=0 cap_frootid=0
type=PATH msg=audit(1748731980.230:31957): item=1 name="/lib64/ld-linux-x86-64.so.2" inode=4742 dev=08:01 mode=0100755 ouid=0 ogid=0 rdev=00:00 nametype=NORMAL cap_fp=0 cap_fi=0 cap_fe=0 cap_fver=0 cap_frootid=0
type=PROCTITLE msg=audit(1748731980.230:31957): proctitle=646967004031302E3134322E302E32003030303132312D37353639326636323731353135303537326632623463356135383333363136643536373637613663366433393339333935382E780041002B74696D653D31002B72657472793D30002B62756673697A653D353132002B69676E6F7265002B6E6F636F6F6B6965
type=SYSCALL msg=audit(1748731980.234:31958): arch=c000003e syscall=42 success=yes exit=0 a0=d a1=7f322c033808 a2=10 a3=7f32315aa454 items=0 ppid=14311 pid=14675 auid=1003 uid=1003 gid=1004 euid=1003 suid=1003 fsuid=1003 egid=1004 sgid=1004 fsgid=1004 tty=pts0 ses=32 comm="isc-net-0000" exe="/usr/bin/dig" subj=unconfined
type=SOCKADDR msg=audit(1748731980.234:31958): saddr=020000350A8E00020000000000000000
type=PROCTITLE msg=audit(1748731980.234:31958): proctitle=646967004031302E3134322E302E32003030303132312D37353639326636323731353135303537326632623463356135383333363136643536373637613663366433393339333935382E780041002B74696D650031002B72657472790030002B62756673697A6500353132002B69676E6F7265002B6E6F636F6F6B6965
type=SYSCALL msg=audit(1748731980.282:31959): arch=c000003e syscall=59 success=yes exit=0 a0=5622804c3c80 a1=5622804b6b60 a2=5622804b7a00 a3=1b6 items=2 ppid=14311 pid=14678 auid=1003 uid=1003 gid=1004 euid=1003 suid=1003 fsuid=1003 egid=1004 sgid=1004 fsgid=1004 tty=pts0 ses=32 comm="dig" exe="/usr/bin/dig" subj=unconfined
type=EXECVE msg=audit(1748731980.282:31959): argc=9 a0="dig" a1="@10.142.0.2" a2="000122-6a610a456b663375686c38595a6953304b6f723352672f4433.x" a3="A" a4="+time=1" a5="+retry=0" a6="+bufsize=512" a7="+ignore" a8="+nocookie"
type=CWD msg=audit(1748731980.282:31959): cwd="/home/alice"
type=PATH msg=audit(1748731980.282:31959): item=0 name="/usr/bin/dig" inode=6373 dev=08:01 mode=0100755 ouid=0 ogid=0 rdev=00:00 nametype=NORMAL cap_fp=0 cap_fi=0 cap_fe=0 cap_fver=0 cap_frootid=0
type=PATH msg=audit(1748731980.282:31959): item=1 name="/lib64/ld-linux-x86-64.so.2" inode=4742 dev=08:01 mode=0100755 ouid=0 ogid=0 rdev=00:00 nametype=NORMAL cap_fp=0 cap_fi=0 cap_fe=0 cap_fver=0 cap_frootid=0
type=PROCTITLE msg=audit(1748731980.282:31959): proctitle=646967004031302E3134322E302E32003030303132322D36613631306134353662363633333735363836633338353935613639353333303462366637323333353236373266343433332E780041002B74696D653D31002B72657472793D30002B62756673697A653D353132002B69676E6F7265002B6E6F636F6F6B6965
type=SYSCALL msg=audit(1748731980.286:31960): arch=c000003e syscall=42 success=yes exit=0 a0=d a1=7f7778033808 a2=10 a3=7f777f211454 items=0 ppid=14311 pid=14678 auid=1003 uid=1003 gid=1004 euid=1003 suid=1003 fsuid=1003 egid=1004 sgid=1004 fsgid=1004 tty=pts0 ses=32 comm="isc-net-0000" exe="/usr/bin/dig" subj=unconfined
type=SOCKADDR msg=audit(1748731980.286:31960): saddr=020000350A8E00020000000000000000
type=PROCTITLE msg=audit(1748731980.286:31960): proctitle=646967004031302E3134322E302E32003030303132322D36613631306134353662363633333735363836633338353935613639353333303462366637323333353236373266343433332E780041002B74696D650031002B72657472790030002B62756673697A6500353132002B69676E6F7265002B6E6F636F6F6B6965
type=SYSCALL msg=audit(1748731980.334:31961): arch=c000003e syscall=59 success=yes exit=0 a0=5622804c3980 a1=5622804b6b60 a2=5622804b7a00 a3=1b6 items=2 ppid=14311 pid=14681 auid=1003 uid=1003 gid=1004 euid=1003 suid=1003 fsuid=1003 egid=1004 sgid=1004 fsgid=1004 tty=pts0 ses=32 comm="dig" exe="/usr/bin/dig" subj=unconfined
type=EXECVE msg=audit(1748731980.334:31961): argc=9 a0="dig" a1="@10.142.0.2" a2="000123-2f66726c314c6447774e4b4278716b534f324b574d6738546c.x" a3="A" a4="+time=1" a5="+retry=0" a6="+bufsize=512" a7="+ignore" a8="+nocookie"
type=CWD msg=audit(1748731980.334:31961): cwd="/home/alice"
type=PATH msg=audit(1748731980.334:31961): item=0 name="/usr/bin/dig" inode=6373 dev=08:01 mode=0100755 ouid=0 ogid=0 rdev=00:00 nametype=NORMAL cap_fp=0 cap_fi=0 cap_fe=0 cap_fver=0 cap_frootid=0
type=PATH msg=audit(1748731980.334:31961): item=1 name="/lib64/ld-linux-x86-64.so.2" inode=4742 dev=08:01 mode=0100755 ouid=0 ogid=0 rdev=00:00 nametype=NORMAL cap_fp=0 cap_fi=0 cap_fe=0 cap_fver=0 cap_frootid=0
type=PROCTITLE msg=audit(1748731980.334:31961): proctitle=646967004031302E3134322E302E32003030303132332D32663636373236633331346336343437373734653462343237383731366235333466333234623537346436373338353436632E780041002B74696D653D31002B72657472793D30002B62756673697A653D353132002B69676E6F7265002B6E6F636F6F6B6965
type=SYSCALL msg=audit(1748731980.342:31962): arch=c000003e syscall=42 success=yes exit=0 a0=d a1=7f6db0033808 a2=10 a3=7f6db6962454 items=0 ppid=14311 pid=14681 auid=1003 uid=1003 gid=1004 euid=1003 suid=1003 fsuid=1003 egid=1004 sgid=1004 fsgid=1004 tty=pts0 ses=32 comm="isc-net-0000" exe="/usr/bin/dig" subj=unconfined
type=SOCKADDR msg=audit(1748731980.342:31962): saddr=020000350A8E00020000000000000000
type=PROCTITLE msg=audit(1748731980.342:31962): proctitle=646967004031302E3134322E302E32003030303132332D32663636373236633331346336343437373734653462343237383731366235333466333234623537346436373338353436632E780041002B74696D650031002B72657472790030002B62756673697A6500353132002B69676E6F7265002B6E6F636F6F6B6965
type=SYSCALL msg=audit(1748731980.390:31963): arch=c000003e syscall=59 success=yes exit=0 a0=5622804c3c80 a1=5622804b6b60 a2=5622804b7a00 a3=1b6 items=2 ppid=14311 pid=14684 auid=1003 uid=1003 gid=1004 euid=1003 suid=1003 fsuid=1003 egid=1004 sgid=1004 fsgid=1004 tty=pts0 ses=32 comm="dig" exe="/usr/bin/dig" subj=unconfined
type=EXECVE msg=audit(1748731980.390:31963): argc=9 a0="dig" a1="@10.142.0.2" a2="000124-6545613767753464523359554d3937682b444454726a690a72.x" a3="A" a4="+time=1" a5="+retry=0" a6="+bufsize=512" a7="+ignore" a8="+nocookie"
type=CWD msg=audit(1748731980.390:31963): cwd="/home/alice"
type=PATH msg=audit(1748731980.390:31963): item=0 name="/usr/bin/dig" inode=6373 dev=08:01 mode=0100755 ouid=0 ogid=0 rdev=00:00 nametype=NORMAL cap_fp=0 cap_fi=0 cap_fe=0 cap_fver=0 cap_frootid=0
type=PATH msg=audit(1748731980.390:31963): item=1 name="/lib64/ld-linux-x86-64.so.2" inode=4742 dev=08:01 mode=0100755 ouid=0 ogid=0 rdev=00:00 nametype=NORMAL cap_fp=0 cap_fi=0 cap_fe=0 cap_fver=0 cap_frootid=0
type=PROCTITLE msg=audit(1748731980.390:31963): proctitle=646967004031302E3134322E302E32003030303132342D36353435363133373637373533343634353233333539353534643339333736383262343434343534373236613639306137322E780041002B74696D653D31002B72657472793D30002B62756673697A653D353132002B69676E6F7265002B6E6F636F6F6B6965
type=SYSCALL msg=audit(1748731980.394:31964): arch=c000003e syscall=42 success=yes exit=0 a0=d a1=7f4414033808 a2=10 a3=7f44190cb454 items=0 ppid=14311 pid=14684 auid=1003 uid=1003 gid=1004 euid=1003 suid=1003 fsuid=1003 egid=1004 sgid=1004 fsgid=1004 tty=pts0 ses=32 comm="isc-net-0000" exe="/usr/bin/dig" subj=unconfined
type=SOCKADDR msg=audit(1748731980.394:31964): saddr=020000350A8E00020000000000000000
type=PROCTITLE msg=audit(1748731980.394:31964): proctitle=646967004031302E3134322E302E32003030303132342D36353435363133373637373533343634353233333539353534643339333736383262343434343534373236613639306137322E780041002B74696D650031002B72657472790030002B62756673697A6500353132002B69676E6F7265002B6E6F636F6F6B6965
type=SYSCALL msg=audit(1748731980.442:31965): arch=c000003e syscall=59 success=yes exit=0 a0=5622804c3980 a1=5622804b6b60 a2=5622804b7a00 a3=1b6 items=2 ppid=14311 pid=14687 auid=1003 uid=1003 gid=1004 euid=1003 suid=1003 fsuid=1003 egid=1004 sgid=1004 fsgid=1004 tty=pts0 ses=32 comm="dig" exe="/usr/bin/dig" subj=unconfined
type=EXECVE msg=audit(1748731980.442:31965): argc=9 a0="dig" a1="@10.142.0.2" a2="000125-62674552725142754e4f6749727a626449686c504e77647257.x" a3="A" a4="+time=1" a5="+retry=0" a6="+bufsize=512" a7="+ignore" a8="+nocookie"
type=CWD msg=audit(1748731980.442:31965): cwd="/home/alice"
type=PATH msg=audit(1748731980.442:31965): item=0 name="/usr/bin/dig" inode=6373 dev=08:01 mode=0100755 ouid=0 ogid=0 rdev=00:00 nametype=NORMAL cap_fp=0 cap_fi=0 cap_fe=0 cap_fver=0 cap_frootid=0
type=PATH msg=audit(1748731980.442:31965): item=1 name="/lib64/ld-linux-x86-64.so.2" inode=4742 dev=08:01 mode=0100755 ouid=0 ogid=0 rdev=00:00 nametype=NORMAL cap_fp=0 cap_fi=0 cap_fe=0 cap_fver=0 cap_frootid=0
type=PROCTITLE msg=audit(1748731980.442:31965): proctitle=646967004031302E3134322E302E32003030303132352D36323637343535323732353134323735346534663637343937323761363236343439363836633530346537373634373235372E780041002B74696D653D31002B72657472793D30002B62756673697A653D353132002B69676E6F7265002B6E6F636F6F6B6965
type=SYSCALL msg=audit(1748731980.446:31966): arch=c000003e syscall=42 success=yes exit=0 a0=d a1=7fde6c033808 a2=10 a3=7fde73516454 items=0 ppid=14311 pid=14687 auid=1003 uid=1003 gid=1004 euid=1003 suid=1003 fsuid=1003 egid=1004 sgid=1004 fsgid=1004 tty=pts0 ses=32 comm="isc-net-0000" exe="/usr/bin/dig" subj=unconfined
type=SOCKADDR msg=audit(1748731980.446:31966): saddr=020000350A8E00020000000000000000
type=PROCTITLE msg=audit(1748731980.446:31966): proctitle=646967004031302E3134322E302E32003030303132352D36323637343535323732353134323735346534663637343937323761363236343439363836633530346537373634373235372E780041002B74696D650031002B72657472790030002B62756673697A6500353132002B69676E6F7265002B6E6F636F6F6B6965
type=SYSCALL msg=audit(1748731980.494:31967): arch=c000003e syscall=59 success=yes exit=0 a0=5622804c3c80 a1=5622804b6b60 a2=5622804b7a00 a3=1b6 items=2 ppid=14311 pid=14690 auid=1003 uid=1003 gid=1004 euid=1003 suid=1003 fsuid=1003 egid=1004 sgid=1004 fsgid=1004 tty=pts0 ses=32 comm="dig" exe="/usr/bin/dig" subj=unconfined
type=EXECVE msg=audit(1748731980.494:31967): argc=9 a0="dig" a1="@10.142.0.2" a2="000126-3255532b4658616749566a6f70696731746c48356c79454141.x" a3="A" a4="+time=1" a5="+retry=0" a6="+bufsize=512" a7="+ignore" a8="+nocookie"
type=CWD msg=audit(1748731980.494:31967): cwd="/home/alice"
type=PATH msg=audit(1748731980.494:31967): item=0 name="/usr/bin/dig" inode=6373 dev=08:01 mode=0100755 ouid=0 ogid=0 rdev=00:00 nametype=NORMAL cap_fp=0 cap_fi=0 cap_fe=0 cap_fver=0 cap_frootid=0
type=PATH msg=audit(1748731980.494:31967): item=1 name="/lib64/ld-linux-x86-64.so.2" inode=4742 dev=08:01 mode=0100755 ouid=0 ogid=0 rdev=00:00 nametype=NORMAL cap_fp=0 cap_fi=0 cap_fe=0 cap_fver=0 cap_frootid=0
type=PROCTITLE msg=audit(1748731980.494:31967): proctitle=646967004031302E3134322E302E32003030303132362D33323535353332623436353836313637343935363661366637303639363733313734366334383335366337393435343134312E780041002B74696D653D31002B72657472793D30002B62756673697A653D353132002B69676E6F7265002B6E6F636F6F6B6965
type=SYSCALL msg=audit(1748731980.498:31968): arch=c000003e syscall=42 success=yes exit=0 a0=d a1=7f7700033808 a2=10 a3=7f7704e99454 items=0 ppid=14311 pid=14690 auid=1003 uid=1003 gid=1004 euid=1003 suid=1003 fsuid=1003 egid=1004 sgid=1004 fsgid=1004 tty=pts0 ses=32 comm="isc-net-0000" exe="/usr/bin/dig" subj=unconfined
type=SOCKADDR msg=audit(1748731980.498:31968): saddr=020000350A8E00020000000000000000
type=PROCTITLE msg=audit(1748731980.498:31968): proctitle=646967004031302E3134322E302E32003030303132362D33323535353332623436353836313637343935363661366637303639363733313734366334383335366337393435343134312E780041002B74696D650031002B72657472790030002B62756673697A6500353132002B69676E6F7265002B6E6F636F6F6B6965
type=SYSCALL msg=audit(1748731980.546:31969): arch=c000003e syscall=59 success=yes exit=0 a0=5622804c3980 a1=5622804b6b60 a2=5622804b7a00 a3=1b6 items=2 ppid=14311 pid=14693 auid=1003 uid=1003 gid=1004 euid=1003 suid=1003 fsuid=1003 egid=1004 sgid=1004 fsgid=1004 tty=pts0 ses=32 comm="dig" exe="/usr/bin/dig" subj=unconfined
type=EXECVE msg=audit(1748731980.546:31969): argc=9 a0="dig" a1="@10.142.0.2" a2="000127-414442414e6d3834654451716856694462384f0a63504d2b35.x" a3="A" a4="+time=1" a5="+retry=0" a6="+bufsize=512" a7="+ignore" a8="+nocookie"
type=CWD msg=audit(1748731980.546:31969): cwd="/home/alice"
type=PATH msg=audit(1748731980.546:31969): item=0 name="/usr/bin/dig" inode=6373 dev=08:01 mode=0100755 ouid=0 ogid=0 rdev=00:00 nametype=NORMAL cap_fp=0 cap_fi=0 cap_fe=0 cap_fver=0 cap_frootid=0
type=PATH msg=audit(1748731980.546:31969): item=1 name="/lib64/ld-linux-x86-64.so.2" inode=4742 dev=08:01 mode=0100755 ouid=0 ogid=0 rdev=00:00 nametype=NORMAL cap_fp=0 cap_fi=0 cap_fe=0 cap_fver=0 cap_frootid=0
type=PROCTITLE msg=audit(1748731980.546:31969): proctitle=646967004031302E3134322E302E32003030303132372D34313434343234313465366433383334363534343531373136383536363934343632333834663061363335303464326233352E780041002B74696D653D31002B72657472793D30002B62756673697A653D353132002B69676E6F7265002B6E6F636F6F6B6965
type=SYSCALL msg=audit(1748731980.550:31970): arch=c000003e syscall=42 success=yes exit=0 a0=d a1=7f5a68033808 a2=10 a3=7f5a6f045454 items=0 ppid=14311 pid=14693 auid=1003 uid=1003 gid=1004 euid=1003 suid=1003 fsuid=1003 egid=1004 sgid=1004 fsgid=1004 tty=pts0 ses=32 comm="isc-net-0000" exe="/usr/bin/dig" subj=unconfined
type=SOCKADDR msg=audit(1748731980.550:31970): saddr=020000350A8E00020000000000000000
type=PROCTITLE msg=audit(1748731980.550:31970): proctitle=646967004031302E3134322E302E32003030303132372D34313434343234313465366433383334363534343531373136383536363934343632333834663061363335303464326233352E780041002B74696D650031002B72657472790030002B62756673697A6500353132002B69676E6F7265002B6E6F636F6F6B6965
type=SYSCALL msg=audit(1748731980.598:31971): arch=c000003e syscall=59 success=yes exit=0 a0=5622804c3c80 a1=5622804b6b60 a2=5622804b7a00 a3=1b6 items=2 ppid=14311 pid=14696 auid=1003 uid=1003 gid=1004 euid=1003 suid=1003 fsuid=1003 egid=1004 sgid=1004 fsgid=1004 tty=pts0 ses=32 comm="dig" exe="/usr/bin/dig" subj=unconfined
type=EXECVE msg=audit(1748731980.598:31971): argc=9 a0="dig" a1="@10.142.0.2" a2="000128-724155756d304950333563767465634b356365687730433172.x" a3="A" a4="+time=1" a5="+retry=0" a6="+bufsize=512" a7="+ignore" a8="+nocookie"
type=CWD msg=audit(1748731980.598:31971): cwd="/home/alice"
type=PATH msg=audit(1748731980.598:31971): item=0 name="/usr/bin/dig" inode=6373 dev=08:01 mode=0100755 ouid=0 ogid=0 rdev=00:00 nametype=NORMAL cap_fp=0 cap_fi=0 cap_fe=0 cap_fver=0 cap_frootid=0
type=PATH msg=audit(1748731980.598:31971): item=1 name="/lib64/ld-linux-x86-64.so.2" inode=4742 dev=08:01 mode=0100755 ouid=0 ogid=0 rdev=00:00 nametype=NORMAL cap_fp=0 cap_fi=0 cap_fe=0 cap_fver=0 cap_frootid=0
type=PROCTITLE msg=audit(1748731980.598:31971): proctitle=646967004031302E3134322E302E32003030303132382D37323431353537353664333034393530333333353633373637343635363334623335363336353638373733303433333137322E780041002B74696D653D31002B72657472793D30002B62756673697A653D353132002B69676E6F7265002B6E6F636F6F6B6965
type=SYSCALL msg=audit(1748731980.602:31972): arch=c000003e syscall=42 success=yes exit=0 a0=d a1=7fca3c033808 a2=10 a3=7fca412ac454 items=0 ppid=14311 pid=14696 auid=1003 uid=1003 gid=1004 euid=1003 suid=1003 fsuid=1003 egid=1004 sgid=1004 fsgid=1004 tty=pts0 ses=32 comm="isc-net-0000" exe="/usr/bin/dig" subj=unconfined
type=SOCKADDR msg=audit(1748731980.602:31972): saddr=020000350A8E00020000000000000000
type=PROCTITLE msg=audit(1748731980.602:31972): proctitle=646967004031302E3134322E302E32003030303132382D37323431353537353664333034393530333333353633373637343635363334623335363336353638373733303433333137322E780041002B74696D650031002B72657472790030002B62756673697A6500353132002B69676E6F7265002B6E6F636F6F6B6965
type=SYSCALL msg=audit(1748731980.650:31973): arch=c000003e syscall=59 success=yes exit=0 a0=5622804c45e0 a1=5622804b6b60 a2=5622804b7a00 a3=1b6 items=2 ppid=14311 pid=14699 auid=1003 uid=1003 gid=1004 euid=1003 suid=1003 fsuid=1003 egid=1004 sgid=1004 fsgid=1004 tty=pts0 ses=32 comm="dig" exe="/usr/bin/dig" subj=unconfined
type=EXECVE msg=audit(1748731980.650:31973): argc=9 a0="dig" a1="@10.142.0.2" a2="000129-2b2f485a49482b79505934427863534f6f4369576a71596367.x" a3="A" a4="+time=1" a5="+retry=0" a6="+bufsize=512" a7="+ignore" a8="+nocookie"
type=CWD msg=audit(1748731980.650:31973): cwd="/home/alice"
type=PATH msg=audit(1748731980.650:31973): item=0 name="/usr/bin/dig" inode=6373 dev=08:01 mode=0100755 ouid=0 ogid=0 rdev=00:00 nametype=NORMAL cap_fp=0 cap_fi=0 cap_fe=0 cap_fver=0 cap_frootid=0
type=PATH msg=audit(1748731980.650:31973): item=1 name="/lib64/ld-linux-x86-64.so.2" inode=4742 dev=08:01 mode=0100755 ouid=0 ogid=0 rdev=00:00 nametype=NORMAL cap_fp=0 cap_fi=0 cap_fe=0 cap_fver=0 cap_frootid=0
type=PROCTITLE msg=audit(1748731980.650:31973): proctitle=646967004031302E3134322E302E32003030303132392D32623266343835613439343832623739353035393334343237383633353334663666343336393537366137313539363336372E780041002B74696D653D31002B72657472793D30002B62756673697A653D353132002B69676E6F7265002B6E6F636F6F6B6965
type=SYSCALL msg=audit(1748731980.654:31974): arch=c000003e syscall=42 success=yes exit=0 a0=d a1=7f9864033808 a2=10 a3=7f986ac05454 items=0 ppid=14311 pid=14699 auid=1003 uid=1003 gid=1004 euid=1003 suid=1003 fsuid=1003 egid=1004 sgid=1004 fsgid=1004 tty=pts0 ses=32 comm="isc-net-0000" exe="/usr/bin/dig" subj=unconfined
type=SOCKADDR msg=audit(1748731980.654:31974): saddr=020000350A8E00020000000000000000
type=PROCTITLE msg=audit(1748731980.654:31974): proctitle=646967004031302E3134322E302E32003030303132392D32623266343835613439343832623739353035393334343237383633353334663666343336393537366137313539363336372E780041002B74696D650031002B72657472790030002B62756673697A6500353132002B69676E6F7265002B6E6F636F6F6B6965
type=SYSCALL msg=audit(1748731980.698:31975): arch=c000003e syscall=59 success=yes exit=0 a0=5622804c3c80 a1=5622804b6b60 a2=5622804b7a00 a3=1b6 items=2 ppid=14311 pid=14702 auid=1003 uid=1003 gid=1004 euid=1003 suid=1003 fsuid=1003 egid=1004 sgid=1004 fsgid=1004 tty=pts0 ses=32 comm="dig" exe="/usr/bin/dig" subj=unconfined
type=EXECVE msg=audit(1748731980.698:31975): argc=9 a0="dig" a1="@10.142.0.2" a2="000130-7959657773486c5052573345585a6f0a424d7a306e62545675.x" a3="A" a4="+time=1" a5="+retry=0" a6="+bufsize=512" a7="+ignore" a8="+nocookie"
type=CWD msg=audit(1748731980.698:31975): cwd="/home/alice"
type=PATH msg=audit(1748731980.698:31975): item=0 name="/usr/bin/dig" inode=6373 dev=08:01 mode=0100755 ouid=0 ogid=0 rdev=00:00 nametype=NORMAL cap_fp=0 cap_fi=0 cap_fe=0 cap_fver=0 cap_frootid=0
type=PATH msg=audit(1748731980.698:31975): item=1 name="/lib64/ld-linux-x86-64.so.2" inode=4742 dev=08:01 mode=0100755 ouid=0 ogid=0 rdev=00:00 nametype=NORMAL cap_fp=0 cap_fi=0 cap_fe=0 cap_fver=0 cap_frootid=0
type=PROCTITLE msg=audit(1748731980.698:31975): proctitle=646967004031302E3134322E302E32003030303133302D37393539363537373733343836633530353235373333343535383561366630613432346437613330366536323534353637352E780041002B74696D653D31002B72657472793D30002B62756673697A653D353132002B69676E6F7265002B6E6F636F6F6B6965
type=SYSCALL msg=audit(1748731980.706:31976): arch=c000003e syscall=42 success=yes exit=0 a0=d a1=7f0558033808 a2=10 a3=7f056017a454 items=0 ppid=14311 pid=14702 auid=1003 uid=1003 gid=1004 euid=1003 suid=1003 fsuid=1003 egid=1004 sgid=1004 fsgid=1004 tty=pts0 ses=32 comm="isc-net-0000" exe="/usr/bin/dig" subj=unconfined
type=SOCKADDR msg=audit(1748731980.706:31976): saddr=020000350A8E00020000000000000000
type=PROCTITLE msg=audit(1748731980.706:31976): proctitle=646967004031302E3134322E302E32003030303133302D37393539363537373733343836633530353235373333343535383561366630613432346437613330366536323534353637352E780041002B74696D650031002B72657472790030002B62756673697A6500353132002B69676E6F7265002B6E6F636F6F6B6965
type=SYSCALL msg=audit(1748731980.750:31977): arch=c000003e syscall=59 success=yes exit=0 a0=5622804c45e0 a1=5622804b6b60 a2=5622804b7a00 a3=1b6 items=2 ppid=14311 pid=14705 auid=1003 uid=1003 gid=1004 euid=1003 suid=1003 fsuid=1003 egid=1004 sgid=1004 fsgid=1004 tty=pts0 ses=32 comm="dig" exe="/usr/bin/dig" subj=unconfined
type=EXECVE msg=audit(1748731980.750:31977): argc=9 a0="dig" a1="@10.142.0.2" a2="000131-472b656348742b535375316f6e51472f6c744f473850496544.x" a3="A" a4="+time=1" a5="+retry=0" a6="+bufsize=512" a7="+ignore" a8="+nocookie"
type=CWD msg=audit(1748731980.750:31977): cwd="/home/alice"
type=PATH msg=audit(1748731980.750:31977): item=0 name="/usr/bin/dig" inode=6373 dev=08:01 mode=0100755 ouid=0 ogid=0 rdev=00:00 nametype=NORMAL cap_fp=0 cap_fi=0 cap_fe=0 cap_fver=0 cap_frootid=0
type=PATH msg=audit(1748731980.750:31977): item=1 name="/lib64/ld-linux-x86-64.so.2" inode=4742 dev=08:01 mode=0100755 ouid=0 ogid=0 rdev=00:00 nametype=NORMAL cap_fp=0 cap_fi=0 cap_fe=0 cap_fver=0 cap_frootid=0
type=PROCTITLE msg=audit(1748731980.750:31977): proctitle=646967004031302E3134322E302E32003030303133312D34373262363536333438373432623533353337353331366636653531343732663663373434663437333835303439363534342E780041002B74696D653D31002B72657472793D30002B62756673697A653D353132002B69676E6F7265002B6E6F636F6F6B6965
type=SYSCALL msg=audit(1748731980.754:31978): arch=c000003e syscall=42 success=yes exit=0 a0=d a1=7fa2dc033808 a2=10 a3=7fa2e2da1454 items=0 ppid=14311 pid=14705 auid=1003 uid=1003 gid=1004 euid=1003 suid=1003 fsuid=1003 egid=1004 sgid=1004 fsgid=1004 tty=pts0 ses=32 comm="isc-net-0000" exe="/usr/bin/dig" subj=unconfined
type=SOCKADDR msg=audit(1748731980.754:31978): saddr=020000350A8E00020000000000000000
type=PROCTITLE msg=audit(1748731980.754:31978): proctitle=646967004031302E3134322E302E32003030303133312D34373262363536333438373432623533353337353331366636653531343732663663373434663437333835303439363534342E780041002B74696D650031002B72657472790030002B62756673697A6500353132002B69676E6F7265002B6E6F636F6F6B6965
type=SYSCALL msg=audit(1748731980.802:31979): arch=c000003e syscall=59 success=yes exit=0 a0=5622804c3c80 a1=5622804b6b60 a2=5622804b7a00 a3=1b6 items=2 ppid=14311 pid=14708 auid=1003 uid=1003 gid=1004 euid=1003 suid=1003 fsuid=1003 egid=1004 sgid=1004 fsgid=1004 tty=pts0 ses=32 comm="dig" exe="/usr/bin/dig" subj=unconfined
type=EXECVE msg=audit(1748731980.802:31979): argc=9 a0="dig" a1="@10.142.0.2" a2="000132-6558737530613047564d6e2b344a47685358304a6e36616330.x" a3="A" a4="+time=1" a5="+retry=0" a6="+bufsize=512" a7="+ignore" a8="+nocookie"
type=CWD msg=audit(1748731980.802:31979): cwd="/home/alice"
type=PATH msg=audit(1748731980.802:31979): item=0 name="/usr/bin/dig" inode=6373 dev=08:01 mode=0100755 ouid=0 ogid=0 rdev=00:00 nametype=NORMAL cap_fp=0 cap_fi=0 cap_fe=0 cap_fver=0 cap_frootid=0
type=PATH msg=audit(1748731980.802:31979): item=1 name="/lib64/ld-linux-x86-64.so.2" inode=4742 dev=08:01 mode=0100755 ouid=0 ogid=0 rdev=00:00 nametype=NORMAL cap_fp=0 cap_fi=0 cap_fe=0 cap_fver=0 cap_frootid=0
type=PROCTITLE msg=audit(1748731980.802:31979): proctitle=646967004031302E3134322E302E32003030303133322D36353538373337353330363133303437353634643665326233343461343736383533353833303461366533363631363333302E780041002B74696D653D31002B72657472793D30002B62756673697A653D353132002B69676E6F7265002B6E6F636F6F6B6965
type=SYSCALL msg=audit(1748731980.806:31980): arch=c000003e syscall=42 success=yes exit=0 a0=d a1=7fdb44033808 a2=10 a3=7fdb4959b454 items=0 ppid=14311 pid=14708 auid=1003 uid=1003 gid=1004 euid=1003 suid=1003 fsuid=1003 egid=1004 sgid=1004 fsgid=1004 tty=pts0 ses=32 comm="isc-net-0000" exe="/usr/bin/dig" subj=unconfined
type=SOCKADDR msg=audit(1748731980.806:31980): saddr=020000350A8E00020000000000000000
type=PROCTITLE msg=audit(1748731980.806:31980): proctitle=646967004031302E3134322E302E32003030303133322D36353538373337353330363133303437353634643665326233343461343736383533353833303461366533363631363333302E780041002B74696D650031002B72657472790030002B62756673697A6500353132002B69676E6F7265002B6E6F636F6F6B6965
type=SYSCALL msg=audit(1748731980.858:31981): arch=c000003e syscall=59 success=yes exit=0 a0=5622804c45e0 a1=5622804b6b60 a2=5622804b7a00 a3=1b6 items=2 ppid=14311 pid=14711 auid=1003 uid=1003 gid=1004 euid=1003 suid=1003 fsuid=1003 egid=1004 sgid=1004 fsgid=1004 tty=pts0 ses=32 comm="dig" exe="/usr/bin/dig" subj=unconfined
type=EXECVE msg=audit(1748731980.858:31981): argc=9 a0="dig" a1="@10.142.0.2" a2="000133-6f6c726470766c674e55480a496670714b31527836412b4f33.x" a3="A" a4="+time=1" a5="+retry=0" a6="+bufsize=512" a7="+ignore" a8="+nocookie"
type=CWD msg=audit(1748731980.858:31981): cwd="/home/alice"
type=PATH msg=audit(1748731980.858:31981): item=0 name="/usr/bin/dig" inode=6373 dev=08:01 mode=0100755 ouid=0 ogid=0 rdev=00:00 nametype=NORMAL cap_fp=0 cap_fi=0 cap_fe=0 cap_fver=0 cap_frootid=0
type=PATH msg=audit(1748731980.858:31981): item=1 name="/lib64/ld-linux-x86-64.so.2" inode=4742 dev=08:01 mode=0100755 ouid=0 ogid=0 rdev=00:00 nametype=NORMAL cap_fp=0 cap_fi=0 cap_fe=0 cap_fver=0 cap_frootid=0
type=PROCTITLE msg=audit(1748731980.858:31981): proctitle=646967004031302E3134322E302E32003030303133332D36663663373236343730373636633637346535353438306134393636373037313462333135323738333634313262346633332E780041002B74696D653D31002B72657472793D30002B62756673697A653D353132002B69676E6F7265002B6E6F636F6F6B6965
type=SYSCALL msg=audit(1748731980.862:31982): arch=c000003e syscall=42 success=yes exit=0 a0=d a1=7f2308033808 a2=10 a3=7f230ee5e454 items=0 ppid=14311 pid=14711 auid=1003 uid=1003 gid=1004 euid=1003 suid=1003 fsuid=1003 egid=1004 sgid=1004 fsgid=1004 tty=pts0 ses=32 comm="isc-net-0000" exe="/usr/bin/dig" subj=unconfined
type=SOCKADDR msg=audit(1748731980.862:31982): saddr=020000350A8E00020000000000000000
type=PROCTITLE msg=audit(1748731980.862:31982): proctitle=646967004031302E3134322E302E32003030303133332D36663663373236343730373636633637346535353438306134393636373037313462333135323738333634313262346633332E780041002B74696D650031002B72657472790030002B62756673697A6500353132002B69676E6F7265002B6E6F636F6F6B6965
type=SYSCALL msg=audit(1748731980.910:31983): arch=c000003e syscall=59 success=yes exit=0 a0=5622804c3c80 a1=5622804b6b60 a2=5622804b7a00 a3=1b6 items=2 ppid=14311 pid=14714 auid=1003 uid=1003 gid=1004 euid=1003 suid=1003 fsuid=1003 egid=1004 sgid=1004 fsgid=1004 tty=pts0 ses=32 comm="dig" exe="/usr/bin/dig" subj=unconfined
type=EXECVE msg=audit(1748731980.910:31983): argc=9 a0="dig" a1="@10.142.0.2" a2="000134-316a4167502f797358744e2b6b5454525a506e4a3977455031.x" a3="A" a4="+time=1" a5="+retry=0" a6="+bufsize=512" a7="+ignore" a8="+nocookie"
type=CWD msg=audit(1748731980.910:31983): cwd="/home/alice"
type=PATH msg=audit(1748731980.910:31983): item=0 name="/usr/bin/dig" inode=6373 dev=08:01 mode=0100755 ouid=0 ogid=0 rdev=00:00 nametype=NORMAL cap_fp=0 cap_fi=0 cap_fe=0 cap_fver=0 cap_frootid=0
type=PATH msg=audit(1748731980.910:31983): item=1 name="/lib64/ld-linux-x86-64.so.2" inode=4742 dev=08:01 mode=0100755 ouid=0 ogid=0 rdev=00:00 nametype=NORMAL cap_fp=0 cap_fi=0 cap_fe=0 cap_fver=0 cap_frootid=0
type=PROCTITLE msg=audit(1748731980.910:31983): proctitle=646967004031302E3134322E302E32003030303133342D33313661343136373530326637393733353837343465326236623534353435323561353036653461333937373435353033312E780041002B74696D653D31002B72657472793D30002B62756673697A653D353132002B69676E6F7265002B6E6F636F6F6B6965
type=SYSCALL msg=audit(1748731980.914:31984): arch=c000003e syscall=42 success=yes exit=0 a0=d a1=7f16a0033808 a2=10 a3=7f16a755d454 items=0 ppid=14311 pid=14714 auid=1003 uid=1003 gid=1004 euid=1003 suid=1003 fsuid=1003 egid=1004 sgid=1004 fsgid=1004 tty=pts0 ses=32 comm="isc-net-0000" exe="/usr/bin/dig" subj=unconfined
type=SOCKADDR msg=audit(1748731980.914:31984): saddr=020000350A8E00020000000000000000
type=PROCTITLE msg=audit(1748731980.914:31984): proctitle=646967004031302E3134322E302E32003030303133342D33313661343136373530326637393733353837343465326236623534353435323561353036653461333937373435353033312E780041002B74696D650031002B72657472790030002B62756673697A6500353132002B69676E6F7265002B6E6F636F6F6B6965
type=SYSCALL msg=audit(1748731980.962:31985): arch=c000003e syscall=59 success=yes exit=0 a0=5622804c45e0 a1=5622804b6b60 a2=5622804b7a00 a3=1b6 items=2 ppid=14311 pid=14717 auid=1003 uid=1003 gid=1004 euid=1003 suid=1003 fsuid=1003 egid=1004 sgid=1004 fsgid=1004 tty=pts0 ses=32 comm="dig" exe="/usr/bin/dig" subj=unconfined
type=EXECVE msg=audit(1748731980.962:31985): argc=9 a0="dig" a1="@10.142.0.2" a2="000135-426f7a4f526369694a3361354c55536c7833773261636a435a.x" a3="A" a4="+time=1" a5="+retry=0" a6="+bufsize=512" a7="+ignore" a8="+nocookie"
type=CWD msg=audit(1748731980.962:31985): cwd="/home/alice"
type=PATH msg=audit(1748731980.962:31985): item=0 name="/usr/bin/dig" inode=6373 dev=08:01 mode=0100755 ouid=0 ogid=0 rdev=00:00 nametype=NORMAL cap_fp=0 cap_fi=0 cap_fe=0 cap_fver=0 cap_frootid=0
type=PATH msg=audit(1748731980.962:31985): item=1 name="/lib64/ld-linux-x86-64.so.2" inode=4742 dev=08:01 mode=0100755 ouid=0 ogid=0 rdev=00:00 nametype=NORMAL cap_fp=0 cap_fi=0 cap_fe=0 cap_fver=0 cap_frootid=0
type=PROCTITLE msg=audit(1748731980.962:31985): proctitle=646967004031302E3134322E302E32003030303133352D34323666376134663532363336393639346133333631333534633535353336633738333337373332363136333661343335612E780041002B74696D653D31002B72657472793D30002B62756673697A653D353132002B69676E6F7265002B6E6F636F6F6B6965
type=SYSCALL msg=audit(1748731980.966:31986): arch=c000003e syscall=42 success=yes exit=0 a0=d a1=7fc448033808 a2=10 a3=7fc44e179454 items=0 ppid=14311 pid=14717 auid=1003 uid=1003 gid=1004 euid=1003 suid=1003 fsuid=1003 egid=1004 sgid=1004 fsgid=1004 tty=pts0 ses=32 comm="isc-net-0000" exe="/usr/bin/dig" subj=unconfined
type=SOCKADDR msg=audit(1748731980.966:31986): saddr=020000350A8E00020000000000000000
type=PROCTITLE msg=audit(1748731980.966:31986): proctitle=646967004031302E3134322E302E32003030303133352D34323666376134663532363336393639346133333631333534633535353336633738333337373332363136333661343335612E780041002B74696D650031002B72657472790030002B62756673697A6500353132002B69676E6F7265002B6E6F636F6F6B6965
type=SYSCALL msg=audit(1748731981.014:31987): arch=c000003e syscall=59 success=yes exit=0 a0=5622804c3c80 a1=5622804b6b60 a2=5622804b7a00 a3=1b6 items=2 ppid=14311 pid=14720 auid=1003 uid=1003 gid=1004 euid=1003 suid=1003 fsuid=1003 egid=1004 sgid=1004 fsgid=1004 tty=pts0 ses=32 comm="dig" exe="/usr/bin/dig" subj=unconfined
type=EXECVE msg=audit(1748731981.014:31987): argc=9 a0="dig" a1="@10.142.0.2" a2="000136-4a74706c6158750a73506e794474534758532b44387a46652f.x" a3="A" a4="+time=1" a5="+retry=0" a6="+bufsize=512" a7="+ignore" a8="+nocookie"
type=CWD msg=audit(1748731981.014:31987): cwd="/home/alice"
type=PATH msg=audit(1748731981.014:31987): item=0 name="/usr/bin/dig" inode=6373 dev=08:01 mode=0100755 ouid=0 ogid=0 rdev=00:00 nametype=NORMAL cap_fp=0 cap_fi=0 cap_fe=0 cap_fver=0 cap_frootid=0
type=PATH msg=audit(1748731981.014:31987): item=1 name="/lib64/ld-linux-x86-64.so.2" inode=4742 dev=08:01 mode=0100755 ouid=0 ogid=0 rdev=00:00 nametype=NORMAL cap_fp=0 cap_fi=0 cap_fe=0 cap_fver=0 cap_frootid=0
type=PROCTITLE msg=audit(1748731981.014:31987): proctitle=646967004031302E3134322E302E32003030303133362D34613734373036633631353837353061373335303665373934343734353334373538353332623434333837613436363532662E780041002B74696D653D31002B72657472793D30002B62756673697A653D353132002B69676E6F7265002B6E6F636F6F6B6965
type=SYSCALL msg=audit(1748731981.018:31988): arch=c000003e syscall=42 success=yes exit=0 a0=d a1=7f6370033808 a2=10 a3=7f637670e454 items=0 ppid=14311 pid=14720 auid=1003 uid=1003 gid=1004 euid=1003 suid=1003 fsuid=1003 egid=1004 sgid=1004 fsgid=1004 tty=pts0 ses=32 comm="isc-net-0000" exe="/usr/bin/dig" subj=unconfined
type=SOCKADDR msg=audit(1748731981.018:31988): saddr=020000350A8E00020000000000000000
type=PROCTITLE msg=audit(1748731981.018:31988): proctitle=646967004031302E3134322E302E32003030303133362D34613734373036633631353837353061373335303665373934343734353334373538353332623434333837613436363532662E780041002B74696D650031002B72657472790030002B62756673697A6500353132002B69676E6F7265002B6E6F636F6F6B6965
type=SYSCALL msg=audit(1748731981.070:31989): arch=c000003e syscall=59 success=yes exit=0 a0=5622804c5280 a1=5622804b6b60 a2=5622804b7a00 a3=1b6 items=2 ppid=14311 pid=14723 auid=1003 uid=1003 gid=1004 euid=1003 suid=1003 fsuid=1003 egid=1004 sgid=1004 fsgid=1004 tty=pts0 ses=32 comm="dig" exe="/usr/bin/dig" subj=unconfined
type=EXECVE msg=audit(1748731981.070:31989): argc=9 a0="dig" a1="@10.142.0.2" a2="000137-3074417454493141533557544256514141414d454132427462.x" a3="A" a4="+time=1" a5="+retry=0" a6="+bufsize=512" a7="+ignore" a8="+nocookie"
type=CWD msg=audit(1748731981.070:31989): cwd="/home/alice"
type=PATH msg=audit(1748731981.070:31989): item=0 name="/usr/bin/dig" inode=6373 dev=08:01 mode=0100755 ouid=0 ogid=0 rdev=00:00 nametype=NORMAL cap_fp=0 cap_fi=0 cap_fe=0 cap_fver=0 cap_frootid=0
type=PATH msg=audit(1748731981.070:31989): item=1 name="/lib64/ld-linux-x86-64.so.2" inode=4742 dev=08:01 mode=0100755 ouid=0 ogid=0 rdev=00:00 nametype=NORMAL cap_fp=0 cap_fi=0 cap_fe=0 cap_fver=0 cap_frootid=0
type=PROCTITLE msg=audit(1748731981.070:31989): proctitle=646967004031302E3134322E302E32003030303133372D33303734343137343534343933313431353333353537353434323536353134313431343134643435343133323432373436322E780041002B74696D653D31002B72657472793D30002B62756673697A653D353132002B69676E6F7265002B6E6F636F6F6B6965
type=SYSCALL msg=audit(1748731981.074:31990): arch=c000003e syscall=42 success=yes exit=0 a0=d a1=7f6030033808 a2=10 a3=7f6035432454 items=0 ppid=14311 pid=14723 auid=1003 uid=1003 gid=1004 euid=1003 suid=1003 fsuid=1003 egid=1004 sgid=1004 fsgid=1004 tty=pts0 ses=32 comm="isc-net-0000" exe="/usr/bin/dig" subj=unconfined
type=SOCKADDR msg=audit(1748731981.074:31990): saddr=020000350A8E00020000000000000000
type=PROCTITLE msg=audit(1748731981.074:31990): proctitle=646967004031302E3134322E302E32003030303133372D33303734343137343534343933313431353333353537353434323536353134313431343134643435343133323432373436322E780041002B74696D650031002B72657472790030002B62756673697A6500353132002B69676E6F7265002B6E6F636F6F6B6965
type=SYSCALL msg=audit(1748731981.122:31991): arch=c000003e syscall=59 success=yes exit=0 a0=5622804c4a70 a1=5622804b6b60 a2=5622804b7a00 a3=1b6 items=2 ppid=14311 pid=14726 auid=1003 uid=1003 gid=1004 euid=1003 suid=1003 fsuid=1003 egid=1004 sgid=1004 fsgid=1004 tty=pts0 ses=32 comm="dig" exe="/usr/bin/dig" subj=unconfined
type=EXECVE msg=audit(1748731981.122:31991): argc=9 a0="dig" a1="@10.142.0.2" a2="000138-59593354743267574b6f65756a3647304d5473774765466977.x" a3="A" a4="+time=1" a5="+retry=0" a6="+bufsize=512" a7="+ignore" a8="+nocookie"
type=CWD msg=audit(1748731981.122:31991): cwd="/home/alice"
type=PATH msg=audit(1748731981.122:31991): item=0 name="/usr/bin/dig" inode=6373 dev=08:01 mode=0100755 ouid=0 ogid=0 rdev=00:00 nametype=NORMAL cap_fp=0 cap_fi=0 cap_fe=0 cap_fver=0 cap_frootid=0
type=PATH msg=audit(1748731981.122:31991): item=1 name="/lib64/ld-linux-x86-64.so.2" inode=4742 dev=08:01 mode=0100755 ouid=0 ogid=0 rdev=00:00 nametype=NORMAL cap_fp=0 cap_fi=0 cap_fe=0 cap_fver=0 cap_frootid=0
type=PROCTITLE msg=audit(1748731981.122:31991): proctitle=646967004031302E3134322E302E32003030303133382D35393539333335343734333236373537346236663635373536613336343733303464353437333737343736353436363937372E780041002B74696D653D31002B72657472793D30002B62756673697A653D353132002B69676E6F7265002B6E6F636F6F6B6965
type=SYSCALL msg=audit(1748731981.126:31992): arch=c000003e syscall=42 success=yes exit=0 a0=d a1=7fc650033808 a2=10 a3=7fc654b33454 items=0 ppid=14311 pid=14726 auid=1003 uid=1003 gid=1004 euid=1003 suid=1003 fsuid=1003 egid=1004 sgid=1004 fsgid=1004 tty=pts0 ses=32 comm="isc-net-0000" exe="/usr/bin/dig" subj=unconfined
type=SOCKADDR msg=audit(1748731981.126:31992): saddr=020000350A8E00020000000000000000
type=PROCTITLE msg=audit(1748731981.126:31992): proctitle=646967004031302E3134322E302E32003030303133382D35393539333335343734333236373537346236663635373536613336343733303464353437333737343736353436363937372E780041002B74696D650031002B72657472790030002B62756673697A6500353132002B69676E6F7265002B6E6F636F6F6B6965
type=SYSCALL msg=audit(1748731981.174:31993): arch=c000003e syscall=59 success=yes exit=0 a0=5622804bdf90 a1=5622804b6b60 a2=5622804b7a00 a3=1b6 items=2 ppid=14311 pid=14729 auid=1003 uid=1003 gid=1004 euid=1003 suid=1003 fsuid=1003 egid=1004 sgid=1004 fsgid=1004 tty=pts0 ses=32 comm="dig" exe="/usr/bin/dig" subj=unconfined
type=EXECVE msg=audit(1748731981.174:31993): argc=9 a0="dig" a1="@10.142.0.2" a2="000139-4668730a48754236715553714f6a6945634474343878556a58.x" a3="A" a4="+time=1" a5="+retry=0" a6="+bufsize=512" a7="+ignore" a8="+nocookie"
type=CWD msg=audit(1748731981.174:31993): cwd="/home/alice"
type=PATH msg=audit(1748731981.174:31993): item=0 name="/usr/bin/dig" inode=6373 dev=08:01 mode=0100755 ouid=0 ogid=0 rdev=00:00 nametype=NORMAL cap_fp=0 cap_fi=0 cap_fe=0 cap_fver=0 cap_frootid=0
type=PATH msg=audit(1748731981.174:31993): item=1 name="/lib64/ld-linux-x86-64.so.2" inode=4742 dev=08:01 mode=0100755 ouid=0 ogid=0 rdev=00:00 nametype=NORMAL cap_fp=0 cap_fi=0 cap_fe=0 cap_fver=0 cap_frootid=0
type=PROCTITLE msg=audit(1748731981.174:31993): proctitle=646967004031302E3134322E302E32003030303133392D34363638373330613438373534323336373135353533373134663661363934353633343437343334333837383535366135382E780041002B74696D653D31002B72657472793D30002B62756673697A653D353132002B69676E6F7265002B6E6F636F6F6B6965
type=SYSCALL msg=audit(1748731981.178:31994): arch=c000003e syscall=42 success=yes exit=0 a0=d a1=7f3cfc033808 a2=10 a3=7f3d01f65454 items=0 ppid=14311 pid=14729 auid=1003 uid=1003 gid=1004 euid=1003 suid=1003 fsuid=1003 egid=1004 sgid=1004 fsgid=1004 tty=pts0 ses=32 comm="isc-net-0000" exe="/usr/bin/dig" subj=unconfined
type=SOCKADDR msg=audit(1748731981.178:31994): saddr=020000350A8E00020000000000000000
type=PROCTITLE msg=audit(1748731981.178:31994): proctitle=646967004031302E3134322E302E32003030303133392D34363638373330613438373534323336373135353533373134663661363934353633343437343334333837383535366135382E780041002B74696D650031002B72657472790030002B62756673697A6500353132002B69676E6F7265002B6E6F636F6F6B6965
type=SYSCALL msg=audit(1748731981.226:31995): arch=c000003e syscall=59 success=yes exit=0 a0=5622804c4a70 a1=5622804b6b60 a2=5622804b7a00 a3=1b6 items=2 ppid=14311 pid=14732 auid=1003 uid=1003 gid=1004 euid=1003 suid=1003 fsuid=1003 egid=1004 sgid=1004 fsgid=1004 tty=pts0 ses=32 comm="dig" exe="/usr/bin/dig" subj=unconfined
type=EXECVE msg=audit(1748731981.226:31995): argc=9 a0="dig" a1="@10.142.0.2" a2="000140-65323244727a4f325554752f79692b62744462786233477772.x" a3="A" a4="+time=1" a5="+retry=0" a6="+bufsize=512" a7="+ignore" a8="+nocookie"
type=CWD msg=audit(1748731981.226:31995): cwd="/home/alice"
type=PATH msg=audit(1748731981.226:31995): item=0 name="/usr/bin/dig" inode=6373 dev=08:01 mode=0100755 ouid=0 ogid=0 rdev=00:00 nametype=NORMAL cap_fp=0 cap_fi=0 cap_fe=0 cap_fver=0 cap_frootid=0
type=PATH msg=audit(1748731981.226:31995): item=1 name="/lib64/ld-linux-x86-64.so.2" inode=4742 dev=08:01 mode=0100755 ouid=0 ogid=0 rdev=00:00 nametype=NORMAL cap_fp=0 cap_fi=0 cap_fe=0 cap_fver=0 cap_frootid=0
type=PROCTITLE msg=audit(1748731981.226:31995): proctitle=646967004031302E3134322E302E32003030303134302D36353332333234343732376134663332353535343735326637393639326236323734343436323738363233333437373737322E780041002B74696D653D31002B72657472793D30002B62756673697A653D353132002B69676E6F7265002B6E6F636F6F6B6965
type=SYSCALL msg=audit(1748731981.230:31996): arch=c000003e syscall=42 success=yes exit=0 a0=d a1=7fc998033808 a2=10 a3=7fc99d708454 items=0 ppid=14311 pid=14732 auid=1003 uid=1003 gid=1004 euid=1003 suid=1003 fsuid=1003 egid=1004 sgid=1004 fsgid=1004 tty=pts0 ses=32 comm="isc-net-0000" exe="/usr/bin/dig" subj=unconfined
type=SOCKADDR msg=audit(1748731981.230:31996): saddr=020000350A8E00020000000000000000
type=PROCTITLE msg=audit(1748731981.230:31996): proctitle=646967004031302E3134322E302E32003030303134302D36353332333234343732376134663332353535343735326637393639326236323734343436323738363233333437373737322E780041002B74696D650031002B72657472790030002B62756673697A6500353132002B69676E6F7265002B6E6F636F6F6B6965
type=SYSCALL msg=audit(1748731981.278:31997): arch=c000003e syscall=59 success=yes exit=0 a0=5622804c5380 a1=5622804b6b60 a2=5622804b7a00 a3=1b6 items=2 ppid=14311 pid=14735 auid=1003 uid=1003 gid=1004 euid=1003 suid=1003 fsuid=1003 egid=1004 sgid=1004 fsgid=1004 tty=pts0 ses=32 comm="dig" exe="/usr/bin/dig" subj=unconfined
type=EXECVE msg=audit(1748731981.278:31997): argc=9 a0="dig" a1="@10.142.0.2" a2="000141-2b45413337674f564a7a304461365037636e3576574a50650a.x" a3="A" a4="+time=1" a5="+retry=0" a6="+bufsize=512" a7="+ignore" a8="+nocookie"
type=CWD msg=audit(1748731981.278:31997): cwd="/home/alice"
type=PATH msg=audit(1748731981.278:31997): item=0 name="/usr/bin/dig" inode=6373 dev=08:01 mode=0100755 ouid=0 ogid=0 rdev=00:00 nametype=NORMAL cap_fp=0 cap_fi=0 cap_fe=0 cap_fver=0 cap_frootid=0
type=PATH msg=audit(1748731981.278:31997): item=1 name="/lib64/ld-linux-x86-64.so.2" inode=4742 dev=08:01 mode=0100755 ouid=0 ogid=0 rdev=00:00 nametype=NORMAL cap_fp=0 cap_fi=0 cap_fe=0 cap_fver=0 cap_frootid=0
type=PROCTITLE msg=audit(1748731981.278:31997): proctitle=646967004031302E3134322E302E32003030303134312D32623435343133333337363734663536346137613330343436313336353033373633366533353736353734613530363530612E780041002B74696D653D31002B72657472793D30002B62756673697A653D353132002B69676E6F7265002B6E6F636F6F6B6965
type=SYSCALL msg=audit(1748731981.282:31998): arch=c000003e syscall=42 success=yes exit=0 a0=d a1=7fcaec033808 a2=10 a3=7fcaf3ee4454 items=0 ppid=14311 pid=14735 auid=1003 uid=1003 gid=1004 euid=1003 suid=1003 fsuid=1003 egid=1004 sgid=1004 fsgid=1004 tty=pts0 ses=32 comm="isc-net-0000" exe="/usr/bin/dig" subj=unconfined
type=SOCKADDR msg=audit(1748731981.282:31998): saddr=020000350A8E00020000000000000000
type=PROCTITLE msg=audit(1748731981.282:31998): proctitle=646967004031302E3134322E302E32003030303134312D32623435343133333337363734663536346137613330343436313336353033373633366533353736353734613530363530612E780041002B74696D650031002B72657472790030002B62756673697A6500353132002B69676E6F7265002B6E6F636F6F6B6965
type=SYSCALL msg=audit(1748731981.326:31999): arch=c000003e syscall=59 success=yes exit=0 a0=5622804b7fd0 a1=5622804b6b60 a2=5622804b7a00 a3=1b6 items=2 ppid=14311 pid=14738 auid=1003 uid=1003 gid=1004 euid=1003 suid=1003 fsuid=1003 egid=1004 sgid=1004 fsgid=1004 tty=pts0 ses=32 comm="dig" exe="/usr/bin/dig" subj=unconfined
type=EXECVE msg=audit(1748731981.326:31999): argc=9 a0="dig" a1="@10.142.0.2" a2="000142-727673705054416c6c62724f716f49434d3871554462394343.x" a3="A" a4="+time=1" a5="+retry=0" a6="+bufsize=512" a7="+ignore" a8="+nocookie"
type=CWD msg=audit(1748731981.326:31999): cwd="/home/alice"
type=PATH msg=audit(1748731981.326:31999): item=0 name="/usr/bin/dig" inode=6373 dev=08:01 mode=0100755 ouid=0 ogid=0 rdev=00:00 nametype=NORMAL cap_fp=0 cap_fi=0 cap_fe=0 cap_fver=0 cap_frootid=0
type=PATH msg=audit(1748731981.326:31999): item=1 name="/lib64/ld-linux-x86-64.so.2" inode=4742 dev=08:01 mode=0100755 ouid=0 ogid=0 rdev=00:00 nametype=NORMAL cap_fp=0 cap_fi=0 cap_fe=0 cap_fver=0 cap_frootid=0
type=PROCTITLE msg=audit(1748731981.326:31999): proctitle=646967004031302E3134322E302E32003030303134322D37323736373337303530353434313663366336323732346637313666343934333464333837313535343436323339343334332E780041002B74696D653D31002B72657472793D30002B62756673697A653D353132002B69676E6F7265002B6E6F636F6F6B6965
type=SYSCALL msg=audit(1748731981.334:32000): arch=c000003e syscall=42 success=yes exit=0 a0=d a1=7f24b8033808 a2=10 a3=7f24bfee8454 items=0 ppid=14311 pid=14738 auid=1003 uid=1003 gid=1004 euid=1003 suid=1003 fsuid=1003 egid=1004 sgid=1004 fsgid=1004 tty=pts0 ses=32 comm="isc-net-0000" exe="/usr/bin/dig" subj=unconfined
type=SOCKADDR msg=audit(1748731981.334:32000): saddr=020000350A8E00020000000000000000
type=PROCTITLE msg=audit(1748731981.334:32000): proctitle=646967004031302E3134322E302E32003030303134322D37323736373337303530353434313663366336323732346637313666343934333464333837313535343436323339343334332E780041002B74696D650031002B72657472790030002B62756673697A6500353132002B69676E6F7265002B6E6F636F6F6B6965
type=SYSCALL msg=audit(1748731981.378:32001): arch=c000003e syscall=59 success=yes exit=0 a0=5622804c5380 a1=5622804b6b60 a2=5622804b7a00 a3=1b6 items=2 ppid=14311 pid=14741 auid=1003 uid=1003 gid=1004 euid=1003 suid=1003 fsuid=1003 egid=1004 sgid=1004 fsgid=1004 tty=pts0 ses=32 comm="dig" exe="/usr/bin/dig" subj=unconfined
type=EXECVE msg=audit(1748731981.378:32001): argc=9 a0="dig" a1="@10.142.0.2" a2="000143-453847357766612b4c376c3637324d6d2b794c417434765a70.x" a3="A" a4="+time=1" a5="+retry=0" a6="+bufsize=512" a7="+ignore" a8="+nocookie"
type=CWD msg=audit(1748731981.378:32001): cwd="/home/alice"
type=PATH msg=audit(1748731981.378:32001): item=0 name="/usr/bin/dig" inode=6373 dev=08:01 mode=0100755 ouid=0 ogid=0 rdev=00:00 nametype=NORMAL cap_fp=0 cap_fi=0 cap_fe=0 cap_fver=0 cap_frootid=0
type=PATH msg=audit(1748731981.378:32001): item=1 name="/lib64/ld-linux-x86-64.so.2" inode=4742 dev=08:01 mode=0100755 ouid=0 ogid=0 rdev=00:00 nametype=NORMAL cap_fp=0 cap_fi=0 cap_fe=0 cap_fver=0 cap_frootid=0
type=PROCTITLE msg=audit(1748731981.378:32001): proctitle=646967004031302E3134322E302E32003030303134332D34353338343733353737363636313262346333373663333633373332346436643262373934633431373433343736356137302E780041002B74696D653D31002B72657472793D30002B62756673697A653D353132002B69676E6F7265002B6E6F636F6F6B6965
type=SYSCALL msg=audit(1748731981.382:32002): arch=c000003e syscall=42 success=yes exit=0 a0=d a1=7f51f0033808 a2=10 a3=7f51f7d9d454 items=0 ppid=14311 pid=14741 auid=1003 uid=1003 gid=1004 euid=1003 suid=1003 fsuid=1003 egid=1004 sgid=1004 fsgid=1004 tty=pts0 ses=32 comm="isc-net-0000" exe="/usr/bin/dig" subj=unconfined
type=SOCKADDR msg=audit(1748731981.382:32002): saddr=020000350A8E00020000000000000000
type=PROCTITLE msg=audit(1748731981.382:32002): proctitle=646967004031302E3134322E302E32003030303134332D34353338343733353737363636313262346333373663333633373332346436643262373934633431373433343736356137302E780041002B74696D650031002B72657472790030002B62756673697A6500353132002B69676E6F7265002B6E6F636F6F6B6965
type=SYSCALL msg=audit(1748731981.430:32003): arch=c000003e syscall=59 success=yes exit=0 a0=5622804b7fd0 a1=5622804b6b60 a2=5622804b7a00 a3=1b6 items=2 ppid=14311 pid=14744 auid=1003 uid=1003 gid=1004 euid=1003 suid=1003 fsuid=1003 egid=1004 sgid=1004 fsgid=1004 tty=pts0 ses=32 comm="dig" exe="/usr/bin/dig" subj=unconfined
type=EXECVE msg=audit(1748731981.430:32003): argc=9 a0="dig" a1="@10.142.0.2" a2="000144-4343795375504c315733707331513867593576340a55514a39.x" a3="A" a4="+time=1" a5="+retry=0" a6="+bufsize=512" a7="+ignore" a8="+nocookie"
type=CWD msg=audit(1748731981.430:32003): cwd="/home/alice"
type=PATH msg=audit(1748731981.430:32003): item=0 name="/usr/bin/dig" inode=6373 dev=08:01 mode=0100755 ouid=0 ogid=0 rdev=00:00 nametype=NORMAL cap_fp=0 cap_fi=0 cap_fe=0 cap_fver=0 cap_frootid=0
type=PATH msg=audit(1748731981.430:32003): item=1 name="/lib64/ld-linux-x86-64.so.2" inode=4742 dev=08:01 mode=0100755 ouid=0 ogid=0 rdev=00:00 nametype=NORMAL cap_fp=0 cap_fi=0 cap_fe=0 cap_fver=0 cap_frootid=0
type=PROCTITLE msg=audit(1748731981.430:32003): proctitle=646967004031302E3134322E302E32003030303134342D34333433373935333735353034633331353733333730373333313531333836373539333537363334306135353531346133392E780041002B74696D653D31002B72657472793D30002B62756673697A653D353132002B69676E6F7265002B6E6F636F6F6B6965
type=SYSCALL msg=audit(1748731981.434:32004): arch=c000003e syscall=42 success=yes exit=0 a0=d a1=7fdbb8033808 a2=10 a3=7fdbc069e454 items=0 ppid=14311 pid=14744 auid=1003 uid=1003 gid=1004 euid=1003 suid=1003 fsuid=1003 egid=1004 sgid=1004 fsgid=1004 tty=pts0 ses=32 comm="isc-net-0000" exe="/usr/bin/dig" subj=unconfined
type=SOCKADDR msg=audit(1748731981.434:32004): saddr=020000350A8E00020000000000000000
type=PROCTITLE msg=audit(1748731981.434:32004): proctitle=646967004031302E3134322E302E32003030303134342D34333433373935333735353034633331353733333730373333313531333836373539333537363334306135353531346133392E780041002B74696D650031002B72657472790030002B62756673697A6500353132002B69676E6F7265002B6E6F636F6F6B6965
type=SYSCALL msg=audit(1748731981.482:32005): arch=c000003e syscall=59 success=yes exit=0 a0=5622804c4f50 a1=5622804b6b60 a2=5622804b7a00 a3=1b6 items=2 ppid=14311 pid=14747 auid=1003 uid=1003 gid=1004 euid=1003 suid=1003 fsuid=1003 egid=1004 sgid=1004 fsgid=1004 tty=pts0 ses=32 comm="dig" exe="/usr/bin/dig" subj=unconfined
type=EXECVE msg=audit(1748731981.482:32005): argc=9 a0="dig" a1="@10.142.0.2" a2="000145-386f416c454e48586e325a4e52717976727677566b2f79496e.x" a3="A" a4="+time=1" a5="+retry=0" a6="+bufsize=512" a7="+ignore" a8="+nocookie"
type=CWD msg=audit(1748731981.482:32005): cwd="/home/alice"
type=PATH msg=audit(1748731981.482:32005): item=0 name="/usr/bin/dig" inode=6373 dev=08:01 mode=0100755 ouid=0 ogid=0 rdev=00:00 nametype=NORMAL cap_fp=0 cap_fi=0 cap_fe=0 cap_fver=0 cap_frootid=0
type=PATH msg=audit(1748731981.482:32005): item=1 name="/lib64/ld-linux-x86-64.so.2" inode=4742 dev=08:01 mode=0100755 ouid=0 ogid=0 rdev=00:00 nametype=NORMAL cap_fp=0 cap_fi=0 cap_fe=0 cap_fver=0 cap_frootid=0
type=PROCTITLE msg=audit(1748731981.482:32005): proctitle=646967004031302E3134322E302E32003030303134352D33383666343136633435346534383538366533323561346535323731373937363732373637373536366232663739343936652E780041002B74696D653D31002B72657472793D30002B62756673697A653D353132002B69676E6F7265002B6E6F636F6F6B6965
type=SYSCALL msg=audit(1748731981.486:32006): arch=c000003e syscall=42 success=yes exit=0 a0=d a1=7faf48033808 a2=10 a3=7faf5052b454 items=0 ppid=14311 pid=14747 auid=1003 uid=1003 gid=1004 euid=1003 suid=1003 fsuid=1003 egid=1004 sgid=1004 fsgid=1004 tty=pts0 ses=32 comm="isc-net-0000" exe="/usr/bin/dig" subj=unconfined
type=SOCKADDR msg=audit(1748731981.486:32006): saddr=020000350A8E00020000000000000000
type=PROCTITLE msg=audit(1748731981.486:32006): proctitle=646967004031302E3134322E302E32003030303134352D33383666343136633435346534383538366533323561346535323731373937363732373637373536366232663739343936652E780041002B74696D650031002B72657472790030002B62756673697A6500353132002B69676E6F7265002B6E6F636F6F6B6965
type=SYSCALL msg=audit(1748731981.534:32007): arch=c000003e syscall=59 success=yes exit=0 a0=5622804c5710 a1=5622804b6b60 a2=5622804b7a00 a3=1b6 items=2 ppid=14311 pid=14750 auid=1003 uid=1003 gid=1004 euid=1003 suid=1003 fsuid=1003 egid=1004 sgid=1004 fsgid=1004 tty=pts0 ses=32 comm="dig" exe="/usr/bin/dig" subj=unconfined
type=EXECVE msg=audit(1748731981.534:32007): argc=9 a0="dig" a1="@10.142.0.2" a2="000146-64656e74395a6a495868524d5a444b41783071307536733170.x" a3="A" a4="+time=1" a5="+retry=0" a6="+bufsize=512" a7="+ignore" a8="+nocookie"
type=CWD msg=audit(1748731981.534:32007): cwd="/home/alice"
type=PATH msg=audit(1748731981.534:32007): item=0 name="/usr/bin/dig" inode=6373 dev=08:01 mode=0100755 ouid=0 ogid=0 rdev=00:00 nametype=NORMAL cap_fp=0 cap_fi=0 cap_fe=0 cap_fver=0 cap_frootid=0
type=PATH msg=audit(1748731981.534:32007): item=1 name="/lib64/ld-linux-x86-64.so.2" inode=4742 dev=08:01 mode=0100755 ouid=0 ogid=0 rdev=00:00 nametype=NORMAL cap_fp=0 cap_fi=0 cap_fe=0 cap_fver=0 cap_frootid=0
type=PROCTITLE msg=audit(1748731981.534:32007): proctitle=646967004031302E3134322E302E32003030303134362D36343635366537343339356136613439353836383532346435613434346234313738333037313330373533363733333137302E780041002B74696D653D31002B72657472793D30002B62756673697A653D353132002B69676E6F7265002B6E6F636F6F6B6965
type=SYSCALL msg=audit(1748731981.542:32008): arch=c000003e syscall=42 success=yes exit=0 a0=d a1=7ff9ac033808 a2=10 a3=7ff9b3bb3454 items=0 ppid=14311 pid=14750 auid=1003 uid=1003 gid=1004 euid=1003 suid=1003 fsuid=1003 egid=1004 sgid=1004 fsgid=1004 tty=pts0 ses=32 comm="isc-net-0000" exe="/usr/bin/dig" subj=unconfined
type=SOCKADDR msg=audit(1748731981.542:32008): saddr=020000350A8E00020000000000000000
type=PROCTITLE msg=audit(1748731981.542:32008): proctitle=646967004031302E3134322E302E32003030303134362D36343635366537343339356136613439353836383532346435613434346234313738333037313330373533363733333137302E780041002B74696D650031002B72657472790030002B62756673697A6500353132002B69676E6F7265002B6E6F636F6F6B6965
type=SYSCALL msg=audit(1748731981.590:32009): arch=c000003e syscall=59 success=yes exit=0 a0=5622804c48e0 a1=5622804b6b60 a2=5622804b7a00 a3=1b6 items=2 ppid=14311 pid=14753 auid=1003 uid=1003 gid=1004 euid=1003 suid=1003 fsuid=1003 egid=1004 sgid=1004 fsgid=1004 tty=pts0 ses=32 comm="dig" exe="/usr/bin/dig" subj=unconfined
type=EXECVE msg=audit(1748731981.590:32009): argc=9 a0="dig" a1="@10.142.0.2" a2="000147-6b5350513557415052422b30685a4f790a4a43674e7a43536e.x" a3="A" a4="+time=1" a5="+retry=0" a6="+bufsize=512" a7="+ignore" a8="+nocookie"
type=CWD msg=audit(1748731981.590:32009): cwd="/home/alice"
type=PATH msg=audit(1748731981.590:32009): item=0 name="/usr/bin/dig" inode=6373 dev=08:01 mode=0100755 ouid=0 ogid=0 rdev=00:00 nametype=NORMAL cap_fp=0 cap_fi=0 cap_fe=0 cap_fver=0 cap_frootid=0
type=PATH msg=audit(1748731981.590:32009): item=1 name="/lib64/ld-linux-x86-64.so.2" inode=4742 dev=08:01 mode=0100755 ouid=0 ogid=0 rdev=00:00 nametype=NORMAL cap_fp=0 cap_fi=0 cap_fe=0 cap_fver=0 cap_frootid=0
type=PROCTITLE msg=audit(1748731981.590:32009): proctitle=646967004031302E3134322E302E32003030303134372D36623533353035313335353734313530353234323262333036383561346637393061346134333637346537613433353336652E780041002B74696D653D31002B72657472793D30002B62756673697A653D353132002B69676E6F7265002B6E6F636F6F6B6965
type=SYSCALL msg=audit(1748731981.594:32010): arch=c000003e syscall=42 success=yes exit=0 a0=d a1=7fd0c8033808 a2=10 a3=7fd0d0685454 items=0 ppid=14311 pid=14753 auid=1003 uid=1003 gid=1004 euid=1003 suid=1003 fsuid=1003 egid=1004 sgid=1004 fsgid=1004 tty=pts0 ses=32 comm="isc-net-0000" exe="/usr/bin/dig" subj=unconfined
type=SOCKADDR msg=audit(1748731981.594:32010): saddr=020000350A8E00020000000000000000
type=PROCTITLE msg=audit(1748731981.594:32010): proctitle=646967004031302E3134322E302E32003030303134372D36623533353035313335353734313530353234323262333036383561346637393061346134333637346537613433353336652E780041002B74696D650031002B72657472790030002B62756673697A6500353132002B69676E6F7265002B6E6F636F6F6B6965
type=SYSCALL msg=audit(1748731981.642:32011): arch=c000003e syscall=59 success=yes exit=0 a0=5622804c4fd0 a1=5622804b6b60 a2=5622804b7a00 a3=1b6 items=2 ppid=14311 pid=14756 auid=1003 uid=1003 gid=1004 euid=1003 suid=1003 fsuid=1003 egid=1004 sgid=1004 fsgid=1004 tty=pts0 ses=32 comm="dig" exe="/usr/bin/dig" subj=unconfined
type=EXECVE msg=audit(1748731981.642:32011): argc=9 a0="dig" a1="@10.142.0.2" a2="000148-4a524d657737414141414657467361574e6c51485669645735.x" a3="A" a4="+time=1" a5="+retry=0" a6="+bufsize=512" a7="+ignore" a8="+nocookie"
type=CWD msg=audit(1748731981.642:32011): cwd="/home/alice"
type=PATH msg=audit(1748731981.642:32011): item=0 name="/usr/bin/dig" inode=6373 dev=08:01 mode=0100755 ouid=0 ogid=0 rdev=00:00 nametype=NORMAL cap_fp=0 cap_fi=0 cap_fe=0 cap_fver=0 cap_frootid=0
type=PATH msg=audit(1748731981.642:32011): item=1 name="/lib64/ld-linux-x86-64.so.2" inode=4742 dev=08:01 mode=0100755 ouid=0 ogid=0 rdev=00:00 nametype=NORMAL cap_fp=0 cap_fi=0 cap_fe=0 cap_fver=0 cap_frootid=0
type=PROCTITLE msg=audit(1748731981.642:32011): proctitle=646967004031302E3134322E302E32003030303134382D34613532346436353737333734313431343134313436353734363733363135373465366335313438353636393634353733352E780041002B74696D653D31002B72657472793D30002B62756673697A653D353132002B69676E6F7265002B6E6F636F6F6B6965
type=SYSCALL msg=audit(1748731981.646:32012): arch=c000003e syscall=42 success=yes exit=0 a0=d a1=7f4a24033808 a2=10 a3=7f4a2b391454 items=0 ppid=14311 pid=14756 auid=1003 uid=1003 gid=1004 euid=1003 suid=1003 fsuid=1003 egid=1004 sgid=1004 fsgid=1004 tty=pts0 ses=32 comm="isc-net-0000" exe="/usr/bin/dig" subj=unconfined
type=SOCKADDR msg=audit(1748731981.646:32012): saddr=020000350A8E00020000000000000000
type=PROCTITLE msg=audit(1748731981.646:32012): proctitle=646967004031302E3134322E302E32003030303134382D34613532346436353737333734313431343134313436353734363733363135373465366335313438353636393634353733352E780041002B74696D650031002B72657472790030002B62756673697A6500353132002B69676E6F7265002B6E6F636F6F6B6965
type=SYSCALL msg=audit(1748731981.698:32013): arch=c000003e syscall=59 success=yes exit=0 a0=5622804c4ea0 a1=5622804b6b60 a2=5622804b7a00 a3=1b6 items=2 ppid=14311 pid=14759 auid=1003 uid=1003 gid=1004 euid=1003 suid=1003 fsuid=1003 egid=1004 sgid=1004 fsgid=1004 tty=pts0 ses=32 comm="dig" exe="/usr/bin/dig" subj=unconfined
type=EXECVE msg=audit(1748731981.698:32013): argc=9 a0="dig" a1="@10.142.0.2" a2="000149-3064533170626e4e305957356a5a514543417751460a2d2d2d.x" a3="A" a4="+time=1" a5="+retry=0" a6="+bufsize=512" a7="+ignore" a8="+nocookie"
type=CWD msg=audit(1748731981.698:32013): cwd="/home/alice"
type=PATH msg=audit(1748731981.698:32013): item=0 name="/usr/bin/dig" inode=6373 dev=08:01 mode=0100755 ouid=0 ogid=0 rdev=00:00 nametype=NORMAL cap_fp=0 cap_fi=0 cap_fe=0 cap_fver=0 cap_frootid=0
type=PATH msg=audit(1748731981.698:32013): item=1 name="/lib64/ld-linux-x86-64.so.2" inode=4742 dev=08:01 mode=0100755 ouid=0 ogid=0 rdev=00:00 nametype=NORMAL cap_fp=0 cap_fi=0 cap_fe=0 cap_fver=0 cap_frootid=0
type=PROCTITLE msg=audit(1748731981.698:32013): proctitle=646967004031302E3134322E302E32003030303134392D33303634353333313730363236653465333035393537333536613561353134353433343137373531343630613264326432642E780041002B74696D653D31002B72657472793D30002B62756673697A653D353132002B69676E6F7265002B6E6F636F6F6B6965
type=SYSCALL msg=audit(1748731981.702:32014): arch=c000003e syscall=42 success=yes exit=0 a0=d a1=7f3928033808 a2=10 a3=7f392e461454 items=0 ppid=14311 pid=14759 auid=1003 uid=1003 gid=1004 euid=1003 suid=1003 fsuid=1003 egid=1004 sgid=1004 fsgid=1004 tty=pts0 ses=32 comm="isc-net-0000" exe="/usr/bin/dig" subj=unconfined
type=SOCKADDR msg=audit(1748731981.702:32014): saddr=020000350A8E00020000000000000000
type=PROCTITLE msg=audit(1748731981.702:32014): proctitle=646967004031302E3134322E302E32003030303134392D33303634353333313730363236653465333035393537333536613561353134353433343137373531343630613264326432642E780041002B74696D650031002B72657472790030002B62756673697A6500353132002B69676E6F7265002B6E6F636F6F6B6965
type=SYSCALL msg=audit(1748731981.750:32015): arch=c000003e syscall=59 success=yes exit=0 a0=5622804c5480 a1=5622804b6b60 a2=5622804b7a00 a3=1b6 items=2 ppid=14311 pid=14762 auid=1003 uid=1003 gid=1004 euid=1003 suid=1003 fsuid=1003 egid=1004 sgid=1004 fsgid=1004 tty=pts0 ses=32 comm="dig" exe="/usr/bin/dig" subj=unconfined
type=EXECVE msg=audit(1748731981.750:32015): argc=9 a0="dig" a1="@10.142.0.2" a2="000150-2d2d454e44204f50454e5353482050524956415445204b4559.x" a3="A" a4="+time=1" a5="+retry=0" a6="+bufsize=512" a7="+ignore" a8="+nocookie"
type=CWD msg=audit(1748731981.750:32015): cwd="/home/alice"
type=PATH msg=audit(1748731981.750:32015): item=0 name="/usr/bin/dig" inode=6373 dev=08:01 mode=0100755 ouid=0 ogid=0 rdev=00:00 nametype=NORMAL cap_fp=0 cap_fi=0 cap_fe=0 cap_fver=0 cap_frootid=0
type=PATH msg=audit(1748731981.750:32015): item=1 name="/lib64/ld-linux-x86-64.so.2" inode=4742 dev=08:01 mode=0100755 ouid=0 ogid=0 rdev=00:00 nametype=NORMAL cap_fp=0 cap_fi=0 cap_fe=0 cap_fver=0 cap_frootid=0
type=PROCTITLE msg=audit(1748731981.750:32015): proctitle=646967004031302E3134322E302E32003030303135302D32643264343534653434323034663530343534653533353334383230353035323439353634313534343532303462343535392E780041002B74696D653D31002B72657472793D30002B62756673697A653D353132002B69676E6F7265002B6E6F636F6F6B6965
type=SYSCALL msg=audit(1748731981.754:32016): arch=c000003e syscall=42 success=yes exit=0 a0=d a1=7fd0ac033808 a2=10 a3=7fd0b0967454 items=0 ppid=14311 pid=14762 auid=1003 uid=1003 gid=1004 euid=1003 suid=1003 fsuid=1003 egid=1004 sgid=1004 fsgid=1004 tty=pts0 ses=32 comm="isc-net-0000" exe="/usr/bin/dig" subj=unconfined
type=SOCKADDR msg=audit(1748731981.754:32016): saddr=020000350A8E00020000000000000000
type=PROCTITLE msg=audit(1748731981.754:32016): proctitle=646967004031302E3134322E302E32003030303135302D32643264343534653434323034663530343534653533353334383230353035323439353634313534343532303462343535392E780041002B74696D650031002B72657472790030002B62756673697A6500353132002B69676E6F7265002B6E6F636F6F6B6965
type=SYSCALL msg=audit(1748731981.802:32017): arch=c000003e syscall=59 success=yes exit=0 a0=5622804c4ea0 a1=5622804b6b60 a2=5622804b7a00 a3=1b6 items=2 ppid=14311 pid=14765 auid=1003 uid=1003 gid=1004 euid=1003 suid=1003 fsuid=1003 egid=1004 sgid=1004 fsgid=1004 tty=pts0 ses=32 comm="dig" exe="/usr/bin/dig" subj=unconfined
type=EXECVE msg=audit(1748731981.802:32017): argc=9 a0="dig" a1="@10.142.0.2" a2="000151-2d2d2d2d2d0a0a557365723a20616c6963650a0a1b5b39336d.x" a3="A" a4="+time=1" a5="+retry=0" a6="+bufsize=512" a7="+ignore" a8="+nocookie"
type=CWD msg=audit(1748731981.802:32017): cwd="/home/alice"
type=PATH msg=audit(1748731981.802:32017): item=0 name="/usr/bin/dig" inode=6373 dev=08:01 mode=0100755 ouid=0 ogid=0 rdev=00:00 nametype=NORMAL cap_fp=0 cap_fi=0 cap_fe=0 cap_fver=0 cap_frootid=0
type=PATH msg=audit(1748731981.802:32017): item=1 name="/lib64/ld-linux-x86-64.so.2" inode=4742 dev=08:01 mode=0100755 ouid=0 ogid=0 rdev=00:00 nametype=NORMAL cap_fp=0 cap_fi=0 cap_fe=0 cap_fver=0 cap_frootid=0
type=PROCTITLE msg=audit(1748731981.802:32017): proctitle=646967004031302E3134322E302E32003030303135312D32643264326432643264306130613535373336353732336132303631366336393633363530613061316235623339333336642E780041002B74696D653D31002B72657472793D30002B62756673697A653D353132002B69676E6F7265002B6E6F636F6F6B6965
type=SYSCALL msg=audit(1748731981.806:32018): arch=c000003e syscall=42 success=yes exit=0 a0=d a1=7faebc033808 a2=10 a3=7faec3998454 items=0 ppid=14311 pid=14765 auid=1003 uid=1003 gid=1004 euid=1003 suid=1003 fsuid=1003 egid=1004 sgid=1004 fsgid=1004 tty=pts0 ses=32 comm="isc-net-0000" exe="/usr/bin/dig" subj=unconfined
type=SOCKADDR msg=audit(1748731981.806:32018): saddr=020000350A8E00020000000000000000
type=PROCTITLE msg=audit(1748731981.806:32018): proctitle=646967004031302E3134322E302E32003030303135312D32643264326432643264306130613535373336353732336132303631366336393633363530613061316235623339333336642E780041002B74696D650031002B72657472790030002B62756673697A6500353132002B69676E6F7265002B6E6F636F6F6B6965
type=SYSCALL msg=audit(1748731981.850:32019): arch=c000003e syscall=59 success=yes exit=0 a0=562280457760 a1=5622804b6b60 a2=5622804b7a00 a3=1b6 items=2 ppid=14311 pid=14768 auid=1003 uid=1003 gid=1004 euid=1003 suid=1003 fsuid=1003 egid=1004 sgid=1004 fsgid=1004 tty=pts0 ses=32 comm="dig" exe="/usr/bin/dig" subj=unconfined
type=EXECVE msg=audit(1748731981.850:32019): argc=9 a0="dig" a1="@10.142.0.2" a2="000152-2d2d2d2d2d2d2d2d2d2d2d2d2d2d2d2d2d2d2d20436c692070.x" a3="A" a4="+time=1" a5="+retry=0" a6="+bufsize=512" a7="+ignore" a8="+nocookie"
type=CWD msg=audit(1748731981.850:32019): cwd="/home/alice"
type=PATH msg=audit(1748731981.850:32019): item=0 name="/usr/bin/dig" inode=6373 dev=08:01 mode=0100755 ouid=0 ogid=0 rdev=00:00 nametype=NORMAL cap_fp=0 cap_fi=0 cap_fe=0 cap_fver=0 cap_frootid=0
type=PATH msg=audit(1748731981.850:32019): item=1 name="/lib64/ld-linux-x86-64.so.2" inode=4742 dev=08:01 mode=0100755 ouid=0 ogid=0 rdev=00:00 nametype=NORMAL cap_fp=0 cap_fi=0 cap_fe=0 cap_fver=0 cap_frootid=0
type=PROCTITLE msg=audit(1748731981.850:32019): proctitle=646967004031302E3134322E302E32003030303135322D32643264326432643264326432643264326432643264326432643264326432643264326432643230343336633639323037302E780041002B74696D653D31002B72657472793D30002B62756673697A653D353132002B69676E6F7265002B6E6F636F6F6B6965
type=SYSCALL msg=audit(1748731981.858:32020): arch=c000003e syscall=42 success=yes exit=0 a0=d a1=7f49bc033808 a2=10 a3=7f49c3b37454 items=0 ppid=14311 pid=14768 auid=1003 uid=1003 gid=1004 euid=1003 suid=1003 fsuid=1003 egid=1004 sgid=1004 fsgid=1004 tty=pts0 ses=32 comm="isc-net-0000" exe="/usr/bin/dig" subj=unconfined
type=SOCKADDR msg=audit(1748731981.858:32020): saddr=020000350A8E00020000000000000000
type=PROCTITLE msg=audit(1748731981.858:32020): proctitle=646967004031302E3134322E302E32003030303135322D32643264326432643264326432643264326432643264326432643264326432643264326432643230343336633639323037302E780041002B74696D650031002B72657472790030002B62756673697A6500353132002B69676E6F7265002B6E6F636F6F6B6965
type=SYSCALL msg=audit(1748731981.902:32021): arch=c000003e syscall=59 success=yes exit=0 a0=5622804c4b30 a1=5622804b6b60 a2=5622804b7a00 a3=1b6 items=2 ppid=14311 pid=14771 auid=1003 uid=1003 gid=1004 euid=1003 suid=1003 fsuid=1003 egid=1004 sgid=1004 fsgid=1004 tty=pts0 ses=32 comm="dig" exe="/usr/bin/dig" subj=unconfined
type=EXECVE msg=audit(1748731981.902:32021): argc=9 a0="dig" a1="@10.142.0.2" a2="000153-617373776f726473202d2d2d2d2d2d2d2d2d2d2d2d2d2d2d2d.x" a3="A" a4="+time=1" a5="+retry=0" a6="+bufsize=512" a7="+ignore" a8="+nocookie"
type=CWD msg=audit(1748731981.902:32021): cwd="/home/alice"
type=PATH msg=audit(1748731981.902:32021): item=0 name="/usr/bin/dig" inode=6373 dev=08:01 mode=0100755 ouid=0 ogid=0 rdev=00:00 nametype=NORMAL cap_fp=0 cap_fi=0 cap_fe=0 cap_fver=0 cap_frootid=0
type=PATH msg=audit(1748731981.902:32021): item=1 name="/lib64/ld-linux-x86-64.so.2" inode=4742 dev=08:01 mode=0100755 ouid=0 ogid=0 rdev=00:00 nametype=NORMAL cap_fp=0 cap_fi=0 cap_fe=0 cap_fver=0 cap_frootid=0
type=PROCTITLE msg=audit(1748731981.902:32021): proctitle=646967004031302E3134322E302E32003030303135332D36313733373337373666373236343733323032643264326432643264326432643264326432643264326432643264326432642E780041002B74696D653D31002B72657472793D30002B62756673697A653D353132002B69676E6F7265002B6E6F636F6F6B6965
type=SYSCALL msg=audit(1748731981.910:32022): arch=c000003e syscall=42 success=yes exit=0 a0=d a1=7f5070033808 a2=10 a3=7f5076398454 items=0 ppid=14311 pid=14771 auid=1003 uid=1003 gid=1004 euid=1003 suid=1003 fsuid=1003 egid=1004 sgid=1004 fsgid=1004 tty=pts0 ses=32 comm="isc-net-0000" exe="/usr/bin/dig" subj=unconfined
type=SOCKADDR msg=audit(1748731981.910:32022): saddr=020000350A8E00020000000000000000
type=PROCTITLE msg=audit(1748731981.910:32022): proctitle=646967004031302E3134322E302E32003030303135332D36313733373337373666373236343733323032643264326432643264326432643264326432643264326432643264326432642E780041002B74696D650031002B72657472790030002B62756673697A6500353132002B69676E6F7265002B6E6F636F6F6B6965
type=SYSCALL msg=audit(1748731981.958:32023): arch=c000003e syscall=59 success=yes exit=0 a0=5622804c5f50 a1=5622804b6b60 a2=5622804b7a00 a3=1b6 items=2 ppid=14311 pid=14774 auid=1003 uid=1003 gid=1004 euid=1003 suid=1003 fsuid=1003 egid=1004 sgid=1004 fsgid=1004 tty=pts0 ses=32 comm="dig" exe="/usr/bin/dig" subj=unconfined
type=EXECVE msg=audit(1748731981.958:32023): argc=9 a0="dig" a1="@10.142.0.2" a2="000154-2d0a0a1b5b306d1b5b39326d5b2b5d20436d6420666f756e64.x" a3="A" a4="+time=1" a5="+retry=0" a6="+bufsize=512" a7="+ignore" a8="+nocookie"
type=CWD msg=audit(1748731981.958:32023): cwd="/home/alice"
type=PATH msg=audit(1748731981.958:32023): item=0 name="/usr/bin/dig" inode=6373 dev=08:01 mode=0100755 ouid=0 ogid=0 rdev=00:00 nametype=NORMAL cap_fp=0 cap_fi=0 cap_fe=0 cap_fver=0 cap_frootid=0
type=PATH msg=audit(1748731981.958:32023): item=1 name="/lib64/ld-linux-x86-64.so.2" inode=4742 dev=08:01 mode=0100755 ouid=0 ogid=0 rdev=00:00 nametype=NORMAL cap_fp=0 cap_fi=0 cap_fe=0 cap_fver=0 cap_frootid=0
type=PROCTITLE msg=audit(1748731981.958:32023): proctitle=646967004031302E3134322E302E32003030303135342D32643061306131623562333036643162356233393332366435623262356432303433366436343230363636663735366536342E780041002B74696D653D31002B72657472793D30002B62756673697A653D353132002B69676E6F7265002B6E6F636F6F6B6965
type=SYSCALL msg=audit(1748731981.962:32024): arch=c000003e syscall=42 success=yes exit=0 a0=d a1=7fa974033808 a2=10 a3=7fa978ec7454 items=0 ppid=14311 pid=14774 auid=1003 uid=1003 gid=1004 euid=1003 suid=1003 fsuid=1003 egid=1004 sgid=1004 fsgid=1004 tty=pts0 ses=32 comm="isc-net-0000" exe="/usr/bin/dig" subj=unconfined
type=SOCKADDR msg=audit(1748731981.962:32024): saddr=020000350A8E00020000000000000000
type=PROCTITLE msg=audit(1748731981.962:32024): proctitle=646967004031302E3134322E302E32003030303135342D32643061306131623562333036643162356233393332366435623262356432303433366436343230363636663735366536342E780041002B74696D650031002B72657472790030002B62756673697A6500353132002B69676E6F7265002B6E6F636F6F6B6965
type=SYSCALL msg=audit(1748731982.010:32025): arch=c000003e syscall=59 success=yes exit=0 a0=5622804c3c80 a1=5622804b6b60 a2=5622804b7a00 a3=1b6 items=2 ppid=14311 pid=14777 auid=1003 uid=1003 gid=1004 euid=1003 suid=1003 fsuid=1003 egid=1004 sgid=1004 fsgid=1004 tty=pts0 ses=32 comm="dig" exe="/usr/bin/dig" subj=unconfined
type=EXECVE msg=audit(1748731982.010:32025): argc=9 a0="dig" a1="@10.142.0.2" a2="000155-202121210a1b5b306d557365723a20616c6963650a436d643a.x" a3="A" a4="+time=1" a5="+retry=0" a6="+bufsize=512" a7="+ignore" a8="+nocookie"
type=CWD msg=audit(1748731982.010:32025): cwd="/home/alice"
type=PATH msg=audit(1748731982.010:32025): item=0 name="/usr/bin/dig" inode=6373 dev=08:01 mode=0100755 ouid=0 ogid=0 rdev=00:00 nametype=NORMAL cap_fp=0 cap_fi=0 cap_fe=0 cap_fver=0 cap_frootid=0
type=PATH msg=audit(1748731982.010:32025): item=1 name="/lib64/ld-linux-x86-64.so.2" inode=4742 dev=08:01 mode=0100755 ouid=0 ogid=0 rdev=00:00 nametype=NORMAL cap_fp=0 cap_fi=0 cap_fe=0 cap_fver=0 cap_frootid=0
type=PROCTITLE msg=audit(1748731982.010:32025): proctitle=646967004031302E3134322E302E32003030303135352D32303231323132313061316235623330366435353733363537323361323036313663363936333635306134333664363433612E780041002B74696D653D31002B72657472793D30002B62756673697A653D353132002B69676E6F7265002B6E6F636F6F6B6965
type=SYSCALL msg=audit(1748731982.014:32026): arch=c000003e syscall=42 success=yes exit=0 a0=d a1=7f4e6c033808 a2=10 a3=7f4e73200454 items=0 ppid=14311 pid=14777 auid=1003 uid=1003 gid=1004 euid=1003 suid=1003 fsuid=1003 egid=1004 sgid=1004 fsgid=1004 tty=pts0 ses=32 comm="isc-net-0000" exe="/usr/bin/dig" subj=unconfined
type=SOCKADDR msg=audit(1748731982.014:32026): saddr=020000350A8E00020000000000000000
type=PROCTITLE msg=audit(1748731982.014:32026): proctitle=646967004031302E3134322E302E32003030303135352D32303231323132313061316235623330366435353733363537323361323036313663363936333635306134333664363433612E780041002B74696D650031002B72657472790030002B62756673697A6500353132002B69676E6F7265002B6E6F636F6F6B6965
type=SYSCALL msg=audit(1748731982.062:32027): arch=c000003e syscall=59 success=yes exit=0 a0=5622804c6630 a1=5622804b6b60 a2=5622804b7a00 a3=1b6 items=2 ppid=14311 pid=14780 auid=1003 uid=1003 gid=1004 euid=1003 suid=1003 fsuid=1003 egid=1004 sgid=1004 fsgid=1004 tty=pts0 ses=32 comm="dig" exe="/usr/bin/dig" subj=unconfined
type=EXECVE msg=audit(1748731982.062:32027): argc=9 a0="dig" a1="@10.142.0.2" a2="000156-2070617373776f72643d24286f70656e73736c207061737377.x" a3="A" a4="+time=1" a5="+retry=0" a6="+bufsize=512" a7="+ignore" a8="+nocookie"
type=CWD msg=audit(1748731982.062:32027): cwd="/home/alice"
type=PATH msg=audit(1748731982.062:32027): item=0 name="/usr/bin/dig" inode=6373 dev=08:01 mode=0100755 ouid=0 ogid=0 rdev=00:00 nametype=NORMAL cap_fp=0 cap_fi=0 cap_fe=0 cap_fver=0 cap_frootid=0
type=PATH msg=audit(1748731982.062:32027): item=1 name="/lib64/ld-linux-x86-64.so.2" inode=4742 dev=08:01 mode=0100755 ouid=0 ogid=0 rdev=00:00 nametype=NORMAL cap_fp=0 cap_fi=0 cap_fe=0 cap_fver=0 cap_frootid=0
type=PROCTITLE msg=audit(1748731982.062:32027): proctitle=646967004031302E3134322E302E32003030303135362D32303730363137333733373736663732363433643234323836663730363536653733373336633230373036313733373337372E780041002B74696D653D31002B72657472793D30002B62756673697A653D353132002B69676E6F7265002B6E6F636F6F6B6965
type=SYSCALL msg=audit(1748731982.066:32028): arch=c000003e syscall=42 success=yes exit=0 a0=d a1=7f5860033808 a2=10 a3=7f58650cf454 items=0 ppid=14311 pid=14780 auid=1003 uid=1003 gid=1004 euid=1003 suid=1003 fsuid=1003 egid=1004 sgid=1004 fsgid=1004 tty=pts0 ses=32 comm="isc-net-0000" exe="/usr/bin/dig" subj=unconfined
type=SOCKADDR msg=audit(1748731982.066:32028): saddr=020000350A8E00020000000000000000
type=PROCTITLE msg=audit(1748731982.066:32028): proctitle=646967004031302E3134322E302E32003030303135362D32303730363137333733373736663732363433643234323836663730363536653733373336633230373036313733373337372E780041002B74696D650031002B72657472790030002B62756673697A6500353132002B69676E6F7265002B6E6F636F6F6B6965
type=SYSCALL msg=audit(1748731982.114:32029): arch=c000003e syscall=59 success=yes exit=0 a0=5622804c3c80 a1=5622804b6b60 a2=5622804b7a00 a3=1b6 items=2 ppid=14311 pid=14783 auid=1003 uid=1003 gid=1004 euid=1003 suid=1003 fsuid=1003 egid=1004 sgid=1004 fsgid=1004 tty=pts0 ses=32 comm="dig" exe="/usr/bin/dig" subj=unconfined
type=EXECVE msg=audit(1748731982.114:32029): argc=9 a0="dig" a1="@10.142.0.2" a2="000157-64202d31206e657770617373290a0a1b5b39336d2d2d2d2d2d.x" a3="A" a4="+time=1" a5="+retry=0" a6="+bufsize=512" a7="+ignore" a8="+nocookie"
type=CWD msg=audit(1748731982.114:32029): cwd="/home/alice"
type=PATH msg=audit(1748731982.114:32029): item=0 name="/usr/bin/dig" inode=6373 dev=08:01 mode=0100755 ouid=0 ogid=0 rdev=00:00 nametype=NORMAL cap_fp=0 cap_fi=0 cap_fe=0 cap_fver=0 cap_frootid=0
type=PATH msg=audit(1748731982.114:32029): item=1 name="/lib64/ld-linux-x86-64.so.2" inode=4742 dev=08:01 mode=0100755 ouid=0 ogid=0 rdev=00:00 nametype=NORMAL cap_fp=0 cap_fi=0 cap_fe=0 cap_fver=0 cap_frootid=0
type=PROCTITLE msg=audit(1748731982.114:32029): proctitle=646967004031302E3134322E302E32003030303135372D36343230326433313230366536353737373036313733373332393061306131623562333933333664326432643264326432642E780041002B74696D653D31002B72657472793D30002B62756673697A653D353132002B69676E6F7265002B6E6F636F6F6B6965
type=SYSCALL msg=audit(1748731982.122:32030): arch=c000003e syscall=42 success=yes exit=0 a0=d a1=7fbe60033808 a2=10 a3=7fbe65274454 items=0 ppid=14311 pid=14783 auid=1003 uid=1003 gid=1004 euid=1003 suid=1003 fsuid=1003 egid=1004 sgid=1004 fsgid=1004 tty=pts0 ses=32 comm="isc-net-0000" exe="/usr/bin/dig" subj=unconfined
type=SOCKADDR msg=audit(1748731982.122:32030): saddr=020000350A8E00020000000000000000
type=PROCTITLE msg=audit(1748731982.122:32030): proctitle=646967004031302E3134322E302E32003030303135372D36343230326433313230366536353737373036313733373332393061306131623562333933333664326432643264326432642E780041002B74696D650031002B72657472790030002B62756673697A6500353132002B69676E6F7265002B6E6F636F6F6B6965
type=SYSCALL msg=audit(1748731982.170:32031): arch=c000003e syscall=59 success=yes exit=0 a0=5622804c47e0 a1=5622804b6b60 a2=5622804b7a00 a3=1b6 items=2 ppid=14311 pid=14786 auid=1003 uid=1003 gid=1004 euid=1003 suid=1003 fsuid=1003 egid=1004 sgid=1004 fsgid=1004 tty=pts0 ses=32 comm="dig" exe="/usr/bin/dig" subj=unconfined
type=EXECVE msg=audit(1748731982.170:32031): argc=9 a0="dig" a1="@10.142.0.2" a2="000158-2d2d2d2d2d2d2d2d2d2d2d2d2d2d205468756e646572626972.x" a3="A" a4="+time=1" a5="+retry=0" a6="+bufsize=512" a7="+ignore" a8="+nocookie"
type=CWD msg=audit(1748731982.170:32031): cwd="/home/alice"
type=PATH msg=audit(1748731982.170:32031): item=0 name="/usr/bin/dig" inode=6373 dev=08:01 mode=0100755 ouid=0 ogid=0 rdev=00:00 nametype=NORMAL cap_fp=0 cap_fi=0 cap_fe=0 cap_fver=0 cap_frootid=0
type=PATH msg=audit(1748731982.170:32031): item=1 name="/lib64/ld-linux-x86-64.so.2" inode=4742 dev=08:01 mode=0100755 ouid=0 ogid=0 rdev=00:00 nametype=NORMAL cap_fp=0 cap_fi=0 cap_fe=0 cap_fver=0 cap_frootid=0
type=PROCTITLE msg=audit(1748731982.170:32031): proctitle=646967004031302E3134322E302E32003030303135382D32643264326432643264326432643264326432643264326432643264323035343638373536653634363537323632363937322E780041002B74696D653D31002B72657472793D30002B62756673697A653D353132002B69676E6F7265002B6E6F636F6F6B6965
type=SYSCALL msg=audit(1748731982.174:32032): arch=c000003e syscall=42 success=yes exit=0 a0=d a1=7f09cc033808 a2=10 a3=7f09d411f454 items=0 ppid=14311 pid=14786 auid=1003 uid=1003 gid=1004 euid=1003 suid=1003 fsuid=1003 egid=1004 sgid=1004 fsgid=1004 tty=pts0 ses=32 comm="isc-net-0000" exe="/usr/bin/dig" subj=unconfined
type=SOCKADDR msg=audit(1748731982.174:32032): saddr=020000350A8E00020000000000000000
type=PROCTITLE msg=audit(1748731982.174:32032): proctitle=646967004031302E3134322E302E32003030303135382D32643264326432643264326432643264326432643264326432643264323035343638373536653634363537323632363937322E780041002B74696D650031002B72657472790030002B62756673697A6500353132002B69676E6F7265002B6E6F636F6F6B6965
type=SYSCALL msg=audit(1748731982.226:32033): arch=c000003e syscall=59 success=yes exit=0 a0=5622804c3c80 a1=5622804b6b60 a2=5622804b7a00 a3=1b6 items=2 ppid=14311 pid=14789 auid=1003 uid=1003 gid=1004 euid=1003 suid=1003 fsuid=1003 egid=1004 sgid=1004 fsgid=1004 tty=pts0 ses=32 comm="dig" exe="/usr/bin/dig" subj=unconfined
type=EXECVE msg=audit(1748731982.226:32033): argc=9 a0="dig" a1="@10.142.0.2" a2="000159-642070617373776f726473202d2d2d2d2d2d2d2d2d2d2d2d2d.x" a3="A" a4="+time=1" a5="+retry=0" a6="+bufsize=512" a7="+ignore" a8="+nocookie"
type=CWD msg=audit(1748731982.226:32033): cwd="/home/alice"
type=PATH msg=audit(1748731982.226:32033): item=0 name="/usr/bin/dig" inode=6373 dev=08:01 mode=0100755 ouid=0 ogid=0 rdev=00:00 nametype=NORMAL cap_fp=0 cap_fi=0 cap_fe=0 cap_fver=0 cap_frootid=0
type=PATH msg=audit(1748731982.226:32033): item=1 name="/lib64/ld-linux-x86-64.so.2" inode=4742 dev=08:01 mode=0100755 ouid=0 ogid=0 rdev=00:00 nametype=NORMAL cap_fp=0 cap_fi=0 cap_fe=0 cap_fver=0 cap_frootid=0
type=PROCTITLE msg=audit(1748731982.226:32033): proctitle=646967004031302E3134322E302E32003030303135392D36343230373036313733373337373666373236343733323032643264326432643264326432643264326432643264326432642E780041002B74696D653D31002B72657472793D30002B62756673697A653D353132002B69676E6F7265002B6E6F636F6F6B6965
type=SYSCALL msg=audit(1748731982.230:32034): arch=c000003e syscall=42 success=yes exit=0 a0=d a1=7f54b0033808 a2=10 a3=7f54b6efc454 items=0 ppid=14311 pid=14789 auid=1003 uid=1003 gid=1004 euid=1003 suid=1003 fsuid=1003 egid=1004 sgid=1004 fsgid=1004 tty=pts0 ses=32 comm="isc-net-0000" exe="/usr/bin/dig" subj=unconfined
type=SOCKADDR msg=audit(1748731982.230:32034): saddr=020000350A8E00020000000000000000
type=PROCTITLE msg=audit(1748731982.230:32034): proctitle=646967004031302E3134322E302E32003030303135392D36343230373036313733373337373666373236343733323032643264326432643264326432643264326432643264326432642E780041002B74696D650031002B72657472790030002B62756673697A6500353132002B69676E6F7265002B6E6F636F6F6B6965
type=SYSCALL msg=audit(1748731982.278:32035): arch=c000003e syscall=59 success=yes exit=0 a0=5622804c47e0 a1=5622804b6b60 a2=5622804b7a00 a3=1b6 items=2 ppid=14311 pid=14792 auid=1003 uid=1003 gid=1004 euid=1003 suid=1003 fsuid=1003 egid=1004 sgid=1004 fsgid=1004 tty=pts0 ses=32 comm="dig" exe="/usr/bin/dig" subj=unconfined
type=EXECVE msg=audit(1748731982.278:32035): argc=9 a0="dig" a1="@10.142.0.2" a2="000160-2d2d2d2d0a0a1b5b306d1b5b39326d5b2b5d2050617373776f.x" a3="A" a4="+time=1" a5="+retry=0" a6="+bufsize=512" a7="+ignore" a8="+nocookie"
type=CWD msg=audit(1748731982.278:32035): cwd="/home/alice"
type=PATH msg=audit(1748731982.278:32035): item=0 name="/usr/bin/dig" inode=6373 dev=08:01 mode=0100755 ouid=0 ogid=0 rdev=00:00 nametype=NORMAL cap_fp=0 cap_fi=0 cap_fe=0 cap_fver=0 cap_frootid=0
type=PATH msg=audit(1748731982.278:32035): item=1 name="/lib64/ld-linux-x86-64.so.2" inode=4742 dev=08:01 mode=0100755 ouid=0 ogid=0 rdev=00:00 nametype=NORMAL cap_fp=0 cap_fi=0 cap_fe=0 cap_fver=0 cap_frootid=0
type=PROCTITLE msg=audit(1748731982.278:32035): proctitle=646967004031302E3134322E302E32003030303136302D32643264326432643061306131623562333036643162356233393332366435623262356432303530363137333733373736662E780041002B74696D653D31002B72657472793D30002B62756673697A653D353132002B69676E6F7265002B6E6F636F6F6B6965
type=SYSCALL msg=audit(1748731982.282:32036): arch=c000003e syscall=42 success=yes exit=0 a0=d a1=7f3b3c033808 a2=10 a3=7f3b42849454 items=0 ppid=14311 pid=14792 auid=1003 uid=1003 gid=1004 euid=1003 suid=1003 fsuid=1003 egid=1004 sgid=1004 fsgid=1004 tty=pts0 ses=32 comm="isc-net-0000" exe="/usr/bin/dig" subj=unconfined
type=SOCKADDR msg=audit(1748731982.282:32036): saddr=020000350A8E00020000000000000000
type=PROCTITLE msg=audit(1748731982.282:32036): proctitle=646967004031302E3134322E302E32003030303136302D32643264326432643061306131623562333036643162356233393332366435623262356432303530363137333733373736662E780041002B74696D650031002B72657472790030002B62756673697A6500353132002B69676E6F7265002B6E6F636F6F6B6965
type=SYSCALL msg=audit(1748731982.334:32037): arch=c000003e syscall=59 success=yes exit=0 a0=5622804c6f80 a1=5622804b6b60 a2=5622804b7a00 a3=1b6 items=2 ppid=14311 pid=14795 auid=1003 uid=1003 gid=1004 euid=1003 suid=1003 fsuid=1003 egid=1004 sgid=1004 fsgid=1004 tty=pts0 ses=32 comm="dig" exe="/usr/bin/dig" subj=unconfined
type=EXECVE msg=audit(1748731982.334:32037): argc=9 a0="dig" a1="@10.142.0.2" a2="000161-726420666f756e64202121210a1b5b306d55524c3a20736d74.x" a3="A" a4="+time=1" a5="+retry=0" a6="+bufsize=512" a7="+ignore" a8="+nocookie"
type=CWD msg=audit(1748731982.334:32037): cwd="/home/alice"
type=PATH msg=audit(1748731982.334:32037): item=0 name="/usr/bin/dig" inode=6373 dev=08:01 mode=0100755 ouid=0 ogid=0 rdev=00:00 nametype=NORMAL cap_fp=0 cap_fi=0 cap_fe=0 cap_fver=0 cap_frootid=0
type=PATH msg=audit(1748731982.334:32037): item=1 name="/lib64/ld-linux-x86-64.so.2" inode=4742 dev=08:01 mode=0100755 ouid=0 ogid=0 rdev=00:00 nametype=NORMAL cap_fp=0 cap_fi=0 cap_fe=0 cap_fver=0 cap_frootid=0
type=PROCTITLE msg=audit(1748731982.334:32037): proctitle=646967004031302E3134322E302E32003030303136312D37323634323036363666373536653634323032313231323130613162356233303664353535323463336132303733366437342E780041002B74696D653D31002B72657472793D30002B62756673697A653D353132002B69676E6F7265002B6E6F636F6F6B6965
type=SYSCALL msg=audit(1748731982.338:32038): arch=c000003e syscall=42 success=yes exit=0 a0=d a1=7f916c033808 a2=10 a3=7f9170c68454 items=0 ppid=14311 pid=14795 auid=1003 uid=1003 gid=1004 euid=1003 suid=1003 fsuid=1003 egid=1004 sgid=1004 fsgid=1004 tty=pts0 ses=32 comm="isc-net-0000" exe="/usr/bin/dig" subj=unconfined
type=SOCKADDR msg=audit(1748731982.338:32038): saddr=020000350A8E00020000000000000000
type=PROCTITLE msg=audit(1748731982.338:32038): proctitle=646967004031302E3134322E302E32003030303136312D37323634323036363666373536653634323032313231323130613162356233303664353535323463336132303733366437342E780041002B74696D650031002B72657472790030002B62756673697A6500353132002B69676E6F7265002B6E6F636F6F6B6965
type=SYSCALL msg=audit(1748731982.386:32039): arch=c000003e syscall=59 success=yes exit=0 a0=5622804c6800 a1=5622804b6b60 a2=5622804b7a00 a3=1b6 items=2 ppid=14311 pid=14798 auid=1003 uid=1003 gid=1004 euid=1003 suid=1003 fsuid=1003 egid=1004 sgid=1004 fsgid=1004 tty=pts0 ses=32 comm="dig" exe="/usr/bin/dig" subj=unconfined
type=EXECVE msg=audit(1748731982.386:32039): argc=9 a0="dig" a1="@10.142.0.2" a2="000162-703a2f2f736d74702e676d61696c2e636f6d0a4c6f67696e3a.x" a3="A" a4="+time=1" a5="+retry=0" a6="+bufsize=512" a7="+ignore" a8="+nocookie"
type=CWD msg=audit(1748731982.386:32039): cwd="/home/alice"
type=PATH msg=audit(1748731982.386:32039): item=0 name="/usr/bin/dig" inode=6373 dev=08:01 mode=0100755 ouid=0 ogid=0 rdev=00:00 nametype=NORMAL cap_fp=0 cap_fi=0 cap_fe=0 cap_fver=0 cap_frootid=0
type=PATH msg=audit(1748731982.386:32039): item=1 name="/lib64/ld-linux-x86-64.so.2" inode=4742 dev=08:01 mode=0100755 ouid=0 ogid=0 rdev=00:00 nametype=NORMAL cap_fp=0 cap_fi=0 cap_fe=0 cap_fver=0 cap_frootid=0
type=PROCTITLE msg=audit(1748731982.386:32039): proctitle=646967004031302E3134322E302E32003030303136322D37303361326632663733366437343730326536373664363136393663326536333666366430613463366636373639366533612E780041002B74696D653D31002B72657472793D30002B62756673697A653D353132002B69676E6F7265002B6E6F636F6F6B6965
type=SYSCALL msg=audit(1748731982.390:32040): arch=c000003e syscall=42 success=yes exit=0 a0=d a1=7fbbd8033808 a2=10 a3=7fbbdd62c454 items=0 ppid=14311 pid=14798 auid=1003 uid=1003 gid=1004 euid=1003 suid=1003 fsuid=1003 egid=1004 sgid=1004 fsgid=1004 tty=pts0 ses=32 comm="isc-net-0000" exe="/usr/bin/dig" subj=unconfined
type=SOCKADDR msg=audit(1748731982.390:32040): saddr=020000350A8E00020000000000000000
type=PROCTITLE msg=audit(1748731982.390:32040): proctitle=646967004031302E3134322E302E32003030303136322D37303361326632663733366437343730326536373664363136393663326536333666366430613463366636373639366533612E780041002B74696D650031002B72657472790030002B62756673697A6500353132002B69676E6F7265002B6E6F636F6F6B6965
type=SYSCALL msg=audit(1748731982.438:32041): arch=c000003e syscall=59 success=yes exit=0 a0=5622804c6950 a1=5622804b6b60 a2=5622804b7a00 a3=1b6 items=2 ppid=14311 pid=14801 auid=1003 uid=1003 gid=1004 euid=1003 suid=1003 fsuid=1003 egid=1004 sgid=1004 fsgid=1004 tty=pts0 ses=32 comm="dig" exe="/usr/bin/dig" subj=unconfined
type=EXECVE msg=audit(1748731982.438:32041): argc=9 a0="dig" a1="@10.142.0.2" a2="000163-20617074726573656172636865723040676d61696c2e636f6d.x" a3="A" a4="+time=1" a5="+retry=0" a6="+bufsize=512" a7="+ignore" a8="+nocookie"
type=CWD msg=audit(1748731982.438:32041): cwd="/home/alice"
type=PATH msg=audit(1748731982.438:32041): item=0 name="/usr/bin/dig" inode=6373 dev=08:01 mode=0100755 ouid=0 ogid=0 rdev=00:00 nametype=NORMAL cap_fp=0 cap_fi=0 cap_fe=0 cap_fver=0 cap_frootid=0
type=PATH msg=audit(1748731982.438:32041): item=1 name="/lib64/ld-linux-x86-64.so.2" inode=4742 dev=08:01 mode=0100755 ouid=0 ogid=0 rdev=00:00 nametype=NORMAL cap_fp=0 cap_fi=0 cap_fe=0 cap_fver=0 cap_frootid=0
type=PROCTITLE msg=audit(1748731982.438:32041): proctitle=646967004031302E3134322E302E32003030303136332D32303631373037343732363537333635363137323633363836353732333034303637366436313639366332653633366636642E780041002B74696D653D31002B72657472793D30002B62756673697A653D353132002B69676E6F7265002B6E6F636F6F6B6965
type=SYSCALL msg=audit(1748731982.442:32042): arch=c000003e syscall=42 success=yes exit=0 a0=d a1=7f3458033808 a2=10 a3=7f345fa77454 items=0 ppid=14311 pid=14801 auid=1003 uid=1003 gid=1004 euid=1003 suid=1003 fsuid=1003 egid=1004 sgid=1004 fsgid=1004 tty=pts0 ses=32 comm="isc-net-0000" exe="/usr/bin/dig" subj=unconfined
type=SOCKADDR msg=audit(1748731982.442:32042): saddr=020000350A8E00020000000000000000
type=PROCTITLE msg=audit(1748731982.442:32042): proctitle=646967004031302E3134322E302E32003030303136332D32303631373037343732363537333635363137323633363836353732333034303637366436313639366332653633366636642E780041002B74696D650031002B72657472790030002B62756673697A6500353132002B69676E6F7265002B6E6F636F6F6B6965
type=SYSCALL msg=audit(1748731982.495:32043): arch=c000003e syscall=59 success=yes exit=0 a0=5622804c6910 a1=5622804b6b60 a2=5622804b7a00 a3=1b6 items=2 ppid=14311 pid=14804 auid=1003 uid=1003 gid=1004 euid=1003 suid=1003 fsuid=1003 egid=1004 sgid=1004 fsgid=1004 tty=pts0 ses=32 comm="dig" exe="/usr/bin/dig" subj=unconfined
type=EXECVE msg=audit(1748731982.495:32043): argc=9 a0="dig" a1="@10.142.0.2" a2="000164-0a50617373776f72643a203162394b55507854613139735730.x" a3="A" a4="+time=1" a5="+retry=0" a6="+bufsize=512" a7="+ignore" a8="+nocookie"
type=CWD msg=audit(1748731982.495:32043): cwd="/home/alice"
type=PATH msg=audit(1748731982.495:32043): item=0 name="/usr/bin/dig" inode=6373 dev=08:01 mode=0100755 ouid=0 ogid=0 rdev=00:00 nametype=NORMAL cap_fp=0 cap_fi=0 cap_fe=0 cap_fver=0 cap_frootid=0
type=PATH msg=audit(1748731982.495:32043): item=1 name="/lib64/ld-linux-x86-64.so.2" inode=4742 dev=08:01 mode=0100755 ouid=0 ogid=0 rdev=00:00 nametype=NORMAL cap_fp=0 cap_fi=0 cap_fe=0 cap_fver=0 cap_frootid=0
type=PROCTITLE msg=audit(1748731982.495:32043): proctitle=646967004031302E3134322E302E32003030303136342D30613530363137333733373736663732363433613230333136323339346235353530373835343631333133393733353733302E780041002B74696D653D31002B72657472793D30002B62756673697A653D353132002B69676E6F7265002B6E6F636F6F6B6965
type=SYSCALL msg=audit(1748731982.499:32044): arch=c000003e syscall=42 success=yes exit=0 a0=d a1=7f8510033808 a2=10 a3=7f85152c3454 items=0 ppid=14311 pid=14804 auid=1003 uid=1003 gid=1004 euid=1003 suid=1003 fsuid=1003 egid=1004 sgid=1004 fsgid=1004 tty=pts0 ses=32 comm="isc-net-0000" exe="/usr/bin/dig" subj=unconfined
type=SOCKADDR msg=audit(1748731982.499:32044): saddr=020000350A8E00020000000000000000
type=PROCTITLE msg=audit(1748731982.499:32044): proctitle=646967004031302E3134322E302E32003030303136342D30613530363137333733373736663732363433613230333136323339346235353530373835343631333133393733353733302E780041002B74696D650031002B72657472790030002B62756673697A6500353132002B69676E6F7265002B6E6F636F6F6B6965
type=SYSCALL msg=audit(1748731982.543:32045): arch=c000003e syscall=59 success=yes exit=0 a0=5622804c6060 a1=5622804b6b60 a2=5622804b7a00 a3=1b6 items=2 ppid=14311 pid=14807 auid=1003 uid=1003 gid=1004 euid=1003 suid=1003 fsuid=1003 egid=1004 sgid=1004 fsgid=1004 tty=pts0 ses=32 comm="dig" exe="/usr/bin/dig" subj=unconfined
type=EXECVE msg=audit(1748731982.543:32045): argc=9 a0="dig" a1="@10.142.0.2" a2="000165-580a0a1b5b39326d5b2b5d2050617373776f726420666f756e.x" a3="A" a4="+time=1" a5="+retry=0" a6="+bufsize=512" a7="+ignore" a8="+nocookie"
type=CWD msg=audit(1748731982.543:32045): cwd="/home/alice"
type=PATH msg=audit(1748731982.543:32045): item=0 name="/usr/bin/dig" inode=6373 dev=08:01 mode=0100755 ouid=0 ogid=0 rdev=00:00 nametype=NORMAL cap_fp=0 cap_fi=0 cap_fe=0 cap_fver=0 cap_frootid=0
type=PATH msg=audit(1748731982.543:32045): item=1 name="/lib64/ld-linux-x86-64.so.2" inode=4742 dev=08:01 mode=0100755 ouid=0 ogid=0 rdev=00:00 nametype=NORMAL cap_fp=0 cap_fi=0 cap_fe=0 cap_fver=0 cap_frootid=0
type=PROCTITLE msg=audit(1748731982.543:32045): proctitle=646967004031302E3134322E302E32003030303136352D35383061306131623562333933323664356232623564323035303631373337333737366637323634323036363666373536652E780041002B74696D653D31002B72657472793D30002B62756673697A653D353132002B69676E6F7265002B6E6F636F6F6B6965
type=SYSCALL msg=audit(1748731982.551:32046): arch=c000003e syscall=42 success=yes exit=0 a0=d a1=7f63ac033808 a2=10 a3=7f63b2b58454 items=0 ppid=14311 pid=14807 auid=1003 uid=1003 gid=1004 euid=1003 suid=1003 fsuid=1003 egid=1004 sgid=1004 fsgid=1004 tty=pts0 ses=32 comm="isc-net-0000" exe="/usr/bin/dig" subj=unconfined
type=SOCKADDR msg=audit(1748731982.551:32046): saddr=020000350A8E00020000000000000000
type=PROCTITLE msg=audit(1748731982.551:32046): proctitle=646967004031302E3134322E302E32003030303136352D35383061306131623562333933323664356232623564323035303631373337333737366637323634323036363666373536652E780041002B74696D650031002B72657472790030002B62756673697A6500353132002B69676E6F7265002B6E6F636F6F6B6965
type=SYSCALL msg=audit(1748731982.599:32047): arch=c000003e syscall=59 success=yes exit=0 a0=5622804c4a70 a1=5622804b6b60 a2=5622804b7a00 a3=1b6 items=2 ppid=14311 pid=14810 auid=1003 uid=1003 gid=1004 euid=1003 suid=1003 fsuid=1003 egid=1004 sgid=1004 fsgid=1004 tty=pts0 ses=32 comm="dig" exe="/usr/bin/dig" subj=unconfined
type=EXECVE msg=audit(1748731982.599:32047): argc=9 a0="dig" a1="@10.142.0.2" a2="000166-64202121210a1b5b306d55524c3a206f617574683a2f2f6163.x" a3="A" a4="+time=1" a5="+retry=0" a6="+bufsize=512" a7="+ignore" a8="+nocookie"
type=CWD msg=audit(1748731982.599:32047): cwd="/home/alice"
type=PATH msg=audit(1748731982.599:32047): item=0 name="/usr/bin/dig" inode=6373 dev=08:01 mode=0100755 ouid=0 ogid=0 rdev=00:00 nametype=NORMAL cap_fp=0 cap_fi=0 cap_fe=0 cap_fver=0 cap_frootid=0
type=PATH msg=audit(1748731982.599:32047): item=1 name="/lib64/ld-linux-x86-64.so.2" inode=4742 dev=08:01 mode=0100755 ouid=0 ogid=0 rdev=00:00 nametype=NORMAL cap_fp=0 cap_fi=0 cap_fe=0 cap_fver=0 cap_frootid=0
type=PROCTITLE msg=audit(1748731982.599:32047): proctitle=646967004031302E3134322E302E32003030303136362D36343230323132313231306131623562333036643535353234633361323036663631373537343638336132663266363136332E780041002B74696D653D31002B72657472793D30002B62756673697A653D353132002B69676E6F7265002B6E6F636F6F6B6965
type=SYSCALL msg=audit(1748731982.603:32048): arch=c000003e syscall=42 success=yes exit=0 a0=d a1=7f8578033808 a2=10 a3=7f857e4bc454 items=0 ppid=14311 pid=14810 auid=1003 uid=1003 gid=1004 euid=1003 suid=1003 fsuid=1003 egid=1004 sgid=1004 fsgid=1004 tty=pts0 ses=32 comm="isc-net-0000" exe="/usr/bin/dig" subj=unconfined
type=SOCKADDR msg=audit(1748731982.603:32048): saddr=020000350A8E00020000000000000000
type=PROCTITLE msg=audit(1748731982.603:32048): proctitle=646967004031302E3134322E302E32003030303136362D36343230323132313231306131623562333036643535353234633361323036663631373537343638336132663266363136332E780041002B74696D650031002B72657472790030002B62756673697A6500353132002B69676E6F7265002B6E6F636F6F6B6965
type=SYSCALL msg=audit(1748731982.651:32049): arch=c000003e syscall=59 success=yes exit=0 a0=5622804c6060 a1=5622804b6b60 a2=5622804b7a00 a3=1b6 items=2 ppid=14311 pid=14813 auid=1003 uid=1003 gid=1004 euid=1003 suid=1003 fsuid=1003 egid=1004 sgid=1004 fsgid=1004 tty=pts0 ses=32 comm="dig" exe="/usr/bin/dig" subj=unconfined
type=EXECVE msg=audit(1748731982.651:32049): argc=9 a0="dig" a1="@10.142.0.2" a2="000167-636f756e74732e676f6f676c652e636f6d0a4c6f67696e3a20.x" a3="A" a4="+time=1" a5="+retry=0" a6="+bufsize=512" a7="+ignore" a8="+nocookie"
type=CWD msg=audit(1748731982.651:32049): cwd="/home/alice"
type=PATH msg=audit(1748731982.651:32049): item=0 name="/usr/bin/dig" inode=6373 dev=08:01 mode=0100755 ouid=0 ogid=0 rdev=00:00 nametype=NORMAL cap_fp=0 cap_fi=0 cap_fe=0 cap_fver=0 cap_frootid=0
type=PATH msg=audit(1748731982.651:32049): item=1 name="/lib64/ld-linux-x86-64.so.2" inode=4742 dev=08:01 mode=0100755 ouid=0 ogid=0 rdev=00:00 nametype=NORMAL cap_fp=0 cap_fi=0 cap_fe=0 cap_fver=0 cap_frootid=0
type=PROCTITLE msg=audit(1748731982.651:32049): proctitle=646967004031302E3134322E302E32003030303136372D36333666373536653734373332653637366636663637366336353265363336663664306134633666363736393665336132302E780041002B74696D653D31002B72657472793D30002B62756673697A653D353132002B69676E6F7265002B6E6F636F6F6B6965
type=SYSCALL msg=audit(1748731982.659:32050): arch=c000003e syscall=42 success=yes exit=0 a0=d a1=7f77a0033808 a2=10 a3=7f77a4953454 items=0 ppid=14311 pid=14813 auid=1003 uid=1003 gid=1004 euid=1003 suid=1003 fsuid=1003 egid=1004 sgid=1004 fsgid=1004 tty=pts0 ses=32 comm="isc-net-0000" exe="/usr/bin/dig" subj=unconfined
type=SOCKADDR msg=audit(1748731982.659:32050): saddr=020000350A8E00020000000000000000
type=PROCTITLE msg=audit(1748731982.659:32050): proctitle=646967004031302E3134322E302E32003030303136372D36333666373536653734373332653637366636663637366336353265363336663664306134633666363736393665336132302E780041002B74696D650031002B72657472790030002B62756673697A6500353132002B69676E6F7265002B6E6F636F6F6B6965
type=SYSCALL msg=audit(1748731982.707:32051): arch=c000003e syscall=59 success=yes exit=0 a0=5622804c6800 a1=5622804b6b60 a2=5622804b7a00 a3=1b6 items=2 ppid=14311 pid=14816 auid=1003 uid=1003 gid=1004 euid=1003 suid=1003 fsuid=1003 egid=1004 sgid=1004 fsgid=1004 tty=pts0 ses=32 comm="dig" exe="/usr/bin/dig" subj=unconfined
type=EXECVE msg=audit(1748731982.707:32051): argc=9 a0="dig" a1="@10.142.0.2" a2="000168-617074726573656172636865723040676d61696c2e636f6d0a.x" a3="A" a4="+time=1" a5="+retry=0" a6="+bufsize=512" a7="+ignore" a8="+nocookie"
type=CWD msg=audit(1748731982.707:32051): cwd="/home/alice"
type=PATH msg=audit(1748731982.707:32051): item=0 name="/usr/bin/dig" inode=6373 dev=08:01 mode=0100755 ouid=0 ogid=0 rdev=00:00 nametype=NORMAL cap_fp=0 cap_fi=0 cap_fe=0 cap_fver=0 cap_frootid=0
type=PATH msg=audit(1748731982.707:32051): item=1 name="/lib64/ld-linux-x86-64.so.2" inode=4742 dev=08:01 mode=0100755 ouid=0 ogid=0 rdev=00:00 nametype=NORMAL cap_fp=0 cap_fi=0 cap_fe=0 cap_fver=0 cap_frootid=0
type=PROCTITLE msg=audit(1748731982.707:32051): proctitle=646967004031302E3134322E302E32003030303136382D36313730373437323635373336353631373236333638363537323330343036373664363136393663326536333666366430612E780041002B74696D653D31002B72657472793D30002B62756673697A653D353132002B69676E6F7265002B6E6F636F6F6B6965
type=SYSCALL msg=audit(1748731982.711:32052): arch=c000003e syscall=42 success=yes exit=0 a0=d a1=7fbcc0033808 a2=10 a3=7fbcc54fe454 items=0 ppid=14311 pid=14816 auid=1003 uid=1003 gid=1004 euid=1003 suid=1003 fsuid=1003 egid=1004 sgid=1004 fsgid=1004 tty=pts0 ses=32 comm="isc-net-0000" exe="/usr/bin/dig" subj=unconfined
type=SOCKADDR msg=audit(1748731982.711:32052): saddr=020000350A8E00020000000000000000
type=PROCTITLE msg=audit(1748731982.711:32052): proctitle=646967004031302E3134322E302E32003030303136382D36313730373437323635373336353631373236333638363537323330343036373664363136393663326536333666366430612E780041002B74696D650031002B72657472790030002B62756673697A6500353132002B69676E6F7265002B6E6F636F6F6B6965
type=SYSCALL msg=audit(1748731982.759:32053): arch=c000003e syscall=59 success=yes exit=0 a0=5622804c77c0 a1=5622804b6b60 a2=5622804b7a00 a3=1b6 items=2 ppid=14311 pid=14819 auid=1003 uid=1003 gid=1004 euid=1003 suid=1003 fsuid=1003 egid=1004 sgid=1004 fsgid=1004 tty=pts0 ses=32 comm="dig" exe="/usr/bin/dig" subj=unconfined
type=EXECVE msg=audit(1748731982.759:32053): argc=9 a0="dig" a1="@10.142.0.2" a2="000169-50617373776f72643a20312f2f303464456468484e7132586f.x" a3="A" a4="+time=1" a5="+retry=0" a6="+bufsize=512" a7="+ignore" a8="+nocookie"
type=CWD msg=audit(1748731982.759:32053): cwd="/home/alice"
type=PATH msg=audit(1748731982.759:32053): item=0 name="/usr/bin/dig" inode=6373 dev=08:01 mode=0100755 ouid=0 ogid=0 rdev=00:00 nametype=NORMAL cap_fp=0 cap_fi=0 cap_fe=0 cap_fver=0 cap_frootid=0
type=PATH msg=audit(1748731982.759:32053): item=1 name="/lib64/ld-linux-x86-64.so.2" inode=4742 dev=08:01 mode=0100755 ouid=0 ogid=0 rdev=00:00 nametype=NORMAL cap_fp=0 cap_fi=0 cap_fe=0 cap_fver=0 cap_frootid=0
type=PROCTITLE msg=audit(1748731982.759:32053): proctitle=646967004031302E3134322E302E32003030303136392D35303631373337333737366637323634336132303331326632663330333436343435363436383438346537313332353836662E780041002B74696D653D31002B72657472793D30002B62756673697A653D353132002B69676E6F7265002B6E6F636F6F6B6965
type=SYSCALL msg=audit(1748731982.763:32054): arch=c000003e syscall=42 success=yes exit=0 a0=d a1=7efe8c033808 a2=10 a3=7efe93bbc454 items=0 ppid=14311 pid=14819 auid=1003 uid=1003 gid=1004 euid=1003 suid=1003 fsuid=1003 egid=1004 sgid=1004 fsgid=1004 tty=pts0 ses=32 comm="isc-net-0000" exe="/usr/bin/dig" subj=unconfined
type=SOCKADDR msg=audit(1748731982.763:32054): saddr=020000350A8E00020000000000000000
type=PROCTITLE msg=audit(1748731982.763:32054): proctitle=646967004031302E3134322E302E32003030303136392D35303631373337333737366637323634336132303331326632663330333436343435363436383438346537313332353836662E780041002B74696D650031002B72657472790030002B62756673697A6500353132002B69676E6F7265002B6E6F636F6F6B6965
type=SYSCALL msg=audit(1748731982.811:32055): arch=c000003e syscall=59 success=yes exit=0 a0=5622804c7010 a1=5622804b6b60 a2=5622804b7a00 a3=1b6 items=2 ppid=14311 pid=14822 auid=1003 uid=1003 gid=1004 euid=1003 suid=1003 fsuid=1003 egid=1004 sgid=1004 fsgid=1004 tty=pts0 ses=32 comm="dig" exe="/usr/bin/dig" subj=unconfined
type=EXECVE msg=audit(1748731982.811:32055): argc=9 a0="dig" a1="@10.142.0.2" a2="000170-724367594941524141474151534e77462d4c3949727a786154.x" a3="A" a4="+time=1" a5="+retry=0" a6="+bufsize=512" a7="+ignore" a8="+nocookie"
type=CWD msg=audit(1748731982.811:32055): cwd="/home/alice"
type=PATH msg=audit(1748731982.811:32055): item=0 name="/usr/bin/dig" inode=6373 dev=08:01 mode=0100755 ouid=0 ogid=0 rdev=00:00 nametype=NORMAL cap_fp=0 cap_fi=0 cap_fe=0 cap_fver=0 cap_frootid=0
type=PATH msg=audit(1748731982.811:32055): item=1 name="/lib64/ld-linux-x86-64.so.2" inode=4742 dev=08:01 mode=0100755 ouid=0 ogid=0 rdev=00:00 nametype=NORMAL cap_fp=0 cap_fi=0 cap_fe=0 cap_fver=0 cap_frootid=0
type=PROCTITLE msg=audit(1748731982.811:32055): proctitle=646967004031302E3134322E302E32003030303137302D37323433363735393439343135323431343134373431353135333465373734363264346333393439373237613738363135342E780041002B74696D653D31002B72657472793D30002B62756673697A653D353132002B69676E6F7265002B6E6F636F6F6B6965
type=SYSCALL msg=audit(1748731982.815:32056): arch=c000003e syscall=42 success=yes exit=0 a0=d a1=7ff940033808 a2=10 a3=7ff944895454 items=0 ppid=14311 pid=14822 auid=1003 uid=1003 gid=1004 euid=1003 suid=1003 fsuid=1003 egid=1004 sgid=1004 fsgid=1004 tty=pts0 ses=32 comm="isc-net-0000" exe="/usr/bin/dig" subj=unconfined
type=SOCKADDR msg=audit(1748731982.815:32056): saddr=020000350A8E00020000000000000000
type=PROCTITLE msg=audit(1748731982.815:32056): proctitle=646967004031302E3134322E302E32003030303137302D37323433363735393439343135323431343134373431353135333465373734363264346333393439373237613738363135342E780041002B74696D650031002B72657472790030002B62756673697A6500353132002B69676E6F7265002B6E6F636F6F6B6965
type=SYSCALL msg=audit(1748731982.863:32057): arch=c000003e syscall=59 success=yes exit=0 a0=5622804c4a70 a1=5622804b6b60 a2=5622804b7a00 a3=1b6 items=2 ppid=14311 pid=14825 auid=1003 uid=1003 gid=1004 euid=1003 suid=1003 fsuid=1003 egid=1004 sgid=1004 fsgid=1004 tty=pts0 ses=32 comm="dig" exe="/usr/bin/dig" subj=unconfined
type=EXECVE msg=audit(1748731982.863:32057): argc=9 a0="dig" a1="@10.142.0.2" a2="000171-3649575f4568484d456e5456363778414f3157642d6a565554.x" a3="A" a4="+time=1" a5="+retry=0" a6="+bufsize=512" a7="+ignore" a8="+nocookie"
type=CWD msg=audit(1748731982.863:32057): cwd="/home/alice"
type=PATH msg=audit(1748731982.863:32057): item=0 name="/usr/bin/dig" inode=6373 dev=08:01 mode=0100755 ouid=0 ogid=0 rdev=00:00 nametype=NORMAL cap_fp=0 cap_fi=0 cap_fe=0 cap_fver=0 cap_frootid=0
type=PATH msg=audit(1748731982.863:32057): item=1 name="/lib64/ld-linux-x86-64.so.2" inode=4742 dev=08:01 mode=0100755 ouid=0 ogid=0 rdev=00:00 nametype=NORMAL cap_fp=0 cap_fi=0 cap_fe=0 cap_fver=0 cap_frootid=0
type=PROCTITLE msg=audit(1748731982.863:32057): proctitle=646967004031302E3134322E302E32003030303137312D33363439353735663435363834383464343536653534353633363337373834313466333135373634326436613536353535342E780041002B74696D653D31002B72657472793D30002B62756673697A653D353132002B69676E6F7265002B6E6F636F6F6B6965
type=SYSCALL msg=audit(1748731982.867:32058): arch=c000003e syscall=42 success=yes exit=0 a0=d a1=7fcbc4033808 a2=10 a3=7fcbcb3e8454 items=0 ppid=14311 pid=14825 auid=1003 uid=1003 gid=1004 euid=1003 suid=1003 fsuid=1003 egid=1004 sgid=1004 fsgid=1004 tty=pts0 ses=32 comm="isc-net-0000" exe="/usr/bin/dig" subj=unconfined
type=SOCKADDR msg=audit(1748731982.867:32058): saddr=020000350A8E00020000000000000000
type=PROCTITLE msg=audit(1748731982.867:32058): proctitle=646967004031302E3134322E302E32003030303137312D33363439353735663435363834383464343536653534353633363337373834313466333135373634326436613536353535342E780041002B74696D650031002B72657472790030002B62756673697A6500353132002B69676E6F7265002B6E6F636F6F6B6965
type=SYSCALL msg=audit(1748731982.915:32059): arch=c000003e syscall=59 success=yes exit=0 a0=5622804c7010 a1=5622804b6b60 a2=5622804b7a00 a3=1b6 items=2 ppid=14311 pid=14828 auid=1003 uid=1003 gid=1004 euid=1003 suid=1003 fsuid=1003 egid=1004 sgid=1004 fsgid=1004 tty=pts0 ses=32 comm="dig" exe="/usr/bin/dig" subj=unconfined
type=EXECVE msg=audit(1748731982.915:32059): argc=9 a0="dig" a1="@10.142.0.2" a2="000172-67417579626b4138524a7a43426a39515f3235457147797075.x" a3="A" a4="+time=1" a5="+retry=0" a6="+bufsize=512" a7="+ignore" a8="+nocookie"
type=CWD msg=audit(1748731982.915:32059): cwd="/home/alice"
type=PATH msg=audit(1748731982.915:32059): item=0 name="/usr/bin/dig" inode=6373 dev=08:01 mode=0100755 ouid=0 ogid=0 rdev=00:00 nametype=NORMAL cap_fp=0 cap_fi=0 cap_fe=0 cap_fver=0 cap_frootid=0
type=PATH msg=audit(1748731982.915:32059): item=1 name="/lib64/ld-linux-x86-64.so.2" inode=4742 dev=08:01 mode=0100755 ouid=0 ogid=0 rdev=00:00 nametype=NORMAL cap_fp=0 cap_fi=0 cap_fe=0 cap_fver=0 cap_frootid=0
type=PROCTITLE msg=audit(1748731982.915:32059): proctitle=646967004031302E3134322E302E32003030303137322D36373431373537393632366234313338353234613761343334323661333935313566333233353435373134373739373037352E780041002B74696D653D31002B72657472793D30002B62756673697A653D353132002B69676E6F7265002B6E6F636F6F6B6965
type=SYSCALL msg=audit(1748731982.919:32060): arch=c000003e syscall=42 success=yes exit=0 a0=d a1=7fa070033808 a2=10 a3=7fa074dc2454 items=0 ppid=14311 pid=14828 auid=1003 uid=1003 gid=1004 euid=1003 suid=1003 fsuid=1003 egid=1004 sgid=1004 fsgid=1004 tty=pts0 ses=32 comm="isc-net-0000" exe="/usr/bin/dig" subj=unconfined
type=SOCKADDR msg=audit(1748731982.919:32060): saddr=020000350A8E00020000000000000000
type=PROCTITLE msg=audit(1748731982.919:32060): proctitle=646967004031302E3134322E302E32003030303137322D36373431373537393632366234313338353234613761343334323661333935313566333233353435373134373739373037352E780041002B74696D650031002B72657472790030002B62756673697A6500353132002B69676E6F7265002B6E6F636F6F6B6965
type=SYSCALL msg=audit(1748731982.971:32061): arch=c000003e syscall=59 success=yes exit=0 a0=5622804bb690 a1=5622804b6b60 a2=5622804b7a00 a3=1b6 items=2 ppid=14311 pid=14831 auid=1003 uid=1003 gid=1004 euid=1003 suid=1003 fsuid=1003 egid=1004 sgid=1004 fsgid=1004 tty=pts0 ses=32 comm="dig" exe="/usr/bin/dig" subj=unconfined
type=EXECVE msg=audit(1748731982.971:32061): argc=9 a0="dig" a1="@10.142.0.2" a2="000173-6437696763747375737157594d0a0a1b5b39326d5b2b5d2050.x" a3="A" a4="+time=1" a5="+retry=0" a6="+bufsize=512" a7="+ignore" a8="+nocookie"
type=CWD msg=audit(1748731982.971:32061): cwd="/home/alice"
type=PATH msg=audit(1748731982.971:32061): item=0 name="/usr/bin/dig" inode=6373 dev=08:01 mode=0100755 ouid=0 ogid=0 rdev=00:00 nametype=NORMAL cap_fp=0 cap_fi=0 cap_fe=0 cap_fver=0 cap_frootid=0
type=PATH msg=audit(1748731982.971:32061): item=1 name="/lib64/ld-linux-x86-64.so.2" inode=4742 dev=08:01 mode=0100755 ouid=0 ogid=0 rdev=00:00 nametype=NORMAL cap_fp=0 cap_fi=0 cap_fe=0 cap_fver=0 cap_frootid=0
type=PROCTITLE msg=audit(1748731982.971:32061): proctitle=646967004031302E3134322E302E32003030303137332D36343337363936373633373437333735373337313537353934643061306131623562333933323664356232623564323035302E780041002B74696D653D31002B72657472793D30002B62756673697A653D353132002B69676E6F7265002B6E6F636F6F6B6965
type=SYSCALL msg=audit(1748731982.975:32062): arch=c000003e syscall=42 success=yes exit=0 a0=d a1=7fb71c033808 a2=10 a3=7fb722784454 items=0 ppid=14311 pid=14831 auid=1003 uid=1003 gid=1004 euid=1003 suid=1003 fsuid=1003 egid=1004 sgid=1004 fsgid=1004 tty=pts0 ses=32 comm="isc-net-0000" exe="/usr/bin/dig" subj=unconfined
type=SOCKADDR msg=audit(1748731982.975:32062): saddr=020000350A8E00020000000000000000
type=PROCTITLE msg=audit(1748731982.975:32062): proctitle=646967004031302E3134322E302E32003030303137332D36343337363936373633373437333735373337313537353934643061306131623562333933323664356232623564323035302E780041002B74696D650031002B72657472790030002B62756673697A6500353132002B69676E6F7265002B6E6F636F6F6B6965
type=SYSCALL msg=audit(1748731983.019:32063): arch=c000003e syscall=59 success=yes exit=0 a0=5622804b7fd0 a1=5622804b6b60 a2=5622804b7a00 a3=1b6 items=2 ppid=14311 pid=14834 auid=1003 uid=1003 gid=1004 euid=1003 suid=1003 fsuid=1003 egid=1004 sgid=1004 fsgid=1004 tty=pts0 ses=32 comm="dig" exe="/usr/bin/dig" subj=unconfined
type=EXECVE msg=audit(1748731983.019:32063): argc=9 a0="dig" a1="@10.142.0.2" a2="000174-617373776f726420666f756e64202121210a1b5b306d55524c.x" a3="A" a4="+time=1" a5="+retry=0" a6="+bufsize=512" a7="+ignore" a8="+nocookie"
type=CWD msg=audit(1748731983.019:32063): cwd="/home/alice"
type=PATH msg=audit(1748731983.019:32063): item=0 name="/usr/bin/dig" inode=6373 dev=08:01 mode=0100755 ouid=0 ogid=0 rdev=00:00 nametype=NORMAL cap_fp=0 cap_fi=0 cap_fe=0 cap_fver=0 cap_frootid=0
type=PATH msg=audit(1748731983.019:32063): item=1 name="/lib64/ld-linux-x86-64.so.2" inode=4742 dev=08:01 mode=0100755 ouid=0 ogid=0 rdev=00:00 nametype=NORMAL cap_fp=0 cap_fi=0 cap_fe=0 cap_fver=0 cap_frootid=0
type=PROCTITLE msg=audit(1748731983.019:32063): proctitle=646967004031302E3134322E302E32003030303137342D36313733373337373666373236343230363636663735366536343230323132313231306131623562333036643535353234632E780041002B74696D653D31002B72657472793D30002B62756673697A653D353132002B69676E6F7265002B6E6F636F6F6B6965
type=SYSCALL msg=audit(1748731983.023:32064): arch=c000003e syscall=42 success=yes exit=0 a0=d a1=7f6054033808 a2=10 a3=7f605ac8d454 items=0 ppid=14311 pid=14834 auid=1003 uid=1003 gid=1004 euid=1003 suid=1003 fsuid=1003 egid=1004 sgid=1004 fsgid=1004 tty=pts0 ses=32 comm="isc-net-0000" exe="/usr/bin/dig" subj=unconfined
type=SOCKADDR msg=audit(1748731983.023:32064): saddr=020000350A8E00020000000000000000
type=PROCTITLE msg=audit(1748731983.023:32064): proctitle=646967004031302E3134322E302E32003030303137342D36313733373337373666373236343230363636663735366536343230323132313231306131623562333036643535353234632E780041002B74696D650031002B72657472790030002B62756673697A6500353132002B69676E6F7265002B6E6F636F6F6B6965
type=SYSCALL msg=audit(1748731983.075:32065): arch=c000003e syscall=59 success=yes exit=0 a0=5622804bb690 a1=5622804b6b60 a2=5622804b7a00 a3=1b6 items=2 ppid=14311 pid=14837 auid=1003 uid=1003 gid=1004 euid=1003 suid=1003 fsuid=1003 egid=1004 sgid=1004 fsgid=1004 tty=pts0 ses=32 comm="dig" exe="/usr/bin/dig" subj=unconfined
type=EXECVE msg=audit(1748731983.075:32065): argc=9 a0="dig" a1="@10.142.0.2" a2="000175-3a20696d61703a2f2f696d61702e676d61696c2e636f6d0a4c.x" a3="A" a4="+time=1" a5="+retry=0" a6="+bufsize=512" a7="+ignore" a8="+nocookie"
type=CWD msg=audit(1748731983.075:32065): cwd="/home/alice"
type=PATH msg=audit(1748731983.075:32065): item=0 name="/usr/bin/dig" inode=6373 dev=08:01 mode=0100755 ouid=0 ogid=0 rdev=00:00 nametype=NORMAL cap_fp=0 cap_fi=0 cap_fe=0 cap_fver=0 cap_frootid=0
type=PATH msg=audit(1748731983.075:32065): item=1 name="/lib64/ld-linux-x86-64.so.2" inode=4742 dev=08:01 mode=0100755 ouid=0 ogid=0 rdev=00:00 nametype=NORMAL cap_fp=0 cap_fi=0 cap_fe=0 cap_fver=0 cap_frootid=0
type=PROCTITLE msg=audit(1748731983.075:32065): proctitle=646967004031302E3134322E302E32003030303137352D33613230363936643631373033613266326636393664363137303265363736643631363936633265363336663664306134632E780041002B74696D653D31002B72657472793D30002B62756673697A653D353132002B69676E6F7265002B6E6F636F6F6B6965
type=SYSCALL msg=audit(1748731983.079:32066): arch=c000003e syscall=42 success=yes exit=0 a0=d a1=7fbc78033808 a2=10 a3=7fbc7e667454 items=0 ppid=14311 pid=14837 auid=1003 uid=1003 gid=1004 euid=1003 suid=1003 fsuid=1003 egid=1004 sgid=1004 fsgid=1004 tty=pts0 ses=32 comm="isc-net-0000" exe="/usr/bin/dig" subj=unconfined
type=SOCKADDR msg=audit(1748731983.079:32066): saddr=020000350A8E00020000000000000000
type=PROCTITLE msg=audit(1748731983.079:32066): proctitle=646967004031302E3134322E302E32003030303137352D33613230363936643631373033613266326636393664363137303265363736643631363936633265363336663664306134632E780041002B74696D650031002B72657472790030002B62756673697A6500353132002B69676E6F7265002B6E6F636F6F6B6965
type=SYSCALL msg=audit(1748731983.127:32067): arch=c000003e syscall=59 success=yes exit=0 a0=5622804b7fd0 a1=5622804b6b60 a2=5622804b7a00 a3=1b6 items=2 ppid=14311 pid=14840 auid=1003 uid=1003 gid=1004 euid=1003 suid=1003 fsuid=1003 egid=1004 sgid=1004 fsgid=1004 tty=pts0 ses=32 comm="dig" exe="/usr/bin/dig" subj=unconfined
type=EXECVE msg=audit(1748731983.127:32067): argc=9 a0="dig" a1="@10.142.0.2" a2="000176-6f67696e3a20617074726573656172636865723040676d6169.x" a3="A" a4="+time=1" a5="+retry=0" a6="+bufsize=512" a7="+ignore" a8="+nocookie"
type=CWD msg=audit(1748731983.127:32067): cwd="/home/alice"
type=PATH msg=audit(1748731983.127:32067): item=0 name="/usr/bin/dig" inode=6373 dev=08:01 mode=0100755 ouid=0 ogid=0 rdev=00:00 nametype=NORMAL cap_fp=0 cap_fi=0 cap_fe=0 cap_fver=0 cap_frootid=0
type=PATH msg=audit(1748731983.127:32067): item=1 name="/lib64/ld-linux-x86-64.so.2" inode=4742 dev=08:01 mode=0100755 ouid=0 ogid=0 rdev=00:00 nametype=NORMAL cap_fp=0 cap_fi=0 cap_fe=0 cap_fver=0 cap_frootid=0
type=PROCTITLE msg=audit(1748731983.127:32067): proctitle=646967004031302E3134322E302E32003030303137362D36663637363936653361323036313730373437323635373336353631373236333638363537323330343036373664363136392E780041002B74696D653D31002B72657472793D30002B62756673697A653D353132002B69676E6F7265002B6E6F636F6F6B6965
type=SYSCALL msg=audit(1748731983.131:32068): arch=c000003e syscall=42 success=yes exit=0 a0=d a1=7f59b0033808 a2=10 a3=7f59b5a48454 items=0 ppid=14311 pid=14840 auid=1003 uid=1003 gid=1004 euid=1003 suid=1003 fsuid=1003 egid=1004 sgid=1004 fsgid=1004 tty=pts0 ses=32 comm="isc-net-0000" exe="/usr/bin/dig" subj=unconfined
type=SOCKADDR msg=audit(1748731983.131:32068): saddr=020000350A8E00020000000000000000
type=PROCTITLE msg=audit(1748731983.131:32068): proctitle=646967004031302E3134322E302E32003030303137362D36663637363936653361323036313730373437323635373336353631373236333638363537323330343036373664363136392E780041002B74696D650031002B72657472790030002B62756673697A6500353132002B69676E6F7265002B6E6F636F6F6B6965
type=SYSCALL msg=audit(1748731983.155:32069): arch=c000003e syscall=87 success=yes exit=0 a0=5628849e6b70 a1=1 a2=5628849e8f70 a3=24 items=2 ppid=1444 pid=14261 auid=1003 uid=1003 gid=1004 euid=1003 suid=1003 fsuid=1003 egid=1004 sgid=1004 fsgid=1004 tty=(none) ses=3 comm="tracker-store" exe="/usr/libexec/tracker-store" subj=unconfined
type=CWD msg=audit(1748731983.155:32069): cwd="/home/alice"
type=PATH msg=audit(1748731983.155:32069): item=0 name="/home/alice/.local/share/tracker/data/" inode=2884432 dev=08:01 mode=040755 ouid=1003 ogid=1004 rdev=00:00 nametype=PARENT cap_fp=0 cap_fi=0 cap_fe=0 cap_fver=0 cap_frootid=0
type=PATH msg=audit(1748731983.155:32069): item=1 name="/home/alice/.local/share/tracker/data/.meta.isrunning" inode=2877432 dev=08:01 mode=0100660 ouid=1003 ogid=1004 rdev=00:00 nametype=DELETE cap_fp=0 cap_fi=0 cap_fe=0 cap_fver=0 cap_frootid=0
type=PROCTITLE msg=audit(1748731983.155:32069): proctitle="(er-store)"
type=SYSCALL msg=audit(1748731983.159:32070): arch=c000003e syscall=87 success=yes exit=0 a0=55a0a941bca0 a1=55a0a9400e80 a2=55a0a9459f00 a3=4 items=2 ppid=1 pid=1444 auid=1003 uid=1003 gid=1004 euid=1003 suid=1003 fsuid=1003 egid=1004 sgid=1004 fsgid=1004 tty=(none) ses=3 comm="systemd" exe="/usr/lib/systemd/systemd" subj=unconfined
type=CWD msg=audit(1748731983.159:32070): cwd="/"
type=PATH msg=audit(1748731983.159:32070): item=0 name="/run/user/1003/systemd/units/" inode=10 dev=00:33 mode=040755 ouid=1003 ogid=1004 rdev=00:00 nametype=PARENT cap_fp=0 cap_fi=0 cap_fe=0 cap_fver=0 cap_frootid=0
type=PATH msg=audit(1748731983.159:32070): item=1 name="/run/user/1003/systemd/units/invocation:tracker-store.service" inode=84 dev=00:33 mode=0120777 ouid=1003 ogid=1004 rdev=00:00 nametype=DELETE cap_fp=0 cap_fi=0 cap_fe=0 cap_fver=0 cap_frootid=0
type=PROCTITLE msg=audit(1748731983.159:32070): proctitle="(systemd)"
type=SYSCALL msg=audit(1748731983.183:32071): arch=c000003e syscall=59 success=yes exit=0 a0=5622804c8010 a1=5622804b6b60 a2=5622804b7a00 a3=1b6 items=2 ppid=14311 pid=14847 auid=1003 uid=1003 gid=1004 euid=1003 suid=1003 fsuid=1003 egid=1004 sgid=1004 fsgid=1004 tty=pts0 ses=32 comm="dig" exe="/usr/bin/dig" subj=unconfined
type=EXECVE msg=audit(1748731983.183:32071): argc=9 a0="dig" a1="@10.142.0.2" a2="000177-6c2e636f6d0a50617373776f72643a203162394b5550785461.x" a3="A" a4="+time=1" a5="+retry=0" a6="+bufsize=512" a7="+ignore" a8="+nocookie"
type=CWD msg=audit(1748731983.183:32071): cwd="/home/alice"
type=PATH msg=audit(1748731983.183:32071): item=0 name="/usr/bin/dig" inode=6373 dev=08:01 mode=0100755 ouid=0 ogid=0 rdev=00:00 nametype=NORMAL cap_fp=0 cap_fi=0 cap_fe=0 cap_fver=0 cap_frootid=0
type=PATH msg=audit(1748731983.183:32071): item=1 name="/lib64/ld-linux-x86-64.so.2" inode=4742 dev=08:01 mode=0100755 ouid=0 ogid=0 rdev=00:00 nametype=NORMAL cap_fp=0 cap_fi=0 cap_fe=0 cap_fver=0 cap_frootid=0
type=PROCTITLE msg=audit(1748731983.183:32071): proctitle=646967004031302E3134322E302E32003030303137372D36633265363336663664306135303631373337333737366637323634336132303331363233393462353535303738353436312E780041002B74696D653D31002B72657472793D30002B62756673697A653D353132002B69676E6F7265002B6E6F636F6F6B6965
type=SYSCALL msg=audit(1748731983.187:32072): arch=c000003e syscall=42 success=yes exit=0 a0=d a1=7fe888033808 a2=10 a3=7fe88fcd4454 items=0 ppid=14311 pid=14847 auid=1003 uid=1003 gid=1004 euid=1003 suid=1003 fsuid=1003 egid=1004 sgid=1004 fsgid=1004 tty=pts0 ses=32 comm="isc-net-0000" exe="/usr/bin/dig" subj=unconfined
type=SOCKADDR msg=audit(1748731983.187:32072): saddr=020000350A8E00020000000000000000
type=PROCTITLE msg=audit(1748731983.187:32072): proctitle=646967004031302E3134322E302E32003030303137372D36633265363336663664306135303631373337333737366637323634336132303331363233393462353535303738353436312E780041002B74696D650031002B72657472790030002B62756673697A6500353132002B69676E6F7265002B6E6F636F6F6B6965
type=SYSCALL msg=audit(1748731983.235:32073): arch=c000003e syscall=59 success=yes exit=0 a0=5622804b9210 a1=5622804b6b60 a2=5622804b7a00 a3=1b6 items=2 ppid=14311 pid=14850 auid=1003 uid=1003 gid=1004 euid=1003 suid=1003 fsuid=1003 egid=1004 sgid=1004 fsgid=1004 tty=pts0 ses=32 comm="dig" exe="/usr/bin/dig" subj=unconfined
type=EXECVE msg=audit(1748731983.235:32073): argc=9 a0="dig" a1="@10.142.0.2" a2="000178-3139735730580a0a0a5b2b5d20382070617373776f72647320.x" a3="A" a4="+time=1" a5="+retry=0" a6="+bufsize=512" a7="+ignore" a8="+nocookie"
type=CWD msg=audit(1748731983.235:32073): cwd="/home/alice"
type=PATH msg=audit(1748731983.235:32073): item=0 name="/usr/bin/dig" inode=6373 dev=08:01 mode=0100755 ouid=0 ogid=0 rdev=00:00 nametype=NORMAL cap_fp=0 cap_fi=0 cap_fe=0 cap_fver=0 cap_frootid=0
type=PATH msg=audit(1748731983.235:32073): item=1 name="/lib64/ld-linux-x86-64.so.2" inode=4742 dev=08:01 mode=0100755 ouid=0 ogid=0 rdev=00:00 nametype=NORMAL cap_fp=0 cap_fi=0 cap_fe=0 cap_fver=0 cap_frootid=0
type=PROCTITLE msg=audit(1748731983.235:32073): proctitle=646967004031302E3134322E302E32003030303137382D33313339373335373330353830613061306135623262356432303338323037303631373337333737366637323634373332302E780041002B74696D653D31002B72657472793D30002B62756673697A653D353132002B69676E6F7265002B6E6F636F6F6B6965
type=SYSCALL msg=audit(1748731983.239:32074): arch=c000003e syscall=42 success=yes exit=0 a0=d a1=7fcf60033808 a2=10 a3=7fcf65452454 items=0 ppid=14311 pid=14850 auid=1003 uid=1003 gid=1004 euid=1003 suid=1003 fsuid=1003 egid=1004 sgid=1004 fsgid=1004 tty=pts0 ses=32 comm="isc-net-0000" exe="/usr/bin/dig" subj=unconfined
type=SOCKADDR msg=audit(1748731983.239:32074): saddr=020000350A8E00020000000000000000
type=PROCTITLE msg=audit(1748731983.239:32074): proctitle=646967004031302E3134322E302E32003030303137382D33313339373335373330353830613061306135623262356432303338323037303631373337333737366637323634373332302E780041002B74696D650031002B72657472790030002B62756673697A6500353132002B69676E6F7265002B6E6F636F6F6B6965
type=SYSCALL msg=audit(1748731983.287:32075): arch=c000003e syscall=59 success=yes exit=0 a0=5622804c7a00 a1=5622804b6b60 a2=5622804b7a00 a3=1b6 items=2 ppid=14311 pid=14853 auid=1003 uid=1003 gid=1004 euid=1003 suid=1003 fsuid=1003 egid=1004 sgid=1004 fsgid=1004 tty=pts0 ses=32 comm="dig" exe="/usr/bin/dig" subj=unconfined
type=EXECVE msg=audit(1748731983.287:32075): argc=9 a0="dig" a1="@10.142.0.2" a2="000179-68617665206265656e20666f756e642e0a466f72206d6f7265.x" a3="A" a4="+time=1" a5="+retry=0" a6="+bufsize=512" a7="+ignore" a8="+nocookie"
type=CWD msg=audit(1748731983.287:32075): cwd="/home/alice"
type=PATH msg=audit(1748731983.287:32075): item=0 name="/usr/bin/dig" inode=6373 dev=08:01 mode=0100755 ouid=0 ogid=0 rdev=00:00 nametype=NORMAL cap_fp=0 cap_fi=0 cap_fe=0 cap_fver=0 cap_frootid=0
type=PATH msg=audit(1748731983.287:32075): item=1 name="/lib64/ld-linux-x86-64.so.2" inode=4742 dev=08:01 mode=0100755 ouid=0 ogid=0 rdev=00:00 nametype=NORMAL cap_fp=0 cap_fi=0 cap_fe=0 cap_fver=0 cap_frootid=0
type=PROCTITLE msg=audit(1748731983.287:32075): proctitle=646967004031302E3134322E302E32003030303137392D36383631373636353230363236353635366532303636366637353665363432653061343636663732323036643666373236352E780041002B74696D653D31002B72657472793D30002B62756673697A653D353132002B69676E6F7265002B6E6F636F6F6B6965
type=SYSCALL msg=audit(1748731983.291:32076): arch=c000003e syscall=42 success=yes exit=0 a0=d a1=7f57e8033808 a2=10 a3=7f57f032c454 items=0 ppid=14311 pid=14853 auid=1003 uid=1003 gid=1004 euid=1003 suid=1003 fsuid=1003 egid=1004 sgid=1004 fsgid=1004 tty=pts0 ses=32 comm="isc-net-0000" exe="/usr/bin/dig" subj=unconfined
type=SOCKADDR msg=audit(1748731983.291:32076): saddr=020000350A8E00020000000000000000
type=PROCTITLE msg=audit(1748731983.291:32076): proctitle=646967004031302E3134322E302E32003030303137392D36383631373636353230363236353635366532303636366637353665363432653061343636663732323036643666373236352E780041002B74696D650031002B72657472790030002B62756673697A6500353132002B69676E6F7265002B6E6F636F6F6B6965
type=SYSCALL msg=audit(1748731983.339:32077): arch=c000003e syscall=59 success=yes exit=0 a0=5622804c6060 a1=5622804b6b60 a2=5622804b7a00 a3=1b6 items=2 ppid=14311 pid=14856 auid=1003 uid=1003 gid=1004 euid=1003 suid=1003 fsuid=1003 egid=1004 sgid=1004 fsgid=1004 tty=pts0 ses=32 comm="dig" exe="/usr/bin/dig" subj=unconfined
type=EXECVE msg=audit(1748731983.339:32077): argc=9 a0="dig" a1="@10.142.0.2" a2="000180-20696e666f726d6174696f6e206c61756e6368206974206167.x" a3="A" a4="+time=1" a5="+retry=0" a6="+bufsize=512" a7="+ignore" a8="+nocookie"
type=CWD msg=audit(1748731983.339:32077): cwd="/home/alice"
type=PATH msg=audit(1748731983.339:32077): item=0 name="/usr/bin/dig" inode=6373 dev=08:01 mode=0100755 ouid=0 ogid=0 rdev=00:00 nametype=NORMAL cap_fp=0 cap_fi=0 cap_fe=0 cap_fver=0 cap_frootid=0
type=PATH msg=audit(1748731983.339:32077): item=1 name="/lib64/ld-linux-x86-64.so.2" inode=4742 dev=08:01 mode=0100755 ouid=0 ogid=0 rdev=00:00 nametype=NORMAL cap_fp=0 cap_fi=0 cap_fe=0 cap_fver=0 cap_frootid=0
type=PROCTITLE msg=audit(1748731983.339:32077): proctitle=646967004031302E3134322E302E32003030303138302D32303639366536363666373236643631373436393666366532303663363137353665363336383230363937343230363136372E780041002B74696D653D31002B72657472793D30002B62756673697A653D353132002B69676E6F7265002B6E6F636F6F6B6965
type=SYSCALL msg=audit(1748731983.347:32078): arch=c000003e syscall=42 success=yes exit=0 a0=d a1=7fb02c033808 a2=10 a3=7fb032b37454 items=0 ppid=14311 pid=14856 auid=1003 uid=1003 gid=1004 euid=1003 suid=1003 fsuid=1003 egid=1004 sgid=1004 fsgid=1004 tty=pts0 ses=32 comm="isc-net-0000" exe="/usr/bin/dig" subj=unconfined
type=SOCKADDR msg=audit(1748731983.347:32078): saddr=020000350A8E00020000000000000000
type=PROCTITLE msg=audit(1748731983.347:32078): proctitle=646967004031302E3134322E302E32003030303138302D32303639366536363666373236643631373436393666366532303663363137353665363336383230363937343230363136372E780041002B74696D650031002B72657472790030002B62756673697A6500353132002B69676E6F7265002B6E6F636F6F6B6965
type=SYSCALL msg=audit(1748731983.391:32079): arch=c000003e syscall=59 success=yes exit=0 a0=5622804c82e0 a1=5622804b6b60 a2=5622804b7a00 a3=1b6 items=2 ppid=14311 pid=14859 auid=1003 uid=1003 gid=1004 euid=1003 suid=1003 fsuid=1003 egid=1004 sgid=1004 fsgid=1004 tty=pts0 ses=32 comm="dig" exe="/usr/bin/dig" subj=unconfined
type=EXECVE msg=audit(1748731983.391:32079): argc=9 a0="dig" a1="@10.142.0.2" a2="000181-61696e207769746820746865202d76206f7074696f6e0a0a65.x" a3="A" a4="+time=1" a5="+retry=0" a6="+bufsize=512" a7="+ignore" a8="+nocookie"
type=CWD msg=audit(1748731983.391:32079): cwd="/home/alice"
type=PATH msg=audit(1748731983.391:32079): item=0 name="/usr/bin/dig" inode=6373 dev=08:01 mode=0100755 ouid=0 ogid=0 rdev=00:00 nametype=NORMAL cap_fp=0 cap_fi=0 cap_fe=0 cap_fver=0 cap_frootid=0
type=PATH msg=audit(1748731983.391:32079): item=1 name="/lib64/ld-linux-x86-64.so.2" inode=4742 dev=08:01 mode=0100755 ouid=0 ogid=0 rdev=00:00 nametype=NORMAL cap_fp=0 cap_fi=0 cap_fe=0 cap_fver=0 cap_frootid=0
type=PROCTITLE msg=audit(1748731983.391:32079): proctitle=646967004031302E3134322E302E32003030303138312D36313639366532303737363937343638323037343638363532303264373632303666373037343639366636653061306136352E780041002B74696D653D31002B72657472793D30002B62756673697A653D353132002B69676E6F7265002B6E6F636F6F6B6965
type=SYSCALL msg=audit(1748731983.395:32080): arch=c000003e syscall=42 success=yes exit=0 a0=d a1=7fa704033808 a2=10 a3=7fa70b05f454 items=0 ppid=14311 pid=14859 auid=1003 uid=1003 gid=1004 euid=1003 suid=1003 fsuid=1003 egid=1004 sgid=1004 fsgid=1004 tty=pts0 ses=32 comm="isc-net-0000" exe="/usr/bin/dig" subj=unconfined
type=SOCKADDR msg=audit(1748731983.395:32080): saddr=020000350A8E00020000000000000000
type=PROCTITLE msg=audit(1748731983.395:32080): proctitle=646967004031302E3134322E302E32003030303138312D36313639366532303737363937343638323037343638363532303264373632303666373037343639366636653061306136352E780041002B74696D650031002B72657472790030002B62756673697A6500353132002B69676E6F7265002B6E6F636F6F6B6965
type=SYSCALL msg=audit(1748731983.443:32081): arch=c000003e syscall=59 success=yes exit=0 a0=5622804bb690 a1=5622804b6b60 a2=5622804b7a00 a3=1b6 items=2 ppid=14311 pid=14862 auid=1003 uid=1003 gid=1004 euid=1003 suid=1003 fsuid=1003 egid=1004 sgid=1004 fsgid=1004 tty=pts0 ses=32 comm="dig" exe="/usr/bin/dig" subj=unconfined
type=EXECVE msg=audit(1748731983.443:32081): argc=9 a0="dig" a1="@10.142.0.2" a2="000182-6c61707365642074696d65203d20302e323834333530383732.x" a3="A" a4="+time=1" a5="+retry=0" a6="+bufsize=512" a7="+ignore" a8="+nocookie"
type=CWD msg=audit(1748731983.443:32081): cwd="/home/alice"
type=PATH msg=audit(1748731983.443:32081): item=0 name="/usr/bin/dig" inode=6373 dev=08:01 mode=0100755 ouid=0 ogid=0 rdev=00:00 nametype=NORMAL cap_fp=0 cap_fi=0 cap_fe=0 cap_fver=0 cap_frootid=0
type=PATH msg=audit(1748731983.443:32081): item=1 name="/lib64/ld-linux-x86-64.so.2" inode=4742 dev=08:01 mode=0100755 ouid=0 ogid=0 rdev=00:00 nametype=NORMAL cap_fp=0 cap_fi=0 cap_fe=0 cap_fver=0 cap_frootid=0
type=PROCTITLE msg=audit(1748731983.443:32081): proctitle=646967004031302E3134322E302E32003030303138322D36633631373037333635363432303734363936643635323033643230333032653332333833343333333533303338333733322E780041002B74696D653D31002B72657472793D30002B62756673697A653D353132002B69676E6F7265002B6E6F636F6F6B6965
type=SYSCALL msg=audit(1748731983.447:32082): arch=c000003e syscall=42 success=yes exit=0 a0=d a1=7efcc0033808 a2=10 a3=7efcc6251454 items=0 ppid=14311 pid=14862 auid=1003 uid=1003 gid=1004 euid=1003 suid=1003 fsuid=1003 egid=1004 sgid=1004 fsgid=1004 tty=pts0 ses=32 comm="isc-net-0000" exe="/usr/bin/dig" subj=unconfined
type=SOCKADDR msg=audit(1748731983.447:32082): saddr=020000350A8E00020000000000000000
type=PROCTITLE msg=audit(1748731983.447:32082): proctitle=646967004031302E3134322E302E32003030303138322D36633631373037333635363432303734363936643635323033643230333032653332333833343333333533303338333733322E780041002B74696D650031002B72657472790030002B62756673697A6500353132002B69676E6F7265002B6E6F636F6F6B6965
type=SYSCALL msg=audit(1748731983.495:32083): arch=c000003e syscall=59 success=yes exit=0 a0=5622804c82e0 a1=5622804b6b60 a2=5622804b7a00 a3=1b6 items=2 ppid=14311 pid=14865 auid=1003 uid=1003 gid=1004 euid=1003 suid=1003 fsuid=1003 egid=1004 sgid=1004 fsgid=1004 tty=pts0 ses=32 comm="dig" exe="/usr/bin/dig" subj=unconfined
type=EXECVE msg=audit(1748731983.495:32083): argc=9 a0="dig" a1="@10.142.0.2" a2="000183-303339373934390a1b5b39336d0a7c3d3d3d3d3d3d3d3d3d3d.x" a3="A" a4="+time=1" a5="+retry=0" a6="+bufsize=512" a7="+ignore" a8="+nocookie"
type=CWD msg=audit(1748731983.495:32083): cwd="/home/alice"
type=PATH msg=audit(1748731983.495:32083): item=0 name="/usr/bin/dig" inode=6373 dev=08:01 mode=0100755 ouid=0 ogid=0 rdev=00:00 nametype=NORMAL cap_fp=0 cap_fi=0 cap_fe=0 cap_fver=0 cap_frootid=0
type=PATH msg=audit(1748731983.495:32083): item=1 name="/lib64/ld-linux-x86-64.so.2" inode=4742 dev=08:01 mode=0100755 ouid=0 ogid=0 rdev=00:00 nametype=NORMAL cap_fp=0 cap_fi=0 cap_fe=0 cap_fver=0 cap_frootid=0
type=PROCTITLE msg=audit(1748731983.495:32083): proctitle=646967004031302E3134322E302E32003030303138332D33303333333933373339333433393061316235623339333336643061376333643364336433643364336433643364336433642E780041002B74696D653D31002B72657472793D30002B62756673697A653D353132002B69676E6F7265002B6E6F636F6F6B6965
type=SYSCALL msg=audit(1748731983.503:32084): arch=c000003e syscall=42 success=yes exit=0 a0=d a1=7f0ad8033808 a2=10 a3=7f0adca16454 items=0 ppid=14311 pid=14865 auid=1003 uid=1003 gid=1004 euid=1003 suid=1003 fsuid=1003 egid=1004 sgid=1004 fsgid=1004 tty=pts0 ses=32 comm="isc-net-0000" exe="/usr/bin/dig" subj=unconfined
type=SOCKADDR msg=audit(1748731983.503:32084): saddr=020000350A8E00020000000000000000
type=PROCTITLE msg=audit(1748731983.503:32084): proctitle=646967004031302E3134322E302E32003030303138332D33303333333933373339333433393061316235623339333336643061376333643364336433643364336433643364336433642E780041002B74696D650031002B72657472790030002B62756673697A6500353132002B69676E6F7265002B6E6F636F6F6B6965
type=SYSCALL msg=audit(1748731983.547:32085): arch=c000003e syscall=59 success=yes exit=0 a0=5622804bb690 a1=5622804b6b60 a2=5622804b7a00 a3=1b6 items=2 ppid=14311 pid=14868 auid=1003 uid=1003 gid=1004 euid=1003 suid=1003 fsuid=1003 egid=1004 sgid=1004 fsgid=1004 tty=pts0 ses=32 comm="dig" exe="/usr/bin/dig" subj=unconfined
type=EXECVE msg=audit(1748731983.547:32085): argc=9 a0="dig" a1="@10.142.0.2" a2="000184-3d3d3d3d3d3d3d3d3d3d3d3d3d3d3d3d3d3d3d3d3d3d3d3d3d.x" a3="A" a4="+time=1" a5="+retry=0" a6="+bufsize=512" a7="+ignore" a8="+nocookie"
type=CWD msg=audit(1748731983.547:32085): cwd="/home/alice"
type=PATH msg=audit(1748731983.547:32085): item=0 name="/usr/bin/dig" inode=6373 dev=08:01 mode=0100755 ouid=0 ogid=0 rdev=00:00 nametype=NORMAL cap_fp=0 cap_fi=0 cap_fe=0 cap_fver=0 cap_frootid=0
type=PATH msg=audit(1748731983.547:32085): item=1 name="/lib64/ld-linux-x86-64.so.2" inode=4742 dev=08:01 mode=0100755 ouid=0 ogid=0 rdev=00:00 nametype=NORMAL cap_fp=0 cap_fi=0 cap_fe=0 cap_fver=0 cap_frootid=0
type=PROCTITLE msg=audit(1748731983.547:32085): proctitle=646967004031302E3134322E302E32003030303138342D33643364336433643364336433643364336433643364336433643364336433643364336433643364336433643364336433642E780041002B74696D653D31002B72657472793D30002B62756673697A653D353132002B69676E6F7265002B6E6F636F6F6B6965
type=SYSCALL msg=audit(1748731983.555:32086): arch=c000003e syscall=42 success=yes exit=0 a0=d a1=7f3cec033808 a2=10 a3=7f3cf1e00454 items=0 ppid=14311 pid=14868 auid=1003 uid=1003 gid=1004 euid=1003 suid=1003 fsuid=1003 egid=1004 sgid=1004 fsgid=1004 tty=pts0 ses=32 comm="isc-net-0000" exe="/usr/bin/dig" subj=unconfined
type=SOCKADDR msg=audit(1748731983.555:32086): saddr=020000350A8E00020000000000000000
type=PROCTITLE msg=audit(1748731983.555:32086): proctitle=646967004031302E3134322E302E32003030303138342D33643364336433643364336433643364336433643364336433643364336433643364336433643364336433643364336433642E780041002B74696D650031002B72657472790030002B62756673697A6500353132002B69676E6F7265002B6E6F636F6F6B6965
type=SYSCALL msg=audit(1748731983.603:32087): arch=c000003e syscall=59 success=yes exit=0 a0=5622804c8c20 a1=5622804b6b60 a2=5622804b7a00 a3=1b6 items=2 ppid=14311 pid=14871 auid=1003 uid=1003 gid=1004 euid=1003 suid=1003 fsuid=1003 egid=1004 sgid=1004 fsgid=1004 tty=pts0 ses=32 comm="dig" exe="/usr/bin/dig" subj=unconfined
type=EXECVE msg=audit(1748731983.603:32087): argc=9 a0="dig" a1="@10.142.0.2" a2="000185-3d3d3d3d3d3d3d3d3d3d3d3d3d3d3d3d3d3d3d3d3d3d3d3d3d.x" a3="A" a4="+time=1" a5="+retry=0" a6="+bufsize=512" a7="+ignore" a8="+nocookie"
type=CWD msg=audit(1748731983.603:32087): cwd="/home/alice"
type=PATH msg=audit(1748731983.603:32087): item=0 name="/usr/bin/dig" inode=6373 dev=08:01 mode=0100755 ouid=0 ogid=0 rdev=00:00 nametype=NORMAL cap_fp=0 cap_fi=0 cap_fe=0 cap_fver=0 cap_frootid=0
type=PATH msg=audit(1748731983.603:32087): item=1 name="/lib64/ld-linux-x86-64.so.2" inode=4742 dev=08:01 mode=0100755 ouid=0 ogid=0 rdev=00:00 nametype=NORMAL cap_fp=0 cap_fi=0 cap_fe=0 cap_fver=0 cap_frootid=0
type=PROCTITLE msg=audit(1748731983.603:32087): proctitle=646967004031302E3134322E302E32003030303138352D33643364336433643364336433643364336433643364336433643364336433643364336433643364336433643364336433642E780041002B74696D653D31002B72657472793D30002B62756673697A653D353132002B69676E6F7265002B6E6F636F6F6B6965
type=SYSCALL msg=audit(1748731983.607:32088): arch=c000003e syscall=42 success=yes exit=0 a0=d a1=7f1c80033808 a2=10 a3=7f1c84c93454 items=0 ppid=14311 pid=14871 auid=1003 uid=1003 gid=1004 euid=1003 suid=1003 fsuid=1003 egid=1004 sgid=1004 fsgid=1004 tty=pts0 ses=32 comm="isc-net-0000" exe="/usr/bin/dig" subj=unconfined
type=SOCKADDR msg=audit(1748731983.607:32088): saddr=020000350A8E00020000000000000000
type=PROCTITLE msg=audit(1748731983.607:32088): proctitle=646967004031302E3134322E302E32003030303138352D33643364336433643364336433643364336433643364336433643364336433643364336433643364336433643364336433642E780041002B74696D650031002B72657472790030002B62756673697A6500353132002B69676E6F7265002B6E6F636F6F6B6965
type=SYSCALL msg=audit(1748731983.659:32089): arch=c000003e syscall=59 success=yes exit=0 a0=5622804c8490 a1=5622804b6b60 a2=5622804b7a00 a3=1b6 items=2 ppid=14311 pid=14874 auid=1003 uid=1003 gid=1004 euid=1003 suid=1003 fsuid=1003 egid=1004 sgid=1004 fsgid=1004 tty=pts0 ses=32 comm="dig" exe="/usr/bin/dig" subj=unconfined
type=EXECVE msg=audit(1748731983.659:32089): argc=9 a0="dig" a1="@10.142.0.2" a2="000186-3d3d3d3d3d3d3d3d7c0a7c2020202020202020202020202020.x" a3="A" a4="+time=1" a5="+retry=0" a6="+bufsize=512" a7="+ignore" a8="+nocookie"
type=CWD msg=audit(1748731983.659:32089): cwd="/home/alice"
type=PATH msg=audit(1748731983.659:32089): item=0 name="/usr/bin/dig" inode=6373 dev=08:01 mode=0100755 ouid=0 ogid=0 rdev=00:00 nametype=NORMAL cap_fp=0 cap_fi=0 cap_fe=0 cap_fver=0 cap_frootid=0
type=PATH msg=audit(1748731983.659:32089): item=1 name="/lib64/ld-linux-x86-64.so.2" inode=4742 dev=08:01 mode=0100755 ouid=0 ogid=0 rdev=00:00 nametype=NORMAL cap_fp=0 cap_fi=0 cap_fe=0 cap_fver=0 cap_frootid=0
type=PROCTITLE msg=audit(1748731983.659:32089): proctitle=646967004031302E3134322E302E32003030303138362D33643364336433643364336433643364376330613763323032303230323032303230323032303230323032303230323032302E780041002B74696D653D31002B72657472793D30002B62756673697A653D353132002B69676E6F7265002B6E6F636F6F6B6965
type=SYSCALL msg=audit(1748731983.663:32090): arch=c000003e syscall=42 success=yes exit=0 a0=d a1=7fa8b4033808 a2=10 a3=7fa8b9e1e454 items=0 ppid=14311 pid=14874 auid=1003 uid=1003 gid=1004 euid=1003 suid=1003 fsuid=1003 egid=1004 sgid=1004 fsgid=1004 tty=pts0 ses=32 comm="isc-net-0000" exe="/usr/bin/dig" subj=unconfined
type=SOCKADDR msg=audit(1748731983.663:32090): saddr=020000350A8E00020000000000000000
type=PROCTITLE msg=audit(1748731983.663:32090): proctitle=646967004031302E3134322E302E32003030303138362D33643364336433643364336433643364376330613763323032303230323032303230323032303230323032303230323032302E780041002B74696D650031002B72657472790030002B62756673697A6500353132002B69676E6F7265002B6E6F636F6F6B6965
type=SYSCALL msg=audit(1748731983.707:32091): arch=c000003e syscall=59 success=yes exit=0 a0=5622804c57d0 a1=5622804b6b60 a2=5622804b7a00 a3=1b6 items=2 ppid=14311 pid=14877 auid=1003 uid=1003 gid=1004 euid=1003 suid=1003 fsuid=1003 egid=1004 sgid=1004 fsgid=1004 tty=pts0 ses=32 comm="dig" exe="/usr/bin/dig" subj=unconfined
type=EXECVE msg=audit(1748731983.707:32091): argc=9 a0="dig" a1="@10.142.0.2" a2="000187-20202020202020202020202020202020202020202020202020.x" a3="A" a4="+time=1" a5="+retry=0" a6="+bufsize=512" a7="+ignore" a8="+nocookie"
type=CWD msg=audit(1748731983.707:32091): cwd="/home/alice"
type=PATH msg=audit(1748731983.707:32091): item=0 name="/usr/bin/dig" inode=6373 dev=08:01 mode=0100755 ouid=0 ogid=0 rdev=00:00 nametype=NORMAL cap_fp=0 cap_fi=0 cap_fe=0 cap_fver=0 cap_frootid=0
type=PATH msg=audit(1748731983.707:32091): item=1 name="/lib64/ld-linux-x86-64.so.2" inode=4742 dev=08:01 mode=0100755 ouid=0 ogid=0 rdev=00:00 nametype=NORMAL cap_fp=0 cap_fi=0 cap_fe=0 cap_fver=0 cap_frootid=0
type=PROCTITLE msg=audit(1748731983.707:32091): proctitle=646967004031302E3134322E302E32003030303138372D32303230323032303230323032303230323032303230323032303230323032303230323032303230323032303230323032302E780041002B74696D653D31002B72657472793D30002B62756673697A653D353132002B69676E6F7265002B6E6F636F6F6B6965
type=SYSCALL msg=audit(1748731983.711:32092): arch=c000003e syscall=42 success=yes exit=0 a0=d a1=7fe6f0033808 a2=10 a3=7fe6f858b454 items=0 ppid=14311 pid=14877 auid=1003 uid=1003 gid=1004 euid=1003 suid=1003 fsuid=1003 egid=1004 sgid=1004 fsgid=1004 tty=pts0 ses=32 comm="isc-net-0000" exe="/usr/bin/dig" subj=unconfined
type=SOCKADDR msg=audit(1748731983.711:32092): saddr=020000350A8E00020000000000000000
type=PROCTITLE msg=audit(1748731983.711:32092): proctitle=646967004031302E3134322E302E32003030303138372D32303230323032303230323032303230323032303230323032303230323032303230323032303230323032303230323032302E780041002B74696D650031002B72657472790030002B62756673697A6500353132002B69676E6F7265002B6E6F636F6F6B6965
type=SYSCALL msg=audit(1748731983.747:32093): arch=c000003e syscall=59 success=yes exit=0 a0=5622804b9210 a1=5622804b6b60 a2=5622804b7a00 a3=1b6 items=2 ppid=14311 pid=14880 auid=1003 uid=1003 gid=1004 euid=1003 suid=1003 fsuid=1003 egid=1004 sgid=1004 fsgid=1004 tty=pts0 ses=32 comm="dig" exe="/usr/bin/dig" subj=unconfined
type=EXECVE msg=audit(1748731983.747:32093): argc=9 a0="dig" a1="@10.142.0.2" a2="000188-20202020202020202020202020202020202020202020202020.x" a3="A" a4="+time=1" a5="+retry=0" a6="+bufsize=512" a7="+ignore" a8="+nocookie"
type=CWD msg=audit(1748731983.747:32093): cwd="/home/alice"
type=PATH msg=audit(1748731983.747:32093): item=0 name="/usr/bin/dig" inode=6373 dev=08:01 mode=0100755 ouid=0 ogid=0 rdev=00:00 nametype=NORMAL cap_fp=0 cap_fi=0 cap_fe=0 cap_fver=0 cap_frootid=0
type=PATH msg=audit(1748731983.747:32093): item=1 name="/lib64/ld-linux-x86-64.so.2" inode=4742 dev=08:01 mode=0100755 ouid=0 ogid=0 rdev=00:00 nametype=NORMAL cap_fp=0 cap_fi=0 cap_fe=0 cap_fver=0 cap_frootid=0
type=PROCTITLE msg=audit(1748731983.747:32093): proctitle=646967004031302E3134322E302E32003030303138382D32303230323032303230323032303230323032303230323032303230323032303230323032303230323032303230323032302E780041002B74696D653D31002B72657472793D30002B62756673697A653D353132002B69676E6F7265002B6E6F636F6F6B6965
type=SYSCALL msg=audit(1748731983.755:32094): arch=c000003e syscall=42 success=yes exit=0 a0=d a1=7ff1c8033808 a2=10 a3=7ff1ceb1f454 items=0 ppid=14311 pid=14880 auid=1003 uid=1003 gid=1004 euid=1003 suid=1003 fsuid=1003 egid=1004 sgid=1004 fsgid=1004 tty=pts0 ses=32 comm="isc-net-0000" exe="/usr/bin/dig" subj=unconfined
type=SOCKADDR msg=audit(1748731983.755:32094): saddr=020000350A8E00020000000000000000
type=PROCTITLE msg=audit(1748731983.755:32094): proctitle=646967004031302E3134322E302E32003030303138382D32303230323032303230323032303230323032303230323032303230323032303230323032303230323032303230323032302E780041002B74696D650031002B72657472790030002B62756673697A6500353132002B69676E6F7265002B6E6F636F6F6B6965
type=SYSCALL msg=audit(1748731983.803:32095): arch=c000003e syscall=59 success=yes exit=0 a0=5622804c7650 a1=5622804b6b60 a2=5622804b7a00 a3=1b6 items=2 ppid=14311 pid=14883 auid=1003 uid=1003 gid=1004 euid=1003 suid=1003 fsuid=1003 egid=1004 sgid=1004 fsgid=1004 tty=pts0 ses=32 comm="dig" exe="/usr/bin/dig" subj=unconfined
type=EXECVE msg=audit(1748731983.803:32095): argc=9 a0="dig" a1="@10.142.0.2" a2="000189-202020207c0a7c202020202020202020202020202020202020.x" a3="A" a4="+time=1" a5="+retry=0" a6="+bufsize=512" a7="+ignore" a8="+nocookie"
type=CWD msg=audit(1748731983.803:32095): cwd="/home/alice"
type=PATH msg=audit(1748731983.803:32095): item=0 name="/usr/bin/dig" inode=6373 dev=08:01 mode=0100755 ouid=0 ogid=0 rdev=00:00 nametype=NORMAL cap_fp=0 cap_fi=0 cap_fe=0 cap_fver=0 cap_frootid=0
type=PATH msg=audit(1748731983.803:32095): item=1 name="/lib64/ld-linux-x86-64.so.2" inode=4742 dev=08:01 mode=0100755 ouid=0 ogid=0 rdev=00:00 nametype=NORMAL cap_fp=0 cap_fi=0 cap_fe=0 cap_fver=0 cap_frootid=0
type=PROCTITLE msg=audit(1748731983.803:32095): proctitle=646967004031302E3134322E302E32003030303138392D32303230323032303763306137633230323032303230323032303230323032303230323032303230323032303230323032302E780041002B74696D653D31002B72657472793D30002B62756673697A653D353132002B69676E6F7265002B6E6F636F6F6B6965
type=SYSCALL msg=audit(1748731983.807:32096): arch=c000003e syscall=42 success=yes exit=0 a0=d a1=7f4790033808 a2=10 a3=7f4795f5b454 items=0 ppid=14311 pid=14883 auid=1003 uid=1003 gid=1004 euid=1003 suid=1003 fsuid=1003 egid=1004 sgid=1004 fsgid=1004 tty=pts0 ses=32 comm="isc-net-0000" exe="/usr/bin/dig" subj=unconfined
type=SOCKADDR msg=audit(1748731983.807:32096): saddr=020000350A8E00020000000000000000
type=PROCTITLE msg=audit(1748731983.807:32096): proctitle=646967004031302E3134322E302E32003030303138392D32303230323032303763306137633230323032303230323032303230323032303230323032303230323032303230323032302E780041002B74696D650031002B72657472790030002B62756673697A6500353132002B69676E6F7265002B6E6F636F6F6B6965
type=SYSCALL msg=audit(1748731983.855:32097): arch=c000003e syscall=59 success=yes exit=0 a0=5622804c7a90 a1=5622804b6b60 a2=5622804b7a00 a3=1b6 items=2 ppid=14311 pid=14886 auid=1003 uid=1003 gid=1004 euid=1003 suid=1003 fsuid=1003 egid=1004 sgid=1004 fsgid=1004 tty=pts0 ses=32 comm="dig" exe="/usr/bin/dig" subj=unconfined
type=EXECVE msg=audit(1748731983.855:32097): argc=9 a0="dig" a1="@10.142.0.2" a2="000190-202020202020546865204c615a61676e652050726f6a656374.x" a3="A" a4="+time=1" a5="+retry=0" a6="+bufsize=512" a7="+ignore" a8="+nocookie"
type=CWD msg=audit(1748731983.855:32097): cwd="/home/alice"
type=PATH msg=audit(1748731983.855:32097): item=0 name="/usr/bin/dig" inode=6373 dev=08:01 mode=0100755 ouid=0 ogid=0 rdev=00:00 nametype=NORMAL cap_fp=0 cap_fi=0 cap_fe=0 cap_fver=0 cap_frootid=0
type=PATH msg=audit(1748731983.855:32097): item=1 name="/lib64/ld-linux-x86-64.so.2" inode=4742 dev=08:01 mode=0100755 ouid=0 ogid=0 rdev=00:00 nametype=NORMAL cap_fp=0 cap_fi=0 cap_fe=0 cap_fver=0 cap_frootid=0
type=PROCTITLE msg=audit(1748731983.855:32097): proctitle=646967004031302E3134322E302E32003030303139302D32303230323032303230323035343638363532303463363135613631363736653635323035303732366636613635363337342E780041002B74696D653D31002B72657472793D30002B62756673697A653D353132002B69676E6F7265002B6E6F636F6F6B6965
type=SYSCALL msg=audit(1748731983.859:32098): arch=c000003e syscall=42 success=yes exit=0 a0=d a1=7f8fcc033808 a2=10 a3=7f8fd370c454 items=0 ppid=14311 pid=14886 auid=1003 uid=1003 gid=1004 euid=1003 suid=1003 fsuid=1003 egid=1004 sgid=1004 fsgid=1004 tty=pts0 ses=32 comm="isc-net-0000" exe="/usr/bin/dig" subj=unconfined
type=SOCKADDR msg=audit(1748731983.859:32098): saddr=020000350A8E00020000000000000000
type=PROCTITLE msg=audit(1748731983.859:32098): proctitle=646967004031302E3134322E302E32003030303139302D32303230323032303230323035343638363532303463363135613631363736653635323035303732366636613635363337342E780041002B74696D650031002B72657472790030002B62756673697A6500353132002B69676E6F7265002B6E6F636F6F6B6965
type=SYSCALL msg=audit(1748731983.907:32099): arch=c000003e syscall=59 success=yes exit=0 a0=5622804c7650 a1=5622804b6b60 a2=5622804b7a00 a3=1b6 items=2 ppid=14311 pid=14889 auid=1003 uid=1003 gid=1004 euid=1003 suid=1003 fsuid=1003 egid=1004 sgid=1004 fsgid=1004 tty=pts0 ses=32 comm="dig" exe="/usr/bin/dig" subj=unconfined
type=EXECVE msg=audit(1748731983.907:32099): argc=9 a0="dig" a1="@10.142.0.2" a2="000191-20202020202020202020202020202020202020202020202020.x" a3="A" a4="+time=1" a5="+retry=0" a6="+bufsize=512" a7="+ignore" a8="+nocookie"
type=CWD msg=audit(1748731983.907:32099): cwd="/home/alice"
type=PATH msg=audit(1748731983.907:32099): item=0 name="/usr/bin/dig" inode=6373 dev=08:01 mode=0100755 ouid=0 ogid=0 rdev=00:00 nametype=NORMAL cap_fp=0 cap_fi=0 cap_fe=0 cap_fver=0 cap_frootid=0
type=PATH msg=audit(1748731983.907:32099): item=1 name="/lib64/ld-linux-x86-64.so.2" inode=4742 dev=08:01 mode=0100755 ouid=0 ogid=0 rdev=00:00 nametype=NORMAL cap_fp=0 cap_fi=0 cap_fe=0 cap_fver=0 cap_frootid=0
type=PROCTITLE msg=audit(1748731983.907:32099): proctitle=646967004031302E3134322E302E32003030303139312D32303230323032303230323032303230323032303230323032303230323032303230323032303230323032303230323032302E780041002B74696D653D31002B72657472793D30002B62756673697A653D353132002B69676E6F7265002B6E6F636F6F6B6965
type=SYSCALL msg=audit(1748731983.915:32100): arch=c000003e syscall=42 success=yes exit=0 a0=d a1=7f8ac4033808 a2=10 a3=7f8ac96b5454 items=0 ppid=14311 pid=14889 auid=1003 uid=1003 gid=1004 euid=1003 suid=1003 fsuid=1003 egid=1004 sgid=1004 fsgid=1004 tty=pts0 ses=32 comm="isc-net-0000" exe="/usr/bin/dig" subj=unconfined
type=SOCKADDR msg=audit(1748731983.915:32100): saddr=020000350A8E00020000000000000000
type=PROCTITLE msg=audit(1748731983.915:32100): proctitle=646967004031302E3134322E302E32003030303139312D32303230323032303230323032303230323032303230323032303230323032303230323032303230323032303230323032302E780041002B74696D650031002B72657472790030002B62756673697A6500353132002B69676E6F7265002B6E6F636F6F6B6965
type=SYSCALL msg=audit(1748731983.963:32101): arch=c000003e syscall=59 success=yes exit=0 a0=5622804c7b80 a1=5622804b6b60 a2=5622804b7a00 a3=1b6 items=2 ppid=14311 pid=14892 auid=1003 uid=1003 gid=1004 euid=1003 suid=1003 fsuid=1003 egid=1004 sgid=1004 fsgid=1004 tty=pts0 ses=32 comm="dig" exe="/usr/bin/dig" subj=unconfined
type=EXECVE msg=audit(1748731983.963:32101): argc=9 a0="dig" a1="@10.142.0.2" a2="000192-7c0a7c20202020202020202020202020202020202020202020.x" a3="A" a4="+time=1" a5="+retry=0" a6="+bufsize=512" a7="+ignore" a8="+nocookie"
type=CWD msg=audit(1748731983.963:32101): cwd="/home/alice"
type=PATH msg=audit(1748731983.963:32101): item=0 name="/usr/bin/dig" inode=6373 dev=08:01 mode=0100755 ouid=0 ogid=0 rdev=00:00 nametype=NORMAL cap_fp=0 cap_fi=0 cap_fe=0 cap_fver=0 cap_frootid=0
type=PATH msg=audit(1748731983.963:32101): item=1 name="/lib64/ld-linux-x86-64.so.2" inode=4742 dev=08:01 mode=0100755 ouid=0 ogid=0 rdev=00:00 nametype=NORMAL cap_fp=0 cap_fi=0 cap_fe=0 cap_fver=0 cap_frootid=0
type=PROCTITLE msg=audit(1748731983.963:32101): proctitle=646967004031302E3134322E302E32003030303139322D37633061376332303230323032303230323032303230323032303230323032303230323032303230323032303230323032302E780041002B74696D653D31002B72657472793D30002B62756673697A653D353132002B69676E6F7265002B6E6F636F6F6B6965
type=SYSCALL msg=audit(1748731983.967:32102): arch=c000003e syscall=42 success=yes exit=0 a0=d a1=7fb29c033808 a2=10 a3=7fb2a4057454 items=0 ppid=14311 pid=14892 auid=1003 uid=1003 gid=1004 euid=1003 suid=1003 fsuid=1003 egid=1004 sgid=1004 fsgid=1004 tty=pts0 ses=32 comm="isc-net-0000" exe="/usr/bin/dig" subj=unconfined
type=SOCKADDR msg=audit(1748731983.967:32102): saddr=020000350A8E00020000000000000000
type=PROCTITLE msg=audit(1748731983.967:32102): proctitle=646967004031302E3134322E302E32003030303139322D37633061376332303230323032303230323032303230323032303230323032303230323032303230323032303230323032302E780041002B74696D650031002B72657472790030002B62756673697A6500353132002B69676E6F7265002B6E6F636F6F6B6965
type=SYSCALL msg=audit(1748731984.015:32103): arch=c000003e syscall=59 success=yes exit=0 a0=5622804c93a0 a1=5622804b6b60 a2=5622804b7a00 a3=1b6 items=2 ppid=14311 pid=14895 auid=1003 uid=1003 gid=1004 euid=1003 suid=1003 fsuid=1003 egid=1004 sgid=1004 fsgid=1004 tty=pts0 ses=32 comm="dig" exe="/usr/bin/dig" subj=unconfined
type=EXECVE msg=audit(1748731984.015:32103): argc=9 a0="dig" a1="@10.142.0.2" a2="000193-20202020202020202020202020202020202020202020202020.x" a3="A" a4="+time=1" a5="+retry=0" a6="+bufsize=512" a7="+ignore" a8="+nocookie"
type=CWD msg=audit(1748731984.015:32103): cwd="/home/alice"
type=PATH msg=audit(1748731984.015:32103): item=0 name="/usr/bin/dig" inode=6373 dev=08:01 mode=0100755 ouid=0 ogid=0 rdev=00:00 nametype=NORMAL cap_fp=0 cap_fi=0 cap_fe=0 cap_fver=0 cap_frootid=0
type=PATH msg=audit(1748731984.015:32103): item=1 name="/lib64/ld-linux-x86-64.so.2" inode=4742 dev=08:01 mode=0100755 ouid=0 ogid=0 rdev=00:00 nametype=NORMAL cap_fp=0 cap_fi=0 cap_fe=0 cap_fver=0 cap_frootid=0
type=PROCTITLE msg=audit(1748731984.015:32103): proctitle=646967004031302E3134322E302E32003030303139332D32303230323032303230323032303230323032303230323032303230323032303230323032303230323032303230323032302E780041002B74696D653D31002B72657472793D30002B62756673697A653D353132002B69676E6F7265002B6E6F636F6F6B6965
type=SYSCALL msg=audit(1748731984.019:32104): arch=c000003e syscall=42 success=yes exit=0 a0=d a1=7fb264033808 a2=10 a3=7fb26a785454 items=0 ppid=14311 pid=14895 auid=1003 uid=1003 gid=1004 euid=1003 suid=1003 fsuid=1003 egid=1004 sgid=1004 fsgid=1004 tty=pts0 ses=32 comm="isc-net-0000" exe="/usr/bin/dig" subj=unconfined
type=SOCKADDR msg=audit(1748731984.019:32104): saddr=020000350A8E00020000000000000000
type=PROCTITLE msg=audit(1748731984.019:32104): proctitle=646967004031302E3134322E302E32003030303139332D32303230323032303230323032303230323032303230323032303230323032303230323032303230323032303230323032302E780041002B74696D650031002B72657472790030002B62756673697A6500353132002B69676E6F7265002B6E6F636F6F6B6965
type=SYSCALL msg=audit(1748731984.067:32105): arch=c000003e syscall=59 success=yes exit=0 a0=5622804c85a0 a1=5622804b6b60 a2=5622804b7a00 a3=1b6 items=2 ppid=14311 pid=14898 auid=1003 uid=1003 gid=1004 euid=1003 suid=1003 fsuid=1003 egid=1004 sgid=1004 fsgid=1004 tty=pts0 ses=32 comm="dig" exe="/usr/bin/dig" subj=unconfined
type=EXECVE msg=audit(1748731984.067:32105): argc=9 a0="dig" a1="@10.142.0.2" a2="000194-2020202020202020202020202020202020202020207c0a7c20.x" a3="A" a4="+time=1" a5="+retry=0" a6="+bufsize=512" a7="+ignore" a8="+nocookie"
type=CWD msg=audit(1748731984.067:32105): cwd="/home/alice"
type=PATH msg=audit(1748731984.067:32105): item=0 name="/usr/bin/dig" inode=6373 dev=08:01 mode=0100755 ouid=0 ogid=0 rdev=00:00 nametype=NORMAL cap_fp=0 cap_fi=0 cap_fe=0 cap_fver=0 cap_frootid=0
type=PATH msg=audit(1748731984.067:32105): item=1 name="/lib64/ld-linux-x86-64.so.2" inode=4742 dev=08:01 mode=0100755 ouid=0 ogid=0 rdev=00:00 nametype=NORMAL cap_fp=0 cap_fi=0 cap_fe=0 cap_fver=0 cap_frootid=0
type=PROCTITLE msg=audit(1748731984.067:32105): proctitle=646967004031302E3134322E302E32003030303139342D32303230323032303230323032303230323032303230323032303230323032303230323032303230323037633061376332302E780041002B74696D653D31002B72657472793D30002B62756673697A653D353132002B69676E6F7265002B6E6F636F6F6B6965
type=SYSCALL msg=audit(1748731984.075:32106): arch=c000003e syscall=42 success=yes exit=0 a0=d a1=7f2d60033808 a2=10 a3=7f2d65488454 items=0 ppid=14311 pid=14898 auid=1003 uid=1003 gid=1004 euid=1003 suid=1003 fsuid=1003 egid=1004 sgid=1004 fsgid=1004 tty=pts0 ses=32 comm="isc-net-0000" exe="/usr/bin/dig" subj=unconfined
type=SOCKADDR msg=audit(1748731984.075:32106): saddr=020000350A8E00020000000000000000
type=PROCTITLE msg=audit(1748731984.075:32106): proctitle=646967004031302E3134322E302E32003030303139342D32303230323032303230323032303230323032303230323032303230323032303230323032303230323037633061376332302E780041002B74696D650031002B72657472790030002B62756673697A6500353132002B69676E6F7265002B6E6F636F6F6B6965
type=SYSCALL msg=audit(1748731984.119:32107): arch=c000003e syscall=59 success=yes exit=0 a0=5622804c8670 a1=5622804b6b60 a2=5622804b7a00 a3=1b6 items=2 ppid=14311 pid=14901 auid=1003 uid=1003 gid=1004 euid=1003 suid=1003 fsuid=1003 egid=1004 sgid=1004 fsgid=1004 tty=pts0 ses=32 comm="dig" exe="/usr/bin/dig" subj=unconfined
type=EXECVE msg=audit(1748731984.119:32107): argc=9 a0="dig" a1="@10.142.0.2" a2="000195-20202020202020202020202020202020202020202020202020.x" a3="A" a4="+time=1" a5="+retry=0" a6="+bufsize=512" a7="+ignore" a8="+nocookie"
type=CWD msg=audit(1748731984.119:32107): cwd="/home/alice"
type=PATH msg=audit(1748731984.119:32107): item=0 name="/usr/bin/dig" inode=6373 dev=08:01 mode=0100755 ouid=0 ogid=0 rdev=00:00 nametype=NORMAL cap_fp=0 cap_fi=0 cap_fe=0 cap_fver=0 cap_frootid=0
type=PATH msg=audit(1748731984.119:32107): item=1 name="/lib64/ld-linux-x86-64.so.2" inode=4742 dev=08:01 mode=0100755 ouid=0 ogid=0 rdev=00:00 nametype=NORMAL cap_fp=0 cap_fi=0 cap_fe=0 cap_fver=0 cap_frootid=0
type=PROCTITLE msg=audit(1748731984.119:32107): proctitle=646967004031302E3134322E302E32003030303139352D32303230323032303230323032303230323032303230323032303230323032303230323032303230323032303230323032302E780041002B74696D653D31002B72657472793D30002B62756673697A653D353132002B69676E6F7265002B6E6F636F6F6B6965
type=SYSCALL msg=audit(1748731984.123:32108): arch=c000003e syscall=42 success=yes exit=0 a0=d a1=7f7dec033808 a2=10 a3=7f7df0ced454 items=0 ppid=14311 pid=14901 auid=1003 uid=1003 gid=1004 euid=1003 suid=1003 fsuid=1003 egid=1004 sgid=1004 fsgid=1004 tty=pts0 ses=32 comm="isc-net-0000" exe="/usr/bin/dig" subj=unconfined
type=SOCKADDR msg=audit(1748731984.123:32108): saddr=020000350A8E00020000000000000000
type=PROCTITLE msg=audit(1748731984.123:32108): proctitle=646967004031302E3134322E302E32003030303139352D32303230323032303230323032303230323032303230323032303230323032303230323032303230323032303230323032302E780041002B74696D650031002B72657472790030002B62756673697A6500353132002B69676E6F7265002B6E6F636F6F6B6965
type=SYSCALL msg=audit(1748731984.171:32109): arch=c000003e syscall=59 success=yes exit=0 a0=5622804c9470 a1=5622804b6b60 a2=5622804b7a00 a3=1b6 items=2 ppid=14311 pid=14904 auid=1003 uid=1003 gid=1004 euid=1003 suid=1003 fsuid=1003 egid=1004 sgid=1004 fsgid=1004 tty=pts0 ses=32 comm="dig" exe="/usr/bin/dig" subj=unconfined
type=EXECVE msg=audit(1748731984.171:32109): argc=9 a0="dig" a1="@10.142.0.2" a2="000196-212042414e472042414e472021202020202020202020202020.x" a3="A" a4="+time=1" a5="+retry=0" a6="+bufsize=512" a7="+ignore" a8="+nocookie"
type=CWD msg=audit(1748731984.171:32109): cwd="/home/alice"
type=PATH msg=audit(1748731984.171:32109): item=0 name="/usr/bin/dig" inode=6373 dev=08:01 mode=0100755 ouid=0 ogid=0 rdev=00:00 nametype=NORMAL cap_fp=0 cap_fi=0 cap_fe=0 cap_fver=0 cap_frootid=0
type=PATH msg=audit(1748731984.171:32109): item=1 name="/lib64/ld-linux-x86-64.so.2" inode=4742 dev=08:01 mode=0100755 ouid=0 ogid=0 rdev=00:00 nametype=NORMAL cap_fp=0 cap_fi=0 cap_fe=0 cap_fver=0 cap_frootid=0
type=PROCTITLE msg=audit(1748731984.171:32109): proctitle=646967004031302E3134322E302E32003030303139362D32313230343234313465343732303432343134653437323032313230323032303230323032303230323032303230323032302E780041002B74696D653D31002B72657472793D30002B62756673697A653D353132002B69676E6F7265002B6E6F636F6F6B6965
type=SYSCALL msg=audit(1748731984.175:32110): arch=c000003e syscall=42 success=yes exit=0 a0=d a1=7f52c4033808 a2=10 a3=7f52c9d3b454 items=0 ppid=14311 pid=14904 auid=1003 uid=1003 gid=1004 euid=1003 suid=1003 fsuid=1003 egid=1004 sgid=1004 fsgid=1004 tty=pts0 ses=32 comm="isc-net-0000" exe="/usr/bin/dig" subj=unconfined
type=SOCKADDR msg=audit(1748731984.175:32110): saddr=020000350A8E00020000000000000000
type=PROCTITLE msg=audit(1748731984.175:32110): proctitle=646967004031302E3134322E302E32003030303139362D32313230343234313465343732303432343134653437323032313230323032303230323032303230323032303230323032302E780041002B74696D650031002B72657472790030002B62756673697A6500353132002B69676E6F7265002B6E6F636F6F6B6965
type=SYSCALL msg=audit(1748731984.223:32111): arch=c000003e syscall=59 success=yes exit=0 a0=5622804b9210 a1=5622804b6b60 a2=5622804b7a00 a3=1b6 items=2 ppid=14311 pid=14907 auid=1003 uid=1003 gid=1004 euid=1003 suid=1003 fsuid=1003 egid=1004 sgid=1004 fsgid=1004 tty=pts0 ses=32 comm="dig" exe="/usr/bin/dig" subj=unconfined
type=EXECVE msg=audit(1748731984.223:32111): argc=9 a0="dig" a1="@10.142.0.2" a2="000197-20202020202020202020202020202020207c0a7c2020202020.x" a3="A" a4="+time=1" a5="+retry=0" a6="+bufsize=512" a7="+ignore" a8="+nocookie"
type=CWD msg=audit(1748731984.223:32111): cwd="/home/alice"
type=PATH msg=audit(1748731984.223:32111): item=0 name="/usr/bin/dig" inode=6373 dev=08:01 mode=0100755 ouid=0 ogid=0 rdev=00:00 nametype=NORMAL cap_fp=0 cap_fi=0 cap_fe=0 cap_fver=0 cap_frootid=0
type=PATH msg=audit(1748731984.223:32111): item=1 name="/lib64/ld-linux-x86-64.so.2" inode=4742 dev=08:01 mode=0100755 ouid=0 ogid=0 rdev=00:00 nametype=NORMAL cap_fp=0 cap_fi=0 cap_fe=0 cap_fver=0 cap_frootid=0
type=PROCTITLE msg=audit(1748731984.223:32111): proctitle=646967004031302E3134322E302E32003030303139372D32303230323032303230323032303230323032303230323032303230323032303230376330613763323032303230323032302E780041002B74696D653D31002B72657472793D30002B62756673697A653D353132002B69676E6F7265002B6E6F636F6F6B6965
type=SYSCALL msg=audit(1748731984.227:32112): arch=c000003e syscall=42 success=yes exit=0 a0=d a1=7f472c033808 a2=10 a3=7f47331ca454 items=0 ppid=14311 pid=14907 auid=1003 uid=1003 gid=1004 euid=1003 suid=1003 fsuid=1003 egid=1004 sgid=1004 fsgid=1004 tty=pts0 ses=32 comm="isc-net-0000" exe="/usr/bin/dig" subj=unconfined
type=SOCKADDR msg=audit(1748731984.227:32112): saddr=020000350A8E00020000000000000000
type=PROCTITLE msg=audit(1748731984.227:32112): proctitle=646967004031302E3134322E302E32003030303139372D32303230323032303230323032303230323032303230323032303230323032303230376330613763323032303230323032302E780041002B74696D650031002B72657472790030002B62756673697A6500353132002B69676E6F7265002B6E6F636F6F6B6965
type=SYSCALL msg=audit(1748731984.263:32113): arch=c000003e syscall=59 success=yes exit=0 a0=5622804c9470 a1=5622804b6b60 a2=5622804b7a00 a3=1b6 items=2 ppid=14311 pid=14910 auid=1003 uid=1003 gid=1004 euid=1003 suid=1003 fsuid=1003 egid=1004 sgid=1004 fsgid=1004 tty=pts0 ses=32 comm="dig" exe="/usr/bin/dig" subj=unconfined
type=EXECVE msg=audit(1748731984.263:32113): argc=9 a0="dig" a1="@10.142.0.2" a2="000198-20202020202020202020202020202020202020202020202020.x" a3="A" a4="+time=1" a5="+retry=0" a6="+bufsize=512" a7="+ignore" a8="+nocookie"
type=CWD msg=audit(1748731984.263:32113): cwd="/home/alice"
type=PATH msg=audit(1748731984.263:32113): item=0 name="/usr/bin/dig" inode=6373 dev=08:01 mode=0100755 ouid=0 ogid=0 rdev=00:00 nametype=NORMAL cap_fp=0 cap_fi=0 cap_fe=0 cap_fver=0 cap_frootid=0
type=PATH msg=audit(1748731984.263:32113): item=1 name="/lib64/ld-linux-x86-64.so.2" inode=4742 dev=08:01 mode=0100755 ouid=0 ogid=0 rdev=00:00 nametype=NORMAL cap_fp=0 cap_fi=0 cap_fe=0 cap_fver=0 cap_frootid=0
type=PROCTITLE msg=audit(1748731984.263:32113): proctitle=646967004031302E3134322E302E32003030303139382D32303230323032303230323032303230323032303230323032303230323032303230323032303230323032303230323032302E780041002B74696D653D31002B72657472793D30002B62756673697A653D353132002B69676E6F7265002B6E6F636F6F6B6965
type=SYSCALL msg=audit(1748731984.267:32114): arch=c000003e syscall=42 success=yes exit=0 a0=d a1=7febc4033808 a2=10 a3=7febca82c454 items=0 ppid=14311 pid=14910 auid=1003 uid=1003 gid=1004 euid=1003 suid=1003 fsuid=1003 egid=1004 sgid=1004 fsgid=1004 tty=pts0 ses=32 comm="isc-net-0000" exe="/usr/bin/dig" subj=unconfined
type=SOCKADDR msg=audit(1748731984.267:32114): saddr=020000350A8E00020000000000000000
type=PROCTITLE msg=audit(1748731984.267:32114): proctitle=646967004031302E3134322E302E32003030303139382D32303230323032303230323032303230323032303230323032303230323032303230323032303230323032303230323032302E780041002B74696D650031002B72657472790030002B62756673697A6500353132002B69676E6F7265002B6E6F636F6F6B6965
type=SYSCALL msg=audit(1748731984.319:32115): arch=c000003e syscall=59 success=yes exit=0 a0=5622804b9210 a1=5622804b6b60 a2=5622804b7a00 a3=1b6 items=2 ppid=14311 pid=14913 auid=1003 uid=1003 gid=1004 euid=1003 suid=1003 fsuid=1003 egid=1004 sgid=1004 fsgid=1004 tty=pts0 ses=32 comm="dig" exe="/usr/bin/dig" subj=unconfined
type=EXECVE msg=audit(1748731984.319:32115): argc=9 a0="dig" a1="@10.142.0.2" a2="000199-20202020202020202020202020202020202020202020202020.x" a3="A" a4="+time=1" a5="+retry=0" a6="+bufsize=512" a7="+ignore" a8="+nocookie"
type=CWD msg=audit(1748731984.319:32115): cwd="/home/alice"
type=PATH msg=audit(1748731984.319:32115): item=0 name="/usr/bin/dig" inode=6373 dev=08:01 mode=0100755 ouid=0 ogid=0 rdev=00:00 nametype=NORMAL cap_fp=0 cap_fi=0 cap_fe=0 cap_fver=0 cap_frootid=0
type=PATH msg=audit(1748731984.319:32115): item=1 name="/lib64/ld-linux-x86-64.so.2" inode=4742 dev=08:01 mode=0100755 ouid=0 ogid=0 rdev=00:00 nametype=NORMAL cap_fp=0 cap_fi=0 cap_fe=0 cap_fver=0 cap_frootid=0
type=PROCTITLE msg=audit(1748731984.319:32115): proctitle=646967004031302E3134322E302E32003030303139392D32303230323032303230323032303230323032303230323032303230323032303230323032303230323032303230323032302E780041002B74696D653D31002B72657472793D30002B62756673697A653D353132002B69676E6F7265002B6E6F636F6F6B6965
type=SYSCALL msg=audit(1748731984.323:32116): arch=c000003e syscall=42 success=yes exit=0 a0=d a1=7f1088033808 a2=10 a3=7f108d848454 items=0 ppid=14311 pid=14913 auid=1003 uid=1003 gid=1004 euid=1003 suid=1003 fsuid=1003 egid=1004 sgid=1004 fsgid=1004 tty=pts0 ses=32 comm="isc-net-0000" exe="/usr/bin/dig" subj=unconfined
type=SOCKADDR msg=audit(1748731984.323:32116): saddr=020000350A8E00020000000000000000
type=PROCTITLE msg=audit(1748731984.323:32116): proctitle=646967004031302E3134322E302E32003030303139392D32303230323032303230323032303230323032303230323032303230323032303230323032303230323032303230323032302E780041002B74696D650031002B72657472790030002B62756673697A6500353132002B69676E6F7265002B6E6F636F6F6B6965
type=SYSCALL msg=audit(1748731984.371:32117): arch=c000003e syscall=59 success=yes exit=0 a0=5622804c5b80 a1=5622804b6b60 a2=5622804b7a00 a3=1b6 items=2 ppid=14311 pid=14916 auid=1003 uid=1003 gid=1004 euid=1003 suid=1003 fsuid=1003 egid=1004 sgid=1004 fsgid=1004 tty=pts0 ses=32 comm="dig" exe="/usr/bin/dig" subj=unconfined
type=EXECVE msg=audit(1748731984.371:32117): argc=9 a0="dig" a1="@10.142.0.2" a2="000200-202020202020202020202020207c0a7c3d3d3d3d3d3d3d3d3d.x" a3="A" a4="+time=1" a5="+retry=0" a6="+bufsize=512" a7="+ignore" a8="+nocookie"
type=CWD msg=audit(1748731984.371:32117): cwd="/home/alice"
type=PATH msg=audit(1748731984.371:32117): item=0 name="/usr/bin/dig" inode=6373 dev=08:01 mode=0100755 ouid=0 ogid=0 rdev=00:00 nametype=NORMAL cap_fp=0 cap_fi=0 cap_fe=0 cap_fver=0 cap_frootid=0
type=PATH msg=audit(1748731984.371:32117): item=1 name="/lib64/ld-linux-x86-64.so.2" inode=4742 dev=08:01 mode=0100755 ouid=0 ogid=0 rdev=00:00 nametype=NORMAL cap_fp=0 cap_fi=0 cap_fe=0 cap_fver=0 cap_frootid=0
type=PROCTITLE msg=audit(1748731984.371:32117): proctitle=646967004031302E3134322E302E32003030303230302D32303230323032303230323032303230323032303230323032303763306137633364336433643364336433643364336433642E780041002B74696D653D31002B72657472793D30002B62756673697A653D353132002B69676E6F7265002B6E6F636F6F6B6965
type=SYSCALL msg=audit(1748731984.375:32118): arch=c000003e syscall=42 success=yes exit=0 a0=d a1=7ff810033808 a2=10 a3=7ff81870c454 items=0 ppid=14311 pid=14916 auid=1003 uid=1003 gid=1004 euid=1003 suid=1003 fsuid=1003 egid=1004 sgid=1004 fsgid=1004 tty=pts0 ses=32 comm="isc-net-0000" exe="/usr/bin/dig" subj=unconfined
type=SOCKADDR msg=audit(1748731984.375:32118): saddr=020000350A8E00020000000000000000
type=PROCTITLE msg=audit(1748731984.375:32118): proctitle=646967004031302E3134322E302E32003030303230302D32303230323032303230323032303230323032303230323032303763306137633364336433643364336433643364336433642E780041002B74696D650031002B72657472790030002B62756673697A6500353132002B69676E6F7265002B6E6F636F6F6B6965
type=SYSCALL msg=audit(1748731984.423:32119): arch=c000003e syscall=59 success=yes exit=0 a0=5622804c8690 a1=5622804b6b60 a2=5622804b7a00 a3=1b6 items=2 ppid=14311 pid=14919 auid=1003 uid=1003 gid=1004 euid=1003 suid=1003 fsuid=1003 egid=1004 sgid=1004 fsgid=1004 tty=pts0 ses=32 comm="dig" exe="/usr/bin/dig" subj=unconfined
type=EXECVE msg=audit(1748731984.423:32119): argc=9 a0="dig" a1="@10.142.0.2" a2="000201-3d3d3d3d3d3d3d3d3d3d3d3d3d3d3d3d3d3d3d3d3d3d3d3d3d.x" a3="A" a4="+time=1" a5="+retry=0" a6="+bufsize=512" a7="+ignore" a8="+nocookie"
type=CWD msg=audit(1748731984.423:32119): cwd="/home/alice"
type=PATH msg=audit(1748731984.423:32119): item=0 name="/usr/bin/dig" inode=6373 dev=08:01 mode=0100755 ouid=0 ogid=0 rdev=00:00 nametype=NORMAL cap_fp=0 cap_fi=0 cap_fe=0 cap_fver=0 cap_frootid=0
type=PATH msg=audit(1748731984.423:32119): item=1 name="/lib64/ld-linux-x86-64.so.2" inode=4742 dev=08:01 mode=0100755 ouid=0 ogid=0 rdev=00:00 nametype=NORMAL cap_fp=0 cap_fi=0 cap_fe=0 cap_fver=0 cap_frootid=0
type=PROCTITLE msg=audit(1748731984.423:32119): proctitle=646967004031302E3134322E302E32003030303230312D33643364336433643364336433643364336433643364336433643364336433643364336433643364336433643364336433642E780041002B74696D653D31002B72657472793D30002B62756673697A653D353132002B69676E6F7265002B6E6F636F6F6B6965
type=SYSCALL msg=audit(1748731984.427:32120): arch=c000003e syscall=42 success=yes exit=0 a0=d a1=7f28b8033808 a2=10 a3=7f28bec5e454 items=0 ppid=14311 pid=14919 auid=1003 uid=1003 gid=1004 euid=1003 suid=1003 fsuid=1003 egid=1004 sgid=1004 fsgid=1004 tty=pts0 ses=32 comm="isc-net-0000" exe="/usr/bin/dig" subj=unconfined
type=SOCKADDR msg=audit(1748731984.427:32120): saddr=020000350A8E00020000000000000000
type=PROCTITLE msg=audit(1748731984.427:32120): proctitle=646967004031302E3134322E302E32003030303230312D33643364336433643364336433643364336433643364336433643364336433643364336433643364336433643364336433642E780041002B74696D650031002B72657472790030002B62756673697A6500353132002B69676E6F7265002B6E6F636F6F6B6965
type=SYSCALL msg=audit(1748731984.475:32121): arch=c000003e syscall=59 success=yes exit=0 a0=5622804c9520 a1=5622804b6b60 a2=5622804b7a00 a3=1b6 items=2 ppid=14311 pid=14922 auid=1003 uid=1003 gid=1004 euid=1003 suid=1003 fsuid=1003 egid=1004 sgid=1004 fsgid=1004 tty=pts0 ses=32 comm="dig" exe="/usr/bin/dig" subj=unconfined
type=EXECVE msg=audit(1748731984.475:32121): argc=9 a0="dig" a1="@10.142.0.2" a2="000202-3d3d3d3d3d3d3d3d3d3d3d3d3d3d3d3d3d3d3d3d3d3d3d3d3d.x" a3="A" a4="+time=1" a5="+retry=0" a6="+bufsize=512" a7="+ignore" a8="+nocookie"
type=CWD msg=audit(1748731984.475:32121): cwd="/home/alice"
type=PATH msg=audit(1748731984.475:32121): item=0 name="/usr/bin/dig" inode=6373 dev=08:01 mode=0100755 ouid=0 ogid=0 rdev=00:00 nametype=NORMAL cap_fp=0 cap_fi=0 cap_fe=0 cap_fver=0 cap_frootid=0
type=PATH msg=audit(1748731984.475:32121): item=1 name="/lib64/ld-linux-x86-64.so.2" inode=4742 dev=08:01 mode=0100755 ouid=0 ogid=0 rdev=00:00 nametype=NORMAL cap_fp=0 cap_fi=0 cap_fe=0 cap_fver=0 cap_frootid=0
type=PROCTITLE msg=audit(1748731984.475:32121): proctitle=646967004031302E3134322E302E32003030303230322D33643364336433643364336433643364336433643364336433643364336433643364336433643364336433643364336433642E780041002B74696D653D31002B72657472793D30002B62756673697A653D353132002B69676E6F7265002B6E6F636F6F6B6965
type=SYSCALL msg=audit(1748731984.479:32122): arch=c000003e syscall=42 success=yes exit=0 a0=d a1=7fc08c033808 a2=10 a3=7fc0922f2454 items=0 ppid=14311 pid=14922 auid=1003 uid=1003 gid=1004 euid=1003 suid=1003 fsuid=1003 egid=1004 sgid=1004 fsgid=1004 tty=pts0 ses=32 comm="isc-net-0000" exe="/usr/bin/dig" subj=unconfined
type=SOCKADDR msg=audit(1748731984.479:32122): saddr=020000350A8E00020000000000000000
type=PROCTITLE msg=audit(1748731984.479:32122): proctitle=646967004031302E3134322E302E32003030303230322D33643364336433643364336433643364336433643364336433643364336433643364336433643364336433643364336433642E780041002B74696D650031002B72657472790030002B62756673697A6500353132002B69676E6F7265002B6E6F636F6F6B6965
type=SYSCALL msg=audit(1748731984.527:32123): arch=c000003e syscall=59 success=yes exit=0 a0=5622804c63c0 a1=5622804b6b60 a2=5622804b7a00 a3=1b6 items=2 ppid=14311 pid=14925 auid=1003 uid=1003 gid=1004 euid=1003 suid=1003 fsuid=1003 egid=1004 sgid=1004 fsgid=1004 tty=pts0 ses=32 comm="dig" exe="/usr/bin/dig" subj=unconfined
type=EXECVE msg=audit(1748731984.527:32123): argc=9 a0="dig" a1="@10.142.0.2" a2="000203-3d3d3d3d3d3d3d3d3d7c0a0a1b5b306d1b5b39336d1b5b306d.x" a3="A" a4="+time=1" a5="+retry=0" a6="+bufsize=512" a7="+ignore" a8="+nocookie"
type=CWD msg=audit(1748731984.527:32123): cwd="/home/alice"
type=PATH msg=audit(1748731984.527:32123): item=0 name="/usr/bin/dig" inode=6373 dev=08:01 mode=0100755 ouid=0 ogid=0 rdev=00:00 nametype=NORMAL cap_fp=0 cap_fi=0 cap_fe=0 cap_fver=0 cap_frootid=0
type=PATH msg=audit(1748731984.527:32123): item=1 name="/lib64/ld-linux-x86-64.so.2" inode=4742 dev=08:01 mode=0100755 ouid=0 ogid=0 rdev=00:00 nametype=NORMAL cap_fp=0 cap_fi=0 cap_fe=0 cap_fver=0 cap_frootid=0
type=PROCTITLE msg=audit(1748731984.527:32123): proctitle=646967004031302E3134322E302E32003030303230332D33643364336433643364336433643364336437633061306131623562333036643162356233393333366431623562333036642E780041002B74696D653D31002B72657472793D30002B62756673697A653D353132002B69676E6F7265002B6E6F636F6F6B6965
type=SYSCALL msg=audit(1748731984.531:32124): arch=c000003e syscall=42 success=yes exit=0 a0=d a1=7fae84033808 a2=10 a3=7fae8c30a454 items=0 ppid=14311 pid=14925 auid=1003 uid=1003 gid=1004 euid=1003 suid=1003 fsuid=1003 egid=1004 sgid=1004 fsgid=1004 tty=pts0 ses=32 comm="isc-net-0000" exe="/usr/bin/dig" subj=unconfined
type=SOCKADDR msg=audit(1748731984.531:32124): saddr=020000350A8E00020000000000000000
type=PROCTITLE msg=audit(1748731984.531:32124): proctitle=646967004031302E3134322E302E32003030303230332D33643364336433643364336433643364336437633061306131623562333036643162356233393333366431623562333036642E780041002B74696D650031002B72657472790030002B62756673697A6500353132002B69676E6F7265002B6E6F636F6F6B6965
type=SYSCALL msg=audit(1748731984.583:32125): arch=c000003e syscall=59 success=yes exit=0 a0=5622804c9cd0 a1=5622804b6b60 a2=5622804b7a00 a3=1b6 items=2 ppid=14311 pid=14928 auid=1003 uid=1003 gid=1004 euid=1003 suid=1003 fsuid=1003 egid=1004 sgid=1004 fsgid=1004 tty=pts0 ses=32 comm="dig" exe="/usr/bin/dig" subj=unconfined
type=EXECVE msg=audit(1748731984.583:32125): argc=9 a0="dig" a1="@10.142.0.2" a2="000204-0a5b2b5d20302070617373776f726473206861766520626565.x" a3="A" a4="+time=1" a5="+retry=0" a6="+bufsize=512" a7="+ignore" a8="+nocookie"
type=CWD msg=audit(1748731984.583:32125): cwd="/home/alice"
type=PATH msg=audit(1748731984.583:32125): item=0 name="/usr/bin/dig" inode=6373 dev=08:01 mode=0100755 ouid=0 ogid=0 rdev=00:00 nametype=NORMAL cap_fp=0 cap_fi=0 cap_fe=0 cap_fver=0 cap_frootid=0
type=PATH msg=audit(1748731984.583:32125): item=1 name="/lib64/ld-linux-x86-64.so.2" inode=4742 dev=08:01 mode=0100755 ouid=0 ogid=0 rdev=00:00 nametype=NORMAL cap_fp=0 cap_fi=0 cap_fe=0 cap_fver=0 cap_frootid=0
type=PROCTITLE msg=audit(1748731984.583:32125): proctitle=646967004031302E3134322E302E32003030303230342D30613562326235643230333032303730363137333733373736663732363437333230363836313736363532303632363536352E780041002B74696D653D31002B72657472793D30002B62756673697A653D353132002B69676E6F7265002B6E6F636F6F6B6965
type=SYSCALL msg=audit(1748731984.587:32126): arch=c000003e syscall=42 success=yes exit=0 a0=d a1=7f321c033808 a2=10 a3=7f3220dbb454 items=0 ppid=14311 pid=14928 auid=1003 uid=1003 gid=1004 euid=1003 suid=1003 fsuid=1003 egid=1004 sgid=1004 fsgid=1004 tty=pts0 ses=32 comm="isc-net-0000" exe="/usr/bin/dig" subj=unconfined
type=SOCKADDR msg=audit(1748731984.587:32126): saddr=020000350A8E00020000000000000000
type=PROCTITLE msg=audit(1748731984.587:32126): proctitle=646967004031302E3134322E302E32003030303230342D30613562326235643230333032303730363137333733373736663732363437333230363836313736363532303632363536352E780041002B74696D650031002B72657472790030002B62756673697A6500353132002B69676E6F7265002B6E6F636F6F6B6965
type=SYSCALL msg=audit(1748731984.631:32127): arch=c000003e syscall=59 success=yes exit=0 a0=5622804c7650 a1=5622804b6b60 a2=5622804b7a00 a3=1b6 items=2 ppid=14311 pid=14931 auid=1003 uid=1003 gid=1004 euid=1003 suid=1003 fsuid=1003 egid=1004 sgid=1004 fsgid=1004 tty=pts0 ses=32 comm="dig" exe="/usr/bin/dig" subj=unconfined
type=EXECVE msg=audit(1748731984.631:32127): argc=9 a0="dig" a1="@10.142.0.2" a2="000205-6e20666f756e642e0a466f72206d6f726520696e666f726d61.x" a3="A" a4="+time=1" a5="+retry=0" a6="+bufsize=512" a7="+ignore" a8="+nocookie"
type=CWD msg=audit(1748731984.631:32127): cwd="/home/alice"
type=PATH msg=audit(1748731984.631:32127): item=0 name="/usr/bin/dig" inode=6373 dev=08:01 mode=0100755 ouid=0 ogid=0 rdev=00:00 nametype=NORMAL cap_fp=0 cap_fi=0 cap_fe=0 cap_fver=0 cap_frootid=0
type=PATH msg=audit(1748731984.631:32127): item=1 name="/lib64/ld-linux-x86-64.so.2" inode=4742 dev=08:01 mode=0100755 ouid=0 ogid=0 rdev=00:00 nametype=NORMAL cap_fp=0 cap_fi=0 cap_fe=0 cap_fver=0 cap_frootid=0
type=PROCTITLE msg=audit(1748731984.631:32127): proctitle=646967004031302E3134322E302E32003030303230352D36653230363636663735366536343265306134363666373232303664366637323635323036393665363636663732366436312E780041002B74696D653D31002B72657472793D30002B62756673697A653D353132002B69676E6F7265002B6E6F636F6F6B6965
type=SYSCALL msg=audit(1748731984.639:32128): arch=c000003e syscall=42 success=yes exit=0 a0=d a1=7ffabc033808 a2=10 a3=7ffac0e05454 items=0 ppid=14311 pid=14931 auid=1003 uid=1003 gid=1004 euid=1003 suid=1003 fsuid=1003 egid=1004 sgid=1004 fsgid=1004 tty=pts0 ses=32 comm="isc-net-0000" exe="/usr/bin/dig" subj=unconfined
type=SOCKADDR msg=audit(1748731984.639:32128): saddr=020000350A8E00020000000000000000
type=PROCTITLE msg=audit(1748731984.639:32128): proctitle=646967004031302E3134322E302E32003030303230352D36653230363636663735366536343265306134363666373232303664366637323635323036393665363636663732366436312E780041002B74696D650031002B72657472790030002B62756673697A6500353132002B69676E6F7265002B6E6F636F6F6B6965
type=SYSCALL msg=audit(1748731984.683:32129): arch=c000003e syscall=59 success=yes exit=0 a0=5622804c8890 a1=5622804b6b60 a2=5622804b7a00 a3=1b6 items=2 ppid=14311 pid=14934 auid=1003 uid=1003 gid=1004 euid=1003 suid=1003 fsuid=1003 egid=1004 sgid=1004 fsgid=1004 tty=pts0 ses=32 comm="dig" exe="/usr/bin/dig" subj=unconfined
type=EXECVE msg=audit(1748731984.683:32129): argc=9 a0="dig" a1="@10.142.0.2" a2="000206-74696f6e206c61756e636820697420616761696e2077697468.x" a3="A" a4="+time=1" a5="+retry=0" a6="+bufsize=512" a7="+ignore" a8="+nocookie"
type=CWD msg=audit(1748731984.683:32129): cwd="/home/alice"
type=PATH msg=audit(1748731984.683:32129): item=0 name="/usr/bin/dig" inode=6373 dev=08:01 mode=0100755 ouid=0 ogid=0 rdev=00:00 nametype=NORMAL cap_fp=0 cap_fi=0 cap_fe=0 cap_fver=0 cap_frootid=0
type=PATH msg=audit(1748731984.683:32129): item=1 name="/lib64/ld-linux-x86-64.so.2" inode=4742 dev=08:01 mode=0100755 ouid=0 ogid=0 rdev=00:00 nametype=NORMAL cap_fp=0 cap_fi=0 cap_fe=0 cap_fver=0 cap_frootid=0
type=PROCTITLE msg=audit(1748731984.683:32129): proctitle=646967004031302E3134322E302E32003030303230362D37343639366636653230366336313735366536333638323036393734323036313637363136393665323037373639373436382E780041002B74696D653D31002B72657472793D30002B62756673697A653D353132002B69676E6F7265002B6E6F636F6F6B6965
type=SYSCALL msg=audit(1748731984.687:32130): arch=c000003e syscall=42 success=yes exit=0 a0=d a1=7f4bb0033808 a2=10 a3=7f4bb8d34454 items=0 ppid=14311 pid=14934 auid=1003 uid=1003 gid=1004 euid=1003 suid=1003 fsuid=1003 egid=1004 sgid=1004 fsgid=1004 tty=pts0 ses=32 comm="isc-net-0000" exe="/usr/bin/dig" subj=unconfined
type=SOCKADDR msg=audit(1748731984.687:32130): saddr=020000350A8E00020000000000000000
type=PROCTITLE msg=audit(1748731984.687:32130): proctitle=646967004031302E3134322E302E32003030303230362D37343639366636653230366336313735366536333638323036393734323036313637363136393665323037373639373436382E780041002B74696D650031002B72657472790030002B62756673697A6500353132002B69676E6F7265002B6E6F636F6F6B6965
type=SYSCALL msg=audit(1748731984.735:32131): arch=c000003e syscall=59 success=yes exit=0 a0=5622804c7650 a1=5622804b6b60 a2=5622804b7a00 a3=1b6 items=2 ppid=14311 pid=14937 auid=1003 uid=1003 gid=1004 euid=1003 suid=1003 fsuid=1003 egid=1004 sgid=1004 fsgid=1004 tty=pts0 ses=32 comm="dig" exe="/usr/bin/dig" subj=unconfined
type=EXECVE msg=audit(1748731984.735:32131): argc=9 a0="dig" a1="@10.142.0.2" a2="000207-20746865202d76206f7074696f6e0a0a656c61707365642074.x" a3="A" a4="+time=1" a5="+retry=0" a6="+bufsize=512" a7="+ignore" a8="+nocookie"
type=CWD msg=audit(1748731984.735:32131): cwd="/home/alice"
type=PATH msg=audit(1748731984.735:32131): item=0 name="/usr/bin/dig" inode=6373 dev=08:01 mode=0100755 ouid=0 ogid=0 rdev=00:00 nametype=NORMAL cap_fp=0 cap_fi=0 cap_fe=0 cap_fver=0 cap_frootid=0
type=PATH msg=audit(1748731984.735:32131): item=1 name="/lib64/ld-linux-x86-64.so.2" inode=4742 dev=08:01 mode=0100755 ouid=0 ogid=0 rdev=00:00 nametype=NORMAL cap_fp=0 cap_fi=0 cap_fe=0 cap_fver=0 cap_frootid=0
type=PROCTITLE msg=audit(1748731984.735:32131): proctitle=646967004031302E3134322E302E32003030303230372D32303734363836353230326437363230366637303734363936663665306130613635366336313730373336353634323037342E780041002B74696D653D31002B72657472793D30002B62756673697A653D353132002B69676E6F7265002B6E6F636F6F6B6965
type=SYSCALL msg=audit(1748731984.739:32132): arch=c000003e syscall=42 success=yes exit=0 a0=d a1=7f8f8c033808 a2=10 a3=7f8f9248a454 items=0 ppid=14311 pid=14937 auid=1003 uid=1003 gid=1004 euid=1003 suid=1003 fsuid=1003 egid=1004 sgid=1004 fsgid=1004 tty=pts0 ses=32 comm="isc-net-0000" exe="/usr/bin/dig" subj=unconfined
type=SOCKADDR msg=audit(1748731984.739:32132): saddr=020000350A8E00020000000000000000
type=PROCTITLE msg=audit(1748731984.739:32132): proctitle=646967004031302E3134322E302E32003030303230372D32303734363836353230326437363230366637303734363936663665306130613635366336313730373336353634323037342E780041002B74696D650031002B72657472790030002B62756673697A6500353132002B69676E6F7265002B6E6F636F6F6B6965
type=SYSCALL msg=audit(1748731984.791:32133): arch=c000003e syscall=59 success=yes exit=0 a0=5622804c8e70 a1=5622804b6b60 a2=5622804b7a00 a3=1b6 items=2 ppid=14311 pid=14940 auid=1003 uid=1003 gid=1004 euid=1003 suid=1003 fsuid=1003 egid=1004 sgid=1004 fsgid=1004 tty=pts0 ses=32 comm="dig" exe="/usr/bin/dig" subj=unconfined
type=EXECVE msg=audit(1748731984.791:32133): argc=9 a0="dig" a1="@10.142.0.2" a2="000208-696d65203d20302e3031303634353135313133383330353636.x" a3="A" a4="+time=1" a5="+retry=0" a6="+bufsize=512" a7="+ignore" a8="+nocookie"
type=CWD msg=audit(1748731984.791:32133): cwd="/home/alice"
type=PATH msg=audit(1748731984.791:32133): item=0 name="/usr/bin/dig" inode=6373 dev=08:01 mode=0100755 ouid=0 ogid=0 rdev=00:00 nametype=NORMAL cap_fp=0 cap_fi=0 cap_fe=0 cap_fver=0 cap_frootid=0
type=PATH msg=audit(1748731984.791:32133): item=1 name="/lib64/ld-linux-x86-64.so.2" inode=4742 dev=08:01 mode=0100755 ouid=0 ogid=0 rdev=00:00 nametype=NORMAL cap_fp=0 cap_fi=0 cap_fe=0 cap_fver=0 cap_frootid=0
type=PROCTITLE msg=audit(1748731984.791:32133): proctitle=646967004031302E3134322E302E32003030303230382D36393664363532303364323033303265333033313330333633343335333133353331333133333338333333303335333633362E780041002B74696D653D31002B72657472793D30002B62756673697A653D353132002B69676E6F7265002B6E6F636F6F6B6965
type=SYSCALL msg=audit(1748731984.795:32134): arch=c000003e syscall=42 success=yes exit=0 a0=d a1=7f1524033808 a2=10 a3=7f1528d32454 items=0 ppid=14311 pid=14940 auid=1003 uid=1003 gid=1004 euid=1003 suid=1003 fsuid=1003 egid=1004 sgid=1004 fsgid=1004 tty=pts0 ses=32 comm="isc-net-0000" exe="/usr/bin/dig" subj=unconfined
type=SOCKADDR msg=audit(1748731984.795:32134): saddr=020000350A8E00020000000000000000
type=PROCTITLE msg=audit(1748731984.795:32134): proctitle=646967004031302E3134322E302E32003030303230382D36393664363532303364323033303265333033313330333633343335333133353331333133333338333333303335333633362E780041002B74696D650031002B72657472790030002B62756673697A6500353132002B69676E6F7265002B6E6F636F6F6B6965
type=SYSCALL msg=audit(1748731984.843:32135): arch=c000003e syscall=59 success=yes exit=0 a0=5622804c90a0 a1=5622804b6b60 a2=5622804b7a00 a3=1b6 items=2 ppid=14311 pid=14943 auid=1003 uid=1003 gid=1004 euid=1003 suid=1003 fsuid=1003 egid=1004 sgid=1004 fsgid=1004 tty=pts0 ses=32 comm="dig" exe="/usr/bin/dig" subj=unconfined
type=EXECVE msg=audit(1748731984.843:32135): argc=9 a0="dig" a1="@10.142.0.2" a2="000209-340a.x" a3="A" a4="+time=1" a5="+retry=0" a6="+bufsize=512" a7="+ignore" a8="+nocookie"
type=CWD msg=audit(1748731984.843:32135): cwd="/home/alice"
type=PATH msg=audit(1748731984.843:32135): item=0 name="/usr/bin/dig" inode=6373 dev=08:01 mode=0100755 ouid=0 ogid=0 rdev=00:00 nametype=NORMAL cap_fp=0 cap_fi=0 cap_fe=0 cap_fver=0 cap_frootid=0
type=PATH msg=audit(1748731984.843:32135): item=1 name="/lib64/ld-linux-x86-64.so.2" inode=4742 dev=08:01 mode=0100755 ouid=0 ogid=0 rdev=00:00 nametype=NORMAL cap_fp=0 cap_fi=0 cap_fe=0 cap_fver=0 cap_frootid=0
type=PROCTITLE msg=audit(1748731984.843:32135): proctitle=646967004031302E3134322E302E32003030303230392D333430612E780041002B74696D653D31002B72657472793D30002B62756673697A653D353132002B69676E6F7265002B6E6F636F6F6B6965
type=SYSCALL msg=audit(1748731984.847:32136): arch=c000003e syscall=42 success=yes exit=0 a0=d a1=7fb448033808 a2=10 a3=7fb44d33c454 items=0 ppid=14311 pid=14943 auid=1003 uid=1003 gid=1004 euid=1003 suid=1003 fsuid=1003 egid=1004 sgid=1004 fsgid=1004 tty=pts0 ses=32 comm="isc-net-0000" exe="/usr/bin/dig" subj=unconfined
type=SOCKADDR msg=audit(1748731984.847:32136): saddr=020000350A8E00020000000000000000
type=PROCTITLE msg=audit(1748731984.847:32136): proctitle=646967004031302E3134322E302E32003030303230392D333430612E780041002B74696D650031002B72657472790030002B62756673697A6500353132002B69676E6F7265002B6E6F636F6F6B6965
type=SYSCALL msg=audit(1748732013.135:32137): arch=c000003e syscall=82 success=yes exit=0 a0=55d91a852630 a1=55d91a852160 a2=7f570400d960 a3=8000 items=4 ppid=1444 pid=2453 auid=1003 uid=1003 gid=1004 euid=1003 suid=1003 fsuid=1003 egid=1004 sgid=1004 fsgid=1004 tty=(none) ses=3 comm="gvfsd-metadata" exe="/usr/libexec/gvfsd-metadata" subj=unconfined
type=CWD msg=audit(1748732013.135:32137): cwd="/home/alice"
type=PATH msg=audit(1748732013.135:32137): item=0 name="/home/alice/.local/share/gvfs-metadata/" inode=2884443 dev=08:01 mode=040700 ouid=1003 ogid=1004 rdev=00:00 nametype=PARENT cap_fp=0 cap_fi=0 cap_fe=0 cap_fver=0 cap_frootid=0
type=PATH msg=audit(1748732013.135:32137): item=1 name="/home/alice/.local/share/gvfs-metadata/" inode=2884443 dev=08:01 mode=040700 ouid=1003 ogid=1004 rdev=00:00 nametype=PARENT cap_fp=0 cap_fi=0 cap_fe=0 cap_fver=0 cap_frootid=0
type=PATH msg=audit(1748732013.135:32137): item=2 name="/home/alice/.local/share/gvfs-metadata/root-e7482f4b.log.H7XC72" inode=2880744 dev=08:01 mode=0100664 ouid=1003 ogid=1004 rdev=00:00 nametype=DELETE cap_fp=0 cap_fi=0 cap_fe=0 cap_fver=0 cap_frootid=0
type=PATH msg=audit(1748732013.135:32137): item=3 name="/home/alice/.local/share/gvfs-metadata/root-e7482f4b.log" inode=2880744 dev=08:01 mode=0100664 ouid=1003 ogid=1004 rdev=00:00 nametype=CREATE cap_fp=0 cap_fi=0 cap_fe=0 cap_fver=0 cap_frootid=0
type=PROCTITLE msg=audit(1748732013.135:32137): proctitle="(metadata)"
type=SYSCALL msg=audit(1748732013.135:32138): arch=c000003e syscall=82 success=yes exit=0 a0=7f570400aff0 a1=7f5704009400 a2=2 a3=0 items=5 ppid=1444 pid=2453 auid=1003 uid=1003 gid=1004 euid=1003 suid=1003 fsuid=1003 egid=1004 sgid=1004 fsgid=1004 tty=(none) ses=3 comm="gvfsd-metadata" exe="/usr/libexec/gvfsd-metadata" subj=unconfined
type=CWD msg=audit(1748732013.135:32138): cwd="/home/alice"
type=PATH msg=audit(1748732013.135:32138): item=0 name="/home/alice/.local/share/gvfs-metadata/" inode=2884443 dev=08:01 mode=040700 ouid=1003 ogid=1004 rdev=00:00 nametype=PARENT cap_fp=0 cap_fi=0 cap_fe=0 cap_fver=0 cap_frootid=0
type=PATH msg=audit(1748732013.135:32138): item=1 name="/home/alice/.local/share/gvfs-metadata/" inode=2884443 dev=08:01 mode=040700 ouid=1003 ogid=1004 rdev=00:00 nametype=PARENT cap_fp=0 cap_fi=0 cap_fe=0 cap_fver=0 cap_frootid=0
type=PATH msg=audit(1748732013.135:32138): item=2 name="/home/alice/.local/share/gvfs-metadata/root.RJZC72" inode=2877432 dev=08:01 mode=0100600 ouid=1003 ogid=1004 rdev=00:00 nametype=DELETE cap_fp=0 cap_fi=0 cap_fe=0 cap_fver=0 cap_frootid=0
type=PATH msg=audit(1748732013.135:32138): item=3 name="/home/alice/.local/share/gvfs-metadata/root" inode=2880732 dev=08:01 mode=0100600 ouid=1003 ogid=1004 rdev=00:00 nametype=DELETE cap_fp=0 cap_fi=0 cap_fe=0 cap_fver=0 cap_frootid=0
type=PATH msg=audit(1748732013.135:32138): item=4 name="/home/alice/.local/share/gvfs-metadata/root" inode=2877432 dev=08:01 mode=0100600 ouid=1003 ogid=1004 rdev=00:00 nametype=CREATE cap_fp=0 cap_fi=0 cap_fe=0 cap_fver=0 cap_frootid=0
type=PROCTITLE msg=audit(1748732013.135:32138): proctitle="(metadata)"
type=SYSCALL msg=audit(1748732013.135:32139): arch=c000003e syscall=87 success=yes exit=0 a0=55d91a852630 a1=0 a2=7ffeec9d36b0 a3=1 items=2 ppid=1444 pid=2453 auid=1003 uid=1003 gid=1004 euid=1003 suid=1003 fsuid=1003 egid=1004 sgid=1004 fsgid=1004 tty=(none) ses=3 comm="gvfsd-metadata" exe="/usr/libexec/gvfsd-metadata" subj=unconfined
type=CWD msg=audit(1748732013.135:32139): cwd="/home/alice"
type=PATH msg=audit(1748732013.135:32139): item=0 name="/home/alice/.local/share/gvfs-metadata/" inode=2884443 dev=08:01 mode=040700 ouid=1003 ogid=1004 rdev=00:00 nametype=PARENT cap_fp=0 cap_fi=0 cap_fe=0 cap_fver=0 cap_frootid=0
type=PATH msg=audit(1748732013.135:32139): item=1 name="/home/alice/.local/share/gvfs-metadata/root-a8f1c2e0.log" inode=2880743 dev=08:01 mode=0100664 ouid=1003 ogid=1004 rdev=00:00 nametype=DELETE cap_fp=0 cap_fi=0 cap_fe=0 cap_fver=0 cap_frootid=0
type=PROCTITLE msg=audit(1748732013.135:32139): proctitle="(metadata)"
