type=SYSCALL msg=audit(1733944082.714:86770): arch=c000003e syscall=87 success=yes exit=0 a0=22040059c840 a1=56376d5898d1 a2=cd2c0ab3dad9665b a3=0 items=2 ppid=14448 pid=14486 auid=1003 uid=1003 gid=1004 euid=1003 suid=1003 fsuid=1003 egid=1004 sgid=1004 fsgid=1004 tty=pts0 ses=16 comm="Chrome_ChildIOT" exe="/opt/brave.com/brave/brave" subj=unconfined
type=CWD msg=audit(1733944082.714:86770): cwd="/home/alice"
type=PATH msg=audit(1733944082.714:86770): item=0 name="/dev/shm/" inode=1 dev=00:18 mode=041777 ouid=0 ogid=0 rdev=00:00 nametype=PARENT cap_fp=0 cap_fi=0 cap_fe=0 cap_fver=0 cap_frootid=0
type=PATH msg=audit(1733944082.714:86770): item=1 name="/dev/shm/.org.chromium.Chromium.vzIJNw" inode=20942 dev=00:18 mode=0100600 ouid=1003 ogid=1004 rdev=00:00 nametype=DELETE cap_fp=0 cap_fi=0 cap_fe=0 cap_fver=0 cap_frootid=0
type=PROCTITLE msg=audit(1733944082.714:86770): proctitle=2F6F70742F62726176652E636F6D2F62726176652F6272617665202D2D747970653D7574696C697479202D2D7574696C6974792D7375622D747970653D6E6574776F726B2E6D6F6A6F6D2E4E6574776F726B53657276696365202D2D6C616E673D656E2D5553202D2D736572766963652D73616E64626F782D747970653D6E6F
type=SYSCALL msg=audit(1733944089.735:86771): arch=c000003e syscall=87 success=yes exit=0 a0=220400793540 a1=56376d5898d1 a2=ef0518dfd7f00d3f a3=0 items=2 ppid=14448 pid=14486 auid=1003 uid=1003 gid=1004 euid=1003 suid=1003 fsuid=1003 egid=1004 sgid=1004 fsgid=1004 tty=pts0 ses=16 comm="Chrome_ChildIOT" exe="/opt/brave.com/brave/brave" subj=unconfined
type=CWD msg=audit(1733944089.735:86771): cwd="/home/alice"
type=PATH msg=audit(1733944089.735:86771): item=0 name="/dev/shm/" inode=1 dev=00:18 mode=041777 ouid=0 ogid=0 rdev=00:00 nametype=PARENT cap_fp=0 cap_fi=0 cap_fe=0 cap_fver=0 cap_frootid=0
type=PATH msg=audit(1733944089.735:86771): item=1 name="/dev/shm/.org.chromium.Chromium.KymVzA" inode=20943 dev=00:18 mode=0100600 ouid=1003 ogid=1004 rdev=00:00 nametype=DELETE cap_fp=0 cap_fi=0 cap_fe=0 cap_fver=0 cap_frootid=0
type=PROCTITLE msg=audit(1733944089.735:86771): proctitle=2F6F70742F62726176652E636F6D2F62726176652F6272617665202D2D747970653D7574696C697479202D2D7574696C6974792D7375622D747970653D6E6574776F726B2E6D6F6A6F6D2E4E6574776F726B53657276696365202D2D6C616E673D656E2D5553202D2D736572766963652D73616E64626F782D747970653D6E6F
type=SYSCALL msg=audit(1733944094.719:86772): arch=c000003e syscall=87 success=yes exit=0 a0=2204001d7f80 a1=56376d5898d1 a2=9a77f947f81342c1 a3=0 items=2 ppid=14448 pid=14486 auid=1003 uid=1003 gid=1004 euid=1003 suid=1003 fsuid=1003 egid=1004 sgid=1004 fsgid=1004 tty=pts0 ses=16 comm="Chrome_ChildIOT" exe="/opt/brave.com/brave/brave" subj=unconfined
type=CWD msg=audit(1733944094.719:86772): cwd="/home/alice"
type=PATH msg=audit(1733944094.719:86772): item=0 name="/dev/shm/" inode=1 dev=00:18 mode=041777 ouid=0 ogid=0 rdev=00:00 nametype=PARENT cap_fp=0 cap_fi=0 cap_fe=0 cap_fver=0 cap_frootid=0
type=PATH msg=audit(1733944094.719:86772): item=1 name="/dev/shm/.org.chromium.Chromium.VnS1Bx" inode=20944 dev=00:18 mode=0100600 ouid=1003 ogid=1004 rdev=00:00 nametype=DELETE cap_fp=0 cap_fi=0 cap_fe=0 cap_fver=0 cap_frootid=0
type=PROCTITLE msg=audit(1733944094.719:86772): proctitle=2F6F70742F62726176652E636F6D2F62726176652F6272617665202D2D747970653D7574696C697479202D2D7574696C6974792D7375622D747970653D6E6574776F726B2E6D6F6A6F6D2E4E6574776F726B53657276696365202D2D6C616E673D656E2D5553202D2D736572766963652D73616E64626F782D747970653D6E6F
type=SYSCALL msg=audit(1733944095.451:86773): arch=c000003e syscall=82 success=yes exit=0 a0=27dc00e05420 a1=27dc0e17fcf0 a2=0 a3=7ffe271f7090 items=5 ppid=14442 pid=14448 auid=1003 uid=1003 gid=1004 euid=1003 suid=1003 fsuid=1003 egid=1004 sgid=1004 fsgid=1004 tty=pts0 ses=16 comm="ThreadPoolForeg" exe="/opt/brave.com/brave/brave" subj=unconfined
type=CWD msg=audit(1733944095.451:86773): cwd="/home/alice"
type=PATH msg=audit(1733944095.451:86773): item=0 name="/home/alice/.config/BraveSoftware/Brave-Browser/" inode=3097450 dev=08:01 mode=040700 ouid=1003 ogid=1004 rdev=00:00 nametype=PARENT cap_fp=0 cap_fi=0 cap_fe=0 cap_fver=0 cap_frootid=0
type=PATH msg=audit(1733944095.451:86773): item=1 name="/home/alice/.config/BraveSoftware/Brave-Browser/" inode=3097450 dev=08:01 mode=040700 ouid=1003 ogid=1004 rdev=00:00 nametype=PARENT cap_fp=0 cap_fi=0 cap_fe=0 cap_fver=0 cap_frootid=0
type=PATH msg=audit(1733944095.451:86773): item=2 name="/home/alice/.config/BraveSoftware/Brave-Browser/.org.chromium.Chromium.TbtYmG" inode=3113721 dev=08:01 mode=0100600 ouid=1003 ogid=1004 rdev=00:00 nametype=DELETE cap_fp=0 cap_fi=0 cap_fe=0 cap_fver=0 cap_frootid=0
type=PATH msg=audit(1733944095.451:86773): item=3 name=2F686F6D652F616C6963652F2E636F6E6669672F4272617665536F6674776172652F42726176652D42726F777365722F4C6F63616C205374617465 inode=3099011 dev=08:01 mode=0100600 ouid=1003 ogid=1004 rdev=00:00 nametype=DELETE cap_fp=0 cap_fi=0 cap_fe=0 cap_fver=0 cap_frootid=0
type=PATH msg=audit(1733944095.451:86773): item=4 name=2F686F6D652F616C6963652F2E636F6E6669672F4272617665536F6674776172652F42726176652D42726F777365722F4C6F63616C205374617465 inode=3113721 dev=08:01 mode=0100600 ouid=1003 ogid=1004 rdev=00:00 nametype=CREATE cap_fp=0 cap_fi=0 cap_fe=0 cap_fver=0 cap_frootid=0
type=PROCTITLE msg=audit(1733944095.451:86773): proctitle="/opt/brave.com/brave/brave"
type=SYSCALL msg=audit(1733944100.640:86774): arch=c000003e syscall=59 success=yes exit=0 a0=55fd6fd08980 a1=55fd6fd2eac0 a2=55fd6fd089c0 a3=55fd3d253788 items=2 ppid=1146 pid=19618 auid=4294967295 uid=0 gid=0 euid=0 suid=0 fsuid=0 egid=0 sgid=0 fsgid=0 tty=(none) ses=4294967295 comm="sshd" exe="/usr/sbin/sshd" subj=unconfined
type=EXECVE msg=audit(1733944100.640:86774): argc=3 a0="/usr/sbin/sshd" a1="-D" a2="-R"
type=CWD msg=audit(1733944100.640:86774): cwd="/"
type=PATH msg=audit(1733944100.640:86774): item=0 name="/usr/sbin/sshd" inode=2879 dev=08:01 mode=0100755 ouid=0 ogid=0 rdev=00:00 nametype=NORMAL cap_fp=0 cap_fi=0 cap_fe=0 cap_fver=0 cap_frootid=0
type=PATH msg=audit(1733944100.640:86774): item=1 name="/lib64/ld-linux-x86-64.so.2" inode=4742 dev=08:01 mode=0100755 ouid=0 ogid=0 rdev=00:00 nametype=NORMAL cap_fp=0 cap_fi=0 cap_fe=0 cap_fver=0 cap_frootid=0
type=PROCTITLE msg=audit(1733944100.640:86774): proctitle=2F7573722F7362696E2F73736864002D44002D52
type=SYSCALL msg=audit(1733944100.644:86775): arch=c000003e syscall=42 success=yes exit=0 a0=4 a1=561e3999f880 a2=1c a3=7ffc714dd190 items=0 ppid=1146 pid=19618 auid=4294967295 uid=0 gid=0 euid=0 suid=0 fsuid=0 egid=0 sgid=0 fsgid=0 tty=(none) ses=4294967295 comm="sshd" exe="/usr/sbin/sshd" subj=unconfined
type=SOCKADDR msg=audit(1733944100.644:86775): saddr=0A000016000000000000000000000000000000000000000000000000
type=PROCTITLE msg=audit(1733944100.644:86775): proctitle=2F7573722F7362696E2F73736864002D44002D52
type=SYSCALL msg=audit(1733944100.644:86776): arch=c000003e syscall=42 success=yes exit=0 a0=4 a1=7ffc714dd400 a2=10 a3=4 items=0 ppid=1146 pid=19618 auid=4294967295 uid=0 gid=0 euid=0 suid=0 fsuid=0 egid=0 sgid=0 fsgid=0 tty=(none) ses=4294967295 comm="sshd" exe="/usr/sbin/sshd" subj=unconfined
type=SOCKADDR msg=audit(1733944100.644:86776): saddr=00000000000000000000000000000000
type=PROCTITLE msg=audit(1733944100.644:86776): proctitle=2F7573722F7362696E2F73736864002D44002D52
type=SYSCALL msg=audit(1733944100.644:86777): arch=c000003e syscall=42 success=yes exit=0 a0=4 a1=561e399a0370 a2=10 a3=4 items=0 ppid=1146 pid=19618 auid=4294967295 uid=0 gid=0 euid=0 suid=0 fsuid=0 egid=0 sgid=0 fsgid=0 tty=(none) ses=4294967295 comm="sshd" exe="/usr/sbin/sshd" subj=unconfined
type=SOCKADDR msg=audit(1733944100.644:86777): saddr=02000016000000000000000000000000
type=PROCTITLE msg=audit(1733944100.644:86777): proctitle=2F7573722F7362696E2F73736864002D44002D52
type=SYSCALL msg=audit(1733944101.924:86780): arch=c000003e syscall=87 success=yes exit=0 a0=22040059db00 a1=56376d5898d1 a2=96ae3fe1e99aa017 a3=0 items=2 ppid=14448 pid=14486 auid=1003 uid=1003 gid=1004 euid=1003 suid=1003 fsuid=1003 egid=1004 sgid=1004 fsgid=1004 tty=pts0 ses=16 comm="Chrome_ChildIOT" exe="/opt/brave.com/brave/brave" subj=unconfined
type=CWD msg=audit(1733944101.924:86780): cwd="/home/alice"
type=PATH msg=audit(1733944101.924:86780): item=0 name="/dev/shm/" inode=1 dev=00:18 mode=041777 ouid=0 ogid=0 rdev=00:00 nametype=PARENT cap_fp=0 cap_fi=0 cap_fe=0 cap_fver=0 cap_frootid=0
type=PATH msg=audit(1733944101.924:86780): item=1 name="/dev/shm/.org.chromium.Chromium.btvTVA" inode=20945 dev=00:18 mode=0100600 ouid=1003 ogid=1004 rdev=00:00 nametype=DELETE cap_fp=0 cap_fi=0 cap_fe=0 cap_fver=0 cap_frootid=0
type=PROCTITLE msg=audit(1733944101.924:86780): proctitle=2F6F70742F62726176652E636F6D2F62726176652F6272617665202D2D747970653D7574696C697479202D2D7574696C6974792D7375622D747970653D6E6574776F726B2E6D6F6A6F6D2E4E6574776F726B53657276696365202D2D6C616E673D656E2D5553202D2D736572766963652D73616E64626F782D747970653D6E6F
type=SYSCALL msg=audit(1733944106.297:86781): arch=c000003e syscall=87 success=yes exit=0 a0=220401c37e40 a1=56376d5898d1 a2=81383068cbea872d a3=0 items=2 ppid=14448 pid=14486 auid=1003 uid=1003 gid=1004 euid=1003 suid=1003 fsuid=1003 egid=1004 sgid=1004 fsgid=1004 tty=pts0 ses=16 comm="Chrome_ChildIOT" exe="/opt/brave.com/brave/brave" subj=unconfined
type=CWD msg=audit(1733944106.297:86781): cwd="/home/alice"
type=PATH msg=audit(1733944106.297:86781): item=0 name="/dev/shm/" inode=1 dev=00:18 mode=041777 ouid=0 ogid=0 rdev=00:00 nametype=PARENT cap_fp=0 cap_fi=0 cap_fe=0 cap_fver=0 cap_frootid=0
type=PATH msg=audit(1733944106.297:86781): item=1 name="/dev/shm/.org.chromium.Chromium.q00QcA" inode=20946 dev=00:18 mode=0100600 ouid=1003 ogid=1004 rdev=00:00 nametype=DELETE cap_fp=0 cap_fi=0 cap_fe=0 cap_fver=0 cap_frootid=0
type=PROCTITLE msg=audit(1733944106.297:86781): proctitle=2F6F70742F62726176652E636F6D2F62726176652F6272617665202D2D747970653D7574696C697479202D2D7574696C6974792D7375622D747970653D6E6574776F726B2E6D6F6A6F6D2E4E6574776F726B53657276696365202D2D6C616E673D656E2D5553202D2D736572766963652D73616E64626F782D747970653D6E6F
type=SYSCALL msg=audit(1733944115.454:86783): arch=c000003e syscall=82 success=yes exit=0 a0=27dc0b2ef1e0 a1=27dc09558be0 a2=0 a3=7ffe271f7090 items=5 ppid=14442 pid=14448 auid=1003 uid=1003 gid=1004 euid=1003 suid=1003 fsuid=1003 egid=1004 sgid=1004 fsgid=1004 tty=pts0 ses=16 comm="ThreadPoolForeg" exe="/opt/brave.com/brave/brave" subj=unconfined
type=CWD msg=audit(1733944115.454:86783): cwd="/home/alice"
type=PATH msg=audit(1733944115.454:86783): item=0 name="/home/alice/.config/BraveSoftware/Brave-Browser/" inode=3097450 dev=08:01 mode=040700 ouid=1003 ogid=1004 rdev=00:00 nametype=PARENT cap_fp=0 cap_fi=0 cap_fe=0 cap_fver=0 cap_frootid=0
type=PATH msg=audit(1733944115.454:86783): item=1 name="/home/alice/.config/BraveSoftware/Brave-Browser/" inode=3097450 dev=08:01 mode=040700 ouid=1003 ogid=1004 rdev=00:00 nametype=PARENT cap_fp=0 cap_fi=0 cap_fe=0 cap_fver=0 cap_frootid=0
type=PATH msg=audit(1733944115.454:86783): item=2 name="/home/alice/.config/BraveSoftware/Brave-Browser/.org.chromium.Chromium.6JKQrH" inode=3099011 dev=08:01 mode=0100600 ouid=1003 ogid=1004 rdev=00:00 nametype=DELETE cap_fp=0 cap_fi=0 cap_fe=0 cap_fver=0 cap_frootid=0
type=PATH msg=audit(1733944115.454:86783): item=3 name=2F686F6D652F616C6963652F2E636F6E6669672F4272617665536F6674776172652F42726176652D42726F777365722F4C6F63616C205374617465 inode=3113721 dev=08:01 mode=0100600 ouid=1003 ogid=1004 rdev=00:00 nametype=DELETE cap_fp=0 cap_fi=0 cap_fe=0 cap_fver=0 cap_frootid=0
type=PATH msg=audit(1733944115.454:86783): item=4 name=2F686F6D652F616C6963652F2E636F6E6669672F4272617665536F6674776172652F42726176652D42726F777365722F4C6F63616C205374617465 inode=3099011 dev=08:01 mode=0100600 ouid=1003 ogid=1004 rdev=00:00 nametype=CREATE cap_fp=0 cap_fi=0 cap_fe=0 cap_fver=0 cap_frootid=0
type=PROCTITLE msg=audit(1733944115.454:86783): proctitle="/opt/brave.com/brave/brave"
type=SYSCALL msg=audit(1733944124.358:86784): arch=c000003e syscall=87 success=yes exit=0 a0=2204000125c0 a1=56376d5898d1 a2=4c0fdee15a5f9f71 a3=0 items=2 ppid=14448 pid=14486 auid=1003 uid=1003 gid=1004 euid=1003 suid=1003 fsuid=1003 egid=1004 sgid=1004 fsgid=1004 tty=pts0 ses=16 comm="Chrome_ChildIOT" exe="/opt/brave.com/brave/brave" subj=unconfined
type=CWD msg=audit(1733944124.358:86784): cwd="/home/alice"
type=PATH msg=audit(1733944124.358:86784): item=0 name="/dev/shm/" inode=1 dev=00:18 mode=041777 ouid=0 ogid=0 rdev=00:00 nametype=PARENT cap_fp=0 cap_fi=0 cap_fe=0 cap_fver=0 cap_frootid=0
type=PATH msg=audit(1733944124.358:86784): item=1 name="/dev/shm/.org.chromium.Chromium.8v8XGy" inode=20947 dev=00:18 mode=0100600 ouid=1003 ogid=1004 rdev=00:00 nametype=DELETE cap_fp=0 cap_fi=0 cap_fe=0 cap_fver=0 cap_frootid=0
type=PROCTITLE msg=audit(1733944124.358:86784): proctitle=2F6F70742F62726176652E636F6D2F62726176652F6272617665202D2D747970653D7574696C697479202D2D7574696C6974792D7375622D747970653D6E6574776F726B2E6D6F6A6F6D2E4E6574776F726B53657276696365202D2D6C616E673D656E2D5553202D2D736572766963652D73616E64626F782D747970653D6E6F
type=SYSCALL msg=audit(1733944124.362:86785): arch=c000003e syscall=42 success=yes exit=0 a0=19 a1=7fde5ca42090 a2=10 a3=56376d4945e8 items=0 ppid=14448 pid=14486 auid=1003 uid=1003 gid=1004 euid=1003 suid=1003 fsuid=1003 egid=1004 sgid=1004 fsgid=1004 tty=pts0 ses=16 comm="Chrome_ChildIOT" exe="/opt/brave.com/brave/brave" subj=unconfined
type=SOCKADDR msg=audit(1733944124.362:86785): saddr=020000357F0000350000000000000000
type=PROCTITLE msg=audit(1733944124.362:86785): proctitle=2F6F70742F62726176652E636F6D2F62726176652F6272617665202D2D747970653D7574696C697479202D2D7574696C6974792D7375622D747970653D6E6574776F726B2E6D6F6A6F6D2E4E6574776F726B53657276696365202D2D6C616E673D656E2D5553202D2D736572766963652D73616E64626F782D747970653D6E6F
type=SYSCALL msg=audit(1733944124.362:86786): arch=c000003e syscall=42 success=yes exit=0 a0=1d a1=7fde5ca41fb0 a2=10 a3=56376d4945e8 items=0 ppid=14448 pid=14486 auid=1003 uid=1003 gid=1004 euid=1003 suid=1003 fsuid=1003 egid=1004 sgid=1004 fsgid=1004 tty=pts0 ses=16 comm="Chrome_ChildIOT" exe="/opt/brave.com/brave/brave" subj=unconfined
type=SOCKADDR msg=audit(1733944124.362:86786): saddr=020000357F0000350000000000000000
type=PROCTITLE msg=audit(1733944124.362:86786): proctitle=2F6F70742F62726176652E636F6D2F62726176652F6272617665202D2D747970653D7574696C697479202D2D7574696C6974792D7375622D747970653D6E6574776F726B2E6D6F6A6F6D2E4E6574776F726B53657276696365202D2D6C616E673D656E2D5553202D2D736572766963652D73616E64626F782D747970653D6E6F
type=SYSCALL msg=audit(1733944124.366:86787): arch=c000003e syscall=42 success=yes exit=0 a0=f a1=7ffe59cdef30 a2=10 a3=7ffe59cdef2c items=0 ppid=1 pid=530 auid=4294967295 uid=101 gid=103 euid=101 suid=101 fsuid=101 egid=103 sgid=103 fsgid=103 tty=(none) ses=4294967295 comm="systemd-resolve" exe="/usr/lib/systemd/systemd-resolved" subj=unconfined
type=SOCKADDR msg=audit(1733944124.366:86787): saddr=02000035A9FEA9FE0000000000000000
type=PROCTITLE msg=audit(1733944124.366:86787): proctitle="/lib/systemd/systemd-resolved"
type=SYSCALL msg=audit(1733944124.366:86788): arch=c000003e syscall=42 success=yes exit=0 a0=10 a1=7ffe59cdef30 a2=10 a3=7ffe59cdef2c items=0 ppid=1 pid=530 auid=4294967295 uid=101 gid=103 euid=101 suid=101 fsuid=101 egid=103 sgid=103 fsgid=103 tty=(none) ses=4294967295 comm="systemd-resolve" exe="/usr/lib/systemd/systemd-resolved" subj=unconfined
type=SOCKADDR msg=audit(1733944124.366:86788): saddr=02000035A9FEA9FE0000000000000000
type=PROCTITLE msg=audit(1733944124.366:86788): proctitle="/lib/systemd/systemd-resolved"
type=SYSCALL msg=audit(1733944124.406:86789): arch=c000003e syscall=42 success=yes exit=0 a0=10 a1=7ffe59cdec20 a2=10 a3=7ffe59cdec1c items=0 ppid=1 pid=530 auid=4294967295 uid=101 gid=103 euid=101 suid=101 fsuid=101 egid=103 sgid=103 fsgid=103 tty=(none) ses=4294967295 comm="systemd-resolve" exe="/usr/lib/systemd/systemd-resolved" subj=unconfined
type=SOCKADDR msg=audit(1733944124.406:86789): saddr=02000035A9FEA9FE0000000000000000
type=PROCTITLE msg=audit(1733944124.406:86789): proctitle="/lib/systemd/systemd-resolved"
type=SYSCALL msg=audit(1733944126.751:86790): arch=c000003e syscall=87 success=yes exit=0 a0=220401c37600 a1=56376d5898d1 a2=e94d2a78f57bd790 a3=0 items=2 ppid=14448 pid=14486 auid=1003 uid=1003 gid=1004 euid=1003 suid=1003 fsuid=1003 egid=1004 sgid=1004 fsgid=1004 tty=pts0 ses=16 comm="Chrome_ChildIOT" exe="/opt/brave.com/brave/brave" subj=unconfined
type=CWD msg=audit(1733944126.751:86790): cwd="/home/alice"
type=PATH msg=audit(1733944126.751:86790): item=0 name="/dev/shm/" inode=1 dev=00:18 mode=041777 ouid=0 ogid=0 rdev=00:00 nametype=PARENT cap_fp=0 cap_fi=0 cap_fe=0 cap_fver=0 cap_frootid=0
type=PATH msg=audit(1733944126.751:86790): item=1 name="/dev/shm/.org.chromium.Chromium.uS0gyz" inode=20948 dev=00:18 mode=0100600 ouid=1003 ogid=1004 rdev=00:00 nametype=DELETE cap_fp=0 cap_fi=0 cap_fe=0 cap_fver=0 cap_frootid=0
type=PROCTITLE msg=audit(1733944126.751:86790): proctitle=2F6F70742F62726176652E636F6D2F62726176652F6272617665202D2D747970653D7574696C697479202D2D7574696C6974792D7375622D747970653D6E6574776F726B2E6D6F6A6F6D2E4E6574776F726B53657276696365202D2D6C616E673D656E2D5553202D2D736572766963652D73616E64626F782D747970653D6E6F
type=SYSCALL msg=audit(1733944127.159:86791): arch=c000003e syscall=92 success=yes exit=0 a0=55ca4aa21160 a1=3eb a2=3ec a3=55ca4a8a7010 items=1 ppid=8367 pid=8368 auid=1003 uid=1003 gid=1004 euid=1003 suid=1003 fsuid=1003 egid=1004 sgid=1004 fsgid=1004 tty=pts0 ses=16 comm="bash" exe="/usr/bin/bash" subj=unconfined
type=CWD msg=audit(1733944127.159:86791): cwd="/home/alice"
type=PATH msg=audit(1733944127.159:86791): item=0 name="/home/alice/.bash_history" inode=2884347 dev=08:01 mode=0100600 ouid=1003 ogid=1004 rdev=00:00 nametype=NORMAL cap_fp=0 cap_fi=0 cap_fe=0 cap_fver=0 cap_frootid=0
type=PROCTITLE msg=audit(1733944127.159:86791): proctitle="-bash"
type=SYSCALL msg=audit(1733944127.159:86792): arch=c000003e syscall=92 success=yes exit=0 a0=55ca4aa21160 a1=3eb a2=3ec a3=0 items=1 ppid=8367 pid=8368 auid=1003 uid=1003 gid=1004 euid=1003 suid=1003 fsuid=1003 egid=1004 sgid=1004 fsgid=1004 tty=pts0 ses=16 comm="bash" exe="/usr/bin/bash" subj=unconfined
type=CWD msg=audit(1733944127.159:86792): cwd="/home/alice"
type=PATH msg=audit(1733944127.159:86792): item=0 name="/home/alice/.bash_history" inode=2884347 dev=08:01 mode=0100600 ouid=1003 ogid=1004 rdev=00:00 nametype=NORMAL cap_fp=0 cap_fi=0 cap_fe=0 cap_fver=0 cap_frootid=0
type=PROCTITLE msg=audit(1733944127.159:86792): proctitle="-bash"
type=USER_END msg=audit(1733944127.203:86793): pid=8295 uid=0 auid=1003 ses=16 subj=unconfined msg='op=PAM:session_close grantors=pam_selinux,pam_loginuid,pam_keyinit,pam_permit,pam_umask,pam_unix,pam_systemd,pam_mail,pam_limits,pam_env,pam_env,pam_selinux acct="alice" exe="/usr/sbin/sshd" hostname=128.135.204.96 addr=128.135.204.96 terminal=ssh res=success'
type=CRED_DISP msg=audit(1733944127.203:86794): pid=8295 uid=0 auid=1003 ses=16 subj=unconfined msg='op=PAM:setcred grantors=pam_permit acct="alice" exe="/usr/sbin/sshd" hostname=128.135.204.96 addr=128.135.204.96 terminal=ssh res=success'
type=SYSCALL msg=audit(1733944127.783:86795): arch=c000003e syscall=87 success=yes exit=0 a0=2204001d6880 a1=56376d5898d1 a2=94dfe03e8d0649ac a3=0 items=2 ppid=14448 pid=14486 auid=1003 uid=1003 gid=1004 euid=1003 suid=1003 fsuid=1003 egid=1004 sgid=1004 fsgid=1004 tty=(none) ses=16 comm="Chrome_ChildIOT" exe="/opt/brave.com/brave/brave" subj=unconfined
type=CWD msg=audit(1733944127.783:86795): cwd="/home/alice"
type=PATH msg=audit(1733944127.783:86795): item=0 name="/dev/shm/" inode=1 dev=00:18 mode=041777 ouid=0 ogid=0 rdev=00:00 nametype=PARENT cap_fp=0 cap_fi=0 cap_fe=0 cap_fver=0 cap_frootid=0
type=PATH msg=audit(1733944127.783:86795): item=1 name="/dev/shm/.org.chromium.Chromium.skjCIx" inode=20949 dev=00:18 mode=0100600 ouid=1003 ogid=1004 rdev=00:00 nametype=DELETE cap_fp=0 cap_fi=0 cap_fe=0 cap_fver=0 cap_frootid=0
type=PROCTITLE msg=audit(1733944127.783:86795): proctitle=2F6F70742F62726176652E636F6D2F62726176652F6272617665202D2D747970653D7574696C697479202D2D7574696C6974792D7375622D747970653D6E6574776F726B2E6D6F6A6F6D2E4E6574776F726B53657276696365202D2D6C616E673D656E2D5553202D2D736572766963652D73616E64626F782D747970653D6E6F
type=SYSCALL msg=audit(1733944128.831:86796): arch=c000003e syscall=87 success=yes exit=0 a0=1c9402e04d40 a1=ffffffff a2=0 a3=1 items=2 ppid=6867 pid=17615 auid=1003 uid=1003 gid=1004 euid=1003 suid=1003 fsuid=1003 egid=1004 sgid=1004 fsgid=1004 tty=(none) ses=10 comm="Chrome_IOThread" exe="/usr/share/code/code" subj=unconfined
type=CWD msg=audit(1733944128.831:86796): cwd="/home/alice/Downloads"
type=PATH msg=audit(1733944128.831:86796): item=0 name="/dev/shm/" inode=1 dev=00:18 mode=041777 ouid=0 ogid=0 rdev=00:00 nametype=PARENT cap_fp=0 cap_fi=0 cap_fe=0 cap_fver=0 cap_frootid=0
type=PATH msg=audit(1733944128.831:86796): item=1 name="/dev/shm/.org.chromium.Chromium.RxNnnb" inode=20950 dev=00:18 mode=0100600 ouid=1003 ogid=1004 rdev=00:00 nametype=DELETE cap_fp=0 cap_fi=0 cap_fe=0 cap_fver=0 cap_frootid=0
type=PROCTITLE msg=audit(1733944128.831:86796): proctitle="/usr/share/code/code"
type=SYSCALL msg=audit(1733944128.835:86797): arch=c000003e syscall=87 success=yes exit=0 a0=1c9402e04d40 a1=ffffffff a2=0 a3=1 items=2 ppid=6867 pid=17615 auid=1003 uid=1003 gid=1004 euid=1003 suid=1003 fsuid=1003 egid=1004 sgid=1004 fsgid=1004 tty=(none) ses=10 comm="Chrome_IOThread" exe="/usr/share/code/code" subj=unconfined
type=CWD msg=audit(1733944128.835:86797): cwd="/home/alice/Downloads"
type=PATH msg=audit(1733944128.835:86797): item=0 name="/dev/shm/" inode=1 dev=00:18 mode=041777 ouid=0 ogid=0 rdev=00:00 nametype=PARENT cap_fp=0 cap_fi=0 cap_fe=0 cap_fver=0 cap_frootid=0
type=PATH msg=audit(1733944128.835:86797): item=1 name="/dev/shm/.org.chromium.Chromium.jo0nQa" inode=20951 dev=00:18 mode=0100600 ouid=1003 ogid=1004 rdev=00:00 nametype=DELETE cap_fp=0 cap_fi=0 cap_fe=0 cap_fver=0 cap_frootid=0
type=PROCTITLE msg=audit(1733944128.835:86797): proctitle="/usr/share/code/code"
type=SYSCALL msg=audit(1733944133.751:86798): arch=c000003e syscall=87 success=yes exit=0 a0=1c9402e07d80 a1=ffffffff a2=0 a3=1 items=2 ppid=6867 pid=17615 auid=1003 uid=1003 gid=1004 euid=1003 suid=1003 fsuid=1003 egid=1004 sgid=1004 fsgid=1004 tty=(none) ses=10 comm="Chrome_IOThread" exe="/usr/share/code/code" subj=unconfined
type=CWD msg=audit(1733944133.751:86798): cwd="/home/alice/Downloads"
type=PATH msg=audit(1733944133.751:86798): item=0 name="/dev/shm/" inode=1 dev=00:18 mode=041777 ouid=0 ogid=0 rdev=00:00 nametype=PARENT cap_fp=0 cap_fi=0 cap_fe=0 cap_fver=0 cap_frootid=0
type=PATH msg=audit(1733944133.751:86798): item=1 name="/dev/shm/.org.chromium.Chromium.soiJ27" inode=20952 dev=00:18 mode=0100600 ouid=1003 ogid=1004 rdev=00:00 nametype=DELETE cap_fp=0 cap_fi=0 cap_fe=0 cap_fver=0 cap_frootid=0
type=PROCTITLE msg=audit(1733944133.751:86798): proctitle="/usr/share/code/code"
type=SYSCALL msg=audit(1733944134.283:86799): arch=c000003e syscall=87 success=yes exit=0 a0=1c9402e07d80 a1=ffffffff a2=0 a3=1 items=2 ppid=6867 pid=17615 auid=1003 uid=1003 gid=1004 euid=1003 suid=1003 fsuid=1003 egid=1004 sgid=1004 fsgid=1004 tty=(none) ses=10 comm="Chrome_IOThread" exe="/usr/share/code/code" subj=unconfined
type=CWD msg=audit(1733944134.283:86799): cwd="/home/alice/Downloads"
type=PATH msg=audit(1733944134.283:86799): item=0 name="/dev/shm/" inode=1 dev=00:18 mode=041777 ouid=0 ogid=0 rdev=00:00 nametype=PARENT cap_fp=0 cap_fi=0 cap_fe=0 cap_fver=0 cap_frootid=0
type=PATH msg=audit(1733944134.283:86799): item=1 name="/dev/shm/.org.chromium.Chromium.tZHq4b" inode=20953 dev=00:18 mode=0100600 ouid=1003 ogid=1004 rdev=00:00 nametype=DELETE cap_fp=0 cap_fi=0 cap_fe=0 cap_fver=0 cap_frootid=0
type=PROCTITLE msg=audit(1733944134.283:86799): proctitle="/usr/share/code/code"
type=SYSCALL msg=audit(1733944134.295:86800): arch=c000003e syscall=87 success=yes exit=0 a0=1c9402e07d80 a1=ffffffff a2=0 a3=1 items=2 ppid=6867 pid=17615 auid=1003 uid=1003 gid=1004 euid=1003 suid=1003 fsuid=1003 egid=1004 sgid=1004 fsgid=1004 tty=(none) ses=10 comm="Chrome_IOThread" exe="/usr/share/code/code" subj=unconfined
type=CWD msg=audit(1733944134.295:86800): cwd="/home/alice/Downloads"
type=PATH msg=audit(1733944134.295:86800): item=0 name="/dev/shm/" inode=1 dev=00:18 mode=041777 ouid=0 ogid=0 rdev=00:00 nametype=PARENT cap_fp=0 cap_fi=0 cap_fe=0 cap_fver=0 cap_frootid=0
type=PATH msg=audit(1733944134.295:86800): item=1 name="/dev/shm/.org.chromium.Chromium.cQEknc" inode=20954 dev=00:18 mode=0100600 ouid=1003 ogid=1004 rdev=00:00 nametype=DELETE cap_fp=0 cap_fi=0 cap_fe=0 cap_fver=0 cap_frootid=0
type=PROCTITLE msg=audit(1733944134.295:86800): proctitle="/usr/share/code/code"
type=SYSCALL msg=audit(1733944134.395:86801): arch=c000003e syscall=87 success=yes exit=0 a0=1c9402e07d80 a1=ffffffff a2=0 a3=1 items=2 ppid=6867 pid=17615 auid=1003 uid=1003 gid=1004 euid=1003 suid=1003 fsuid=1003 egid=1004 sgid=1004 fsgid=1004 tty=(none) ses=10 comm="Chrome_IOThread" exe="/usr/share/code/code" subj=unconfined
type=CWD msg=audit(1733944134.395:86801): cwd="/home/alice/Downloads"
type=PATH msg=audit(1733944134.395:86801): item=0 name="/dev/shm/" inode=1 dev=00:18 mode=041777 ouid=0 ogid=0 rdev=00:00 nametype=PARENT cap_fp=0 cap_fi=0 cap_fe=0 cap_fver=0 cap_frootid=0
type=PATH msg=audit(1733944134.395:86801): item=1 name="/dev/shm/.org.chromium.Chromium.ryPeF9" inode=20955 dev=00:18 mode=0100600 ouid=1003 ogid=1004 rdev=00:00 nametype=DELETE cap_fp=0 cap_fi=0 cap_fe=0 cap_fver=0 cap_frootid=0
type=PROCTITLE msg=audit(1733944134.395:86801): proctitle="/usr/share/code/code"
type=SYSCALL msg=audit(1733944135.348:86802): arch=c000003e syscall=92 success=yes exit=0 a0=55ffa9d67c60 a1=3eb a2=3ec a3=0 items=1 ppid=12986 pid=12987 auid=1003 uid=1003 gid=1004 euid=1003 suid=1003 fsuid=1003 egid=1004 sgid=1004 fsgid=1004 tty=pts2 ses=21 comm="bash" exe="/usr/bin/bash" subj=unconfined
type=CWD msg=audit(1733944135.348:86802): cwd="/home"
type=PATH msg=audit(1733944135.348:86802): item=0 name="/home/alice/.bash_history" inode=2884347 dev=08:01 mode=0100600 ouid=1003 ogid=1004 rdev=00:00 nametype=NORMAL cap_fp=0 cap_fi=0 cap_fe=0 cap_fver=0 cap_frootid=0
type=PROCTITLE msg=audit(1733944135.348:86802): proctitle="-bash"
type=SYSCALL msg=audit(1733944135.348:86803): arch=c000003e syscall=92 success=yes exit=0 a0=55ffa9d67c60 a1=3eb a2=3ec a3=55ffa9c02010 items=1 ppid=12986 pid=12987 auid=1003 uid=1003 gid=1004 euid=1003 suid=1003 fsuid=1003 egid=1004 sgid=1004 fsgid=1004 tty=pts2 ses=21 comm="bash" exe="/usr/bin/bash" subj=unconfined
type=CWD msg=audit(1733944135.348:86803): cwd="/home"
type=PATH msg=audit(1733944135.348:86803): item=0 name="/home/alice/.bash_history" inode=2884347 dev=08:01 mode=0100600 ouid=1003 ogid=1004 rdev=00:00 nametype=NORMAL cap_fp=0 cap_fi=0 cap_fe=0 cap_fver=0 cap_frootid=0
type=PROCTITLE msg=audit(1733944135.348:86803): proctitle="-bash"
type=USER_END msg=audit(1733944135.384:86804): pid=12914 uid=0 auid=1003 ses=21 subj=unconfined msg='op=PAM:session_close grantors=pam_selinux,pam_loginuid,pam_keyinit,pam_permit,pam_umask,pam_unix,pam_systemd,pam_mail,pam_limits,pam_env,pam_env,pam_selinux acct="alice" exe="/usr/sbin/sshd" hostname=128.135.204.96 addr=128.135.204.96 terminal=ssh res=success'
type=CRED_DISP msg=audit(1733944135.384:86805): pid=12914 uid=0 auid=1003 ses=21 subj=unconfined msg='op=PAM:setcred grantors=pam_permit acct="alice" exe="/usr/sbin/sshd" hostname=128.135.204.96 addr=128.135.204.96 terminal=ssh res=success'
type=SYSCALL msg=audit(1733944135.452:86806): arch=c000003e syscall=82 success=yes exit=0 a0=27dc019dd9d0 a1=27dc0a957200 a2=0 a3=7ffe271f7090 items=5 ppid=14442 pid=14448 auid=1003 uid=1003 gid=1004 euid=1003 suid=1003 fsuid=1003 egid=1004 sgid=1004 fsgid=1004 tty=(none) ses=16 comm="ThreadPoolForeg" exe="/opt/brave.com/brave/brave" subj=unconfined
type=CWD msg=audit(1733944135.452:86806): cwd="/home/alice"
type=PATH msg=audit(1733944135.452:86806): item=0 name="/home/alice/.config/BraveSoftware/Brave-Browser/" inode=3097450 dev=08:01 mode=040700 ouid=1003 ogid=1004 rdev=00:00 nametype=PARENT cap_fp=0 cap_fi=0 cap_fe=0 cap_fver=0 cap_frootid=0
type=PATH msg=audit(1733944135.452:86806): item=1 name="/home/alice/.config/BraveSoftware/Brave-Browser/" inode=3097450 dev=08:01 mode=040700 ouid=1003 ogid=1004 rdev=00:00 nametype=PARENT cap_fp=0 cap_fi=0 cap_fe=0 cap_fver=0 cap_frootid=0
type=PATH msg=audit(1733944135.452:86806): item=2 name="/home/alice/.config/BraveSoftware/Brave-Browser/.org.chromium.Chromium.nTyHeI" inode=3113721 dev=08:01 mode=0100600 ouid=1003 ogid=1004 rdev=00:00 nametype=DELETE cap_fp=0 cap_fi=0 cap_fe=0 cap_fver=0 cap_frootid=0
type=PATH msg=audit(1733944135.452:86806): item=3 name=2F686F6D652F616C6963652F2E636F6E6669672F4272617665536F6674776172652F42726176652D42726F777365722F4C6F63616C205374617465 inode=3099011 dev=08:01 mode=0100600 ouid=1003 ogid=1004 rdev=00:00 nametype=DELETE cap_fp=0 cap_fi=0 cap_fe=0 cap_fver=0 cap_frootid=0
type=PATH msg=audit(1733944135.452:86806): item=4 name=2F686F6D652F616C6963652F2E636F6E6669672F4272617665536F6674776172652F42726176652D42726F777365722F4C6F63616C205374617465 inode=3113721 dev=08:01 mode=0100600 ouid=1003 ogid=1004 rdev=00:00 nametype=CREATE cap_fp=0 cap_fi=0 cap_fe=0 cap_fver=0 cap_frootid=0
type=PROCTITLE msg=audit(1733944135.452:86806): proctitle="/opt/brave.com/brave/brave"
type=SYSCALL msg=audit(1733944136.908:86807): arch=c000003e syscall=92 success=yes exit=0 a0=5611c34ddb40 a1=3eb a2=3ec a3=0 items=1 ppid=12276 pid=12277 auid=1003 uid=1003 gid=1004 euid=1003 suid=1003 fsuid=1003 egid=1004 sgid=1004 fsgid=1004 tty=pts1 ses=20 comm="bash" exe="/usr/bin/bash" subj=unconfined
type=CWD msg=audit(1733944136.908:86807): cwd="/home/alice"
type=PATH msg=audit(1733944136.908:86807): item=0 name="/home/alice/.bash_history" inode=2884347 dev=08:01 mode=0100600 ouid=1003 ogid=1004 rdev=00:00 nametype=NORMAL cap_fp=0 cap_fi=0 cap_fe=0 cap_fver=0 cap_frootid=0
type=PROCTITLE msg=audit(1733944136.908:86807): proctitle="-bash"
type=SYSCALL msg=audit(1733944136.908:86808): arch=c000003e syscall=92 success=yes exit=0 a0=5611c34ddb40 a1=3eb a2=3ec a3=5611c33dc010 items=1 ppid=12276 pid=12277 auid=1003 uid=1003 gid=1004 euid=1003 suid=1003 fsuid=1003 egid=1004 sgid=1004 fsgid=1004 tty=pts1 ses=20 comm="bash" exe="/usr/bin/bash" subj=unconfined
type=CWD msg=audit(1733944136.908:86808): cwd="/home/alice"
type=PATH msg=audit(1733944136.908:86808): item=0 name="/home/alice/.bash_history" inode=2884347 dev=08:01 mode=0100600 ouid=1003 ogid=1004 rdev=00:00 nametype=NORMAL cap_fp=0 cap_fi=0 cap_fe=0 cap_fver=0 cap_frootid=0
type=PROCTITLE msg=audit(1733944136.908:86808): proctitle="-bash"
type=SYSCALL msg=audit(1733944138.664:86809): arch=c000003e syscall=87 success=yes exit=0 a0=220400611e40 a1=56376d5898d1 a2=5d9ec6fadd2ae465 a3=0 items=2 ppid=14448 pid=14486 auid=1003 uid=1003 gid=1004 euid=1003 suid=1003 fsuid=1003 egid=1004 sgid=1004 fsgid=1004 tty=(none) ses=16 comm="Chrome_ChildIOT" exe="/opt/brave.com/brave/brave" subj=unconfined
type=CWD msg=audit(1733944138.664:86809): cwd="/home/alice"
type=PATH msg=audit(1733944138.664:86809): item=0 name="/dev/shm/" inode=1 dev=00:18 mode=041777 ouid=0 ogid=0 rdev=00:00 nametype=PARENT cap_fp=0 cap_fi=0 cap_fe=0 cap_fver=0 cap_frootid=0
type=PATH msg=audit(1733944138.664:86809): item=1 name="/dev/shm/.org.chromium.Chromium.AKNCFy" inode=20956 dev=00:18 mode=0100600 ouid=1003 ogid=1004 rdev=00:00 nametype=DELETE cap_fp=0 cap_fi=0 cap_fe=0 cap_fver=0 cap_frootid=0
type=PROCTITLE msg=audit(1733944138.664:86809): proctitle=2F6F70742F62726176652E636F6D2F62726176652F6272617665202D2D747970653D7574696C697479202D2D7574696C6974792D7375622D747970653D6E6574776F726B2E6D6F6A6F6D2E4E6574776F726B53657276696365202D2D6C616E673D656E2D5553202D2D736572766963652D73616E64626F782D747970653D6E6F
type=USER_END msg=audit(1733944140.464:86810): pid=12178 uid=0 auid=1003 ses=20 subj=unconfined msg='op=PAM:session_close grantors=pam_selinux,pam_loginuid,pam_keyinit,pam_permit,pam_umask,pam_unix,pam_systemd,pam_mail,pam_limits,pam_env,pam_env,pam_selinux acct="alice" exe="/usr/sbin/sshd" hostname=128.135.204.96 addr=128.135.204.96 terminal=ssh res=success'
type=CRED_DISP msg=audit(1733944140.464:86811): pid=12178 uid=0 auid=1003 ses=20 subj=unconfined msg='op=PAM:setcred grantors=pam_permit acct="alice" exe="/usr/sbin/sshd" hostname=128.135.204.96 addr=128.135.204.96 terminal=ssh res=success'
type=SYSCALL msg=audit(1733944143.836:86812): arch=c000003e syscall=87 success=yes exit=0 a0=220400611940 a1=56376d5898d1 a2=7735329a12178921 a3=0 items=2 ppid=14448 pid=14486 auid=1003 uid=1003 gid=1004 euid=1003 suid=1003 fsuid=1003 egid=1004 sgid=1004 fsgid=1004 tty=(none) ses=16 comm="Chrome_ChildIOT" exe="/opt/brave.com/brave/brave" subj=unconfined
type=CWD msg=audit(1733944143.836:86812): cwd="/home/alice"
type=PATH msg=audit(1733944143.836:86812): item=0 name="/dev/shm/" inode=1 dev=00:18 mode=041777 ouid=0 ogid=0 rdev=00:00 nametype=PARENT cap_fp=0 cap_fi=0 cap_fe=0 cap_fver=0 cap_frootid=0
type=PATH msg=audit(1733944143.836:86812): item=1 name="/dev/shm/.org.chromium.Chromium.06EeXw" inode=20957 dev=00:18 mode=0100600 ouid=1003 ogid=1004 rdev=00:00 nametype=DELETE cap_fp=0 cap_fi=0 cap_fe=0 cap_fver=0 cap_frootid=0
type=PROCTITLE msg=audit(1733944143.836:86812): proctitle=2F6F70742F62726176652E636F6D2F62726176652F6272617665202D2D747970653D7574696C697479202D2D7574696C6974792D7375622D747970653D6E6574776F726B2E6D6F6A6F6D2E4E6574776F726B53657276696365202D2D6C616E673D656E2D5553202D2D736572766963652D73616E64626F782D747970653D6E6F
type=SYSCALL msg=audit(1733944153.069:86813): arch=c000003e syscall=87 success=yes exit=0 a0=220400613d00 a1=56376d5898d1 a2=64ecbb1e9f623fdc a3=0 items=2 ppid=14448 pid=14486 auid=1003 uid=1003 gid=1004 euid=1003 suid=1003 fsuid=1003 egid=1004 sgid=1004 fsgid=1004 tty=(none) ses=16 comm="Chrome_ChildIOT" exe="/opt/brave.com/brave/brave" subj=unconfined
type=CWD msg=audit(1733944153.069:86813): cwd="/home/alice"
type=PATH msg=audit(1733944153.069:86813): item=0 name="/dev/shm/" inode=1 dev=00:18 mode=041777 ouid=0 ogid=0 rdev=00:00 nametype=PARENT cap_fp=0 cap_fi=0 cap_fe=0 cap_fver=0 cap_frootid=0
type=PATH msg=audit(1733944153.069:86813): item=1 name="/dev/shm/.org.chromium.Chromium.H01NsA" inode=20958 dev=00:18 mode=0100600 ouid=1003 ogid=1004 rdev=00:00 nametype=DELETE cap_fp=0 cap_fi=0 cap_fe=0 cap_fver=0 cap_frootid=0
type=PROCTITLE msg=audit(1733944153.069:86813): proctitle=2F6F70742F62726176652E636F6D2F62726176652F6272617665202D2D747970653D7574696C697479202D2D7574696C6974792D7375622D747970653D6E6574776F726B2E6D6F6A6F6D2E4E6574776F726B53657276696365202D2D6C616E673D656E2D5553202D2D736572766963652D73616E64626F782D747970653D6E6F
type=SYSCALL msg=audit(1733944154.586:86814): arch=c000003e syscall=87 success=yes exit=0 a0=2204001d58c0 a1=56376d5898d1 a2=97a87c53683afdf8 a3=0 items=2 ppid=14448 pid=14486 auid=1003 uid=1003 gid=1004 euid=1003 suid=1003 fsuid=1003 egid=1004 sgid=1004 fsgid=1004 tty=(none) ses=16 comm="Chrome_ChildIOT" exe="/opt/brave.com/brave/brave" subj=unconfined
type=CWD msg=audit(1733944154.586:86814): cwd="/home/alice"
type=PATH msg=audit(1733944154.586:86814): item=0 name="/dev/shm/" inode=1 dev=00:18 mode=041777 ouid=0 ogid=0 rdev=00:00 nametype=PARENT cap_fp=0 cap_fi=0 cap_fe=0 cap_fver=0 cap_frootid=0
type=PATH msg=audit(1733944154.586:86814): item=1 name="/dev/shm/.org.chromium.Chromium.ZVmweA" inode=20959 dev=00:18 mode=0100600 ouid=1003 ogid=1004 rdev=00:00 nametype=DELETE cap_fp=0 cap_fi=0 cap_fe=0 cap_fver=0 cap_frootid=0
type=PROCTITLE msg=audit(1733944154.586:86814): proctitle=2F6F70742F62726176652E636F6D2F62726176652F6272617665202D2D747970653D7574696C697479202D2D7574696C6974792D7375622D747970653D6E6574776F726B2E6D6F6A6F6D2E4E6574776F726B53657276696365202D2D6C616E673D656E2D5553202D2D736572766963652D73616E64626F782D747970653D6E6F
type=SYSCALL msg=audit(1733944155.454:86815): arch=c000003e syscall=82 success=yes exit=0 a0=27dc00d707e0 a1=27dc09559cc0 a2=0 a3=7ffe271f7090 items=5 ppid=14442 pid=14448 auid=1003 uid=1003 gid=1004 euid=1003 suid=1003 fsuid=1003 egid=1004 sgid=1004 fsgid=1004 tty=(none) ses=16 comm="ThreadPoolForeg" exe="/opt/brave.com/brave/brave" subj=unconfined
type=CWD msg=audit(1733944155.454:86815): cwd="/home/alice"
type=PATH msg=audit(1733944155.454:86815): item=0 name="/home/alice/.config/BraveSoftware/Brave-Browser/" inode=3097450 dev=08:01 mode=040700 ouid=1003 ogid=1004 rdev=00:00 nametype=PARENT cap_fp=0 cap_fi=0 cap_fe=0 cap_fver=0 cap_frootid=0
type=PATH msg=audit(1733944155.454:86815): item=1 name="/home/alice/.config/BraveSoftware/Brave-Browser/" inode=3097450 dev=08:01 mode=040700 ouid=1003 ogid=1004 rdev=00:00 nametype=PARENT cap_fp=0 cap_fi=0 cap_fe=0 cap_fver=0 cap_frootid=0
type=PATH msg=audit(1733944155.454:86815): item=2 name="/home/alice/.config/BraveSoftware/Brave-Browser/.org.chromium.Chromium.072cpF" inode=3099011 dev=08:01 mode=0100600 ouid=1003 ogid=1004 rdev=00:00 nametype=DELETE cap_fp=0 cap_fi=0 cap_fe=0 cap_fver=0 cap_frootid=0
type=PATH msg=audit(1733944155.454:86815): item=3 name=2F686F6D652F616C6963652F2E636F6E6669672F4272617665536F6674776172652F42726176652D42726F777365722F4C6F63616C205374617465 inode=3113721 dev=08:01 mode=0100600 ouid=1003 ogid=1004 rdev=00:00 nametype=DELETE cap_fp=0 cap_fi=0 cap_fe=0 cap_fver=0 cap_frootid=0
type=PATH msg=audit(1733944155.454:86815): item=4 name=2F686F6D652F616C6963652F2E636F6E6669672F4272617665536F6674776172652F42726176652D42726F777365722F4C6F63616C205374617465 inode=3099011 dev=08:01 mode=0100600 ouid=1003 ogid=1004 rdev=00:00 nametype=CREATE cap_fp=0 cap_fi=0 cap_fe=0 cap_fver=0 cap_frootid=0
type=PROCTITLE msg=audit(1733944155.454:86815): proctitle="/opt/brave.com/brave/brave"
type=SYSCALL msg=audit(1733944157.254:86816): arch=c000003e syscall=59 success=yes exit=0 a0=55fd6fd08980 a1=55fd6fd2eac0 a2=55fd6fd089c0 a3=55fd3d253788 items=2 ppid=1146 pid=19622 auid=4294967295 uid=0 gid=0 euid=0 suid=0 fsuid=0 egid=0 sgid=0 fsgid=0 tty=(none) ses=4294967295 comm="sshd" exe="/usr/sbin/sshd" subj=unconfined
type=EXECVE msg=audit(1733944157.254:86816): argc=3 a0="/usr/sbin/sshd" a1="-D" a2="-R"
type=CWD msg=audit(1733944157.254:86816): cwd="/"
type=PATH msg=audit(1733944157.254:86816): item=0 name="/usr/sbin/sshd" inode=2879 dev=08:01 mode=0100755 ouid=0 ogid=0 rdev=00:00 nametype=NORMAL cap_fp=0 cap_fi=0 cap_fe=0 cap_fver=0 cap_frootid=0
type=PATH msg=audit(1733944157.254:86816): item=1 name="/lib64/ld-linux-x86-64.so.2" inode=4742 dev=08:01 mode=0100755 ouid=0 ogid=0 rdev=00:00 nametype=NORMAL cap_fp=0 cap_fi=0 cap_fe=0 cap_fver=0 cap_frootid=0
type=PROCTITLE msg=audit(1733944157.254:86816): proctitle=2F7573722F7362696E2F73736864002D44002D52
type=SYSCALL msg=audit(1733944157.258:86817): arch=c000003e syscall=42 success=yes exit=0 a0=4 a1=561e75fad880 a2=1c a3=7ffcda7bec50 items=0 ppid=1146 pid=19622 auid=4294967295 uid=0 gid=0 euid=0 suid=0 fsuid=0 egid=0 sgid=0 fsgid=0 tty=(none) ses=4294967295 comm="sshd" exe="/usr/sbin/sshd" subj=unconfined
type=SOCKADDR msg=audit(1733944157.258:86817): saddr=0A000016000000000000000000000000000000000000000000000000
type=PROCTITLE msg=audit(1733944157.258:86817): proctitle=2F7573722F7362696E2F73736864002D44002D52
type=SYSCALL msg=audit(1733944157.258:86818): arch=c000003e syscall=42 success=yes exit=0 a0=4 a1=7ffcda7beec0 a2=10 a3=4 items=0 ppid=1146 pid=19622 auid=4294967295 uid=0 gid=0 euid=0 suid=0 fsuid=0 egid=0 sgid=0 fsgid=0 tty=(none) ses=4294967295 comm="sshd" exe="/usr/sbin/sshd" subj=unconfined
type=SOCKADDR msg=audit(1733944157.258:86818): saddr=00000000000000000000000000000000
type=PROCTITLE msg=audit(1733944157.258:86818): proctitle=2F7573722F7362696E2F73736864002D44002D52
type=SYSCALL msg=audit(1733944157.258:86819): arch=c000003e syscall=42 success=yes exit=0 a0=4 a1=561e75fae370 a2=10 a3=4 items=0 ppid=1146 pid=19622 auid=4294967295 uid=0 gid=0 euid=0 suid=0 fsuid=0 egid=0 sgid=0 fsgid=0 tty=(none) ses=4294967295 comm="sshd" exe="/usr/sbin/sshd" subj=unconfined
type=SOCKADDR msg=audit(1733944157.258:86819): saddr=02000016000000000000000000000000
type=PROCTITLE msg=audit(1733944157.258:86819): proctitle=2F7573722F7362696E2F73736864002D44002D52
type=SYSCALL msg=audit(1733944158.530:86821): arch=c000003e syscall=59 success=yes exit=0 a0=55fd6fd08980 a1=55fd6fd2eac0 a2=55fd6fd089c0 a3=55fd3d253788 items=2 ppid=1146 pid=19624 auid=4294967295 uid=0 gid=0 euid=0 suid=0 fsuid=0 egid=0 sgid=0 fsgid=0 tty=(none) ses=4294967295 comm="sshd" exe="/usr/sbin/sshd" subj=unconfined
type=EXECVE msg=audit(1733944158.530:86821): argc=3 a0="/usr/sbin/sshd" a1="-D" a2="-R"
type=CWD msg=audit(1733944158.530:86821): cwd="/"
type=PATH msg=audit(1733944158.530:86821): item=0 name="/usr/sbin/sshd" inode=2879 dev=08:01 mode=0100755 ouid=0 ogid=0 rdev=00:00 nametype=NORMAL cap_fp=0 cap_fi=0 cap_fe=0 cap_fver=0 cap_frootid=0
type=PATH msg=audit(1733944158.530:86821): item=1 name="/lib64/ld-linux-x86-64.so.2" inode=4742 dev=08:01 mode=0100755 ouid=0 ogid=0 rdev=00:00 nametype=NORMAL cap_fp=0 cap_fi=0 cap_fe=0 cap_fver=0 cap_frootid=0
type=PROCTITLE msg=audit(1733944158.530:86821): proctitle=2F7573722F7362696E2F73736864002D44002D52
type=SYSCALL msg=audit(1733944158.534:86822): arch=c000003e syscall=42 success=yes exit=0 a0=4 a1=55d4f201f880 a2=1c a3=7ffdff815300 items=0 ppid=1146 pid=19624 auid=4294967295 uid=0 gid=0 euid=0 suid=0 fsuid=0 egid=0 sgid=0 fsgid=0 tty=(none) ses=4294967295 comm="sshd" exe="/usr/sbin/sshd" subj=unconfined
type=SOCKADDR msg=audit(1733944158.534:86822): saddr=0A000016000000000000000000000000000000000000000000000000
type=PROCTITLE msg=audit(1733944158.534:86822): proctitle=2F7573722F7362696E2F73736864002D44002D52
type=SYSCALL msg=audit(1733944158.534:86823): arch=c000003e syscall=42 success=yes exit=0 a0=4 a1=7ffdff815570 a2=10 a3=4 items=0 ppid=1146 pid=19624 auid=4294967295 uid=0 gid=0 euid=0 suid=0 fsuid=0 egid=0 sgid=0 fsgid=0 tty=(none) ses=4294967295 comm="sshd" exe="/usr/sbin/sshd" subj=unconfined
type=SOCKADDR msg=audit(1733944158.534:86823): saddr=00000000000000000000000000000000
type=PROCTITLE msg=audit(1733944158.534:86823): proctitle=2F7573722F7362696E2F73736864002D44002D52
type=SYSCALL msg=audit(1733944158.534:86824): arch=c000003e syscall=42 success=yes exit=0 a0=4 a1=55d4f2020370 a2=10 a3=4 items=0 ppid=1146 pid=19624 auid=4294967295 uid=0 gid=0 euid=0 suid=0 fsuid=0 egid=0 sgid=0 fsgid=0 tty=(none) ses=4294967295 comm="sshd" exe="/usr/sbin/sshd" subj=unconfined
type=SOCKADDR msg=audit(1733944158.534:86824): saddr=02000016000000000000000000000000
type=PROCTITLE msg=audit(1733944158.534:86824): proctitle=2F7573722F7362696E2F73736864002D44002D52
type=SYSCALL msg=audit(1733944159.370:86826): arch=c000003e syscall=59 success=yes exit=0 a0=55fd6fd08980 a1=55fd6fd2eac0 a2=55fd6fd089c0 a3=55fd3d253788 items=2 ppid=1146 pid=19626 auid=4294967295 uid=0 gid=0 euid=0 suid=0 fsuid=0 egid=0 sgid=0 fsgid=0 tty=(none) ses=4294967295 comm="sshd" exe="/usr/sbin/sshd" subj=unconfined
type=EXECVE msg=audit(1733944159.370:86826): argc=3 a0="/usr/sbin/sshd" a1="-D" a2="-R"
type=CWD msg=audit(1733944159.370:86826): cwd="/"
type=PATH msg=audit(1733944159.370:86826): item=0 name="/usr/sbin/sshd" inode=2879 dev=08:01 mode=0100755 ouid=0 ogid=0 rdev=00:00 nametype=NORMAL cap_fp=0 cap_fi=0 cap_fe=0 cap_fver=0 cap_frootid=0
type=PATH msg=audit(1733944159.370:86826): item=1 name="/lib64/ld-linux-x86-64.so.2" inode=4742 dev=08:01 mode=0100755 ouid=0 ogid=0 rdev=00:00 nametype=NORMAL cap_fp=0 cap_fi=0 cap_fe=0 cap_fver=0 cap_frootid=0
type=PROCTITLE msg=audit(1733944159.370:86826): proctitle=2F7573722F7362696E2F73736864002D44002D52
type=SYSCALL msg=audit(1733944159.374:86827): arch=c000003e syscall=42 success=yes exit=0 a0=4 a1=55f10f52c880 a2=1c a3=7ffc815a2cc0 items=0 ppid=1146 pid=19626 auid=4294967295 uid=0 gid=0 euid=0 suid=0 fsuid=0 egid=0 sgid=0 fsgid=0 tty=(none) ses=4294967295 comm="sshd" exe="/usr/sbin/sshd" subj=unconfined
type=SOCKADDR msg=audit(1733944159.374:86827): saddr=0A000016000000000000000000000000000000000000000000000000
type=PROCTITLE msg=audit(1733944159.374:86827): proctitle=2F7573722F7362696E2F73736864002D44002D52
type=SYSCALL msg=audit(1733944159.374:86828): arch=c000003e syscall=42 success=yes exit=0 a0=4 a1=7ffc815a2f30 a2=10 a3=4 items=0 ppid=1146 pid=19626 auid=4294967295 uid=0 gid=0 euid=0 suid=0 fsuid=0 egid=0 sgid=0 fsgid=0 tty=(none) ses=4294967295 comm="sshd" exe="/usr/sbin/sshd" subj=unconfined
type=SOCKADDR msg=audit(1733944159.374:86828): saddr=00000000000000000000000000000000
type=PROCTITLE msg=audit(1733944159.374:86828): proctitle=2F7573722F7362696E2F73736864002D44002D52
type=SYSCALL msg=audit(1733944159.374:86829): arch=c000003e syscall=42 success=yes exit=0 a0=4 a1=55f10f52d370 a2=10 a3=4 items=0 ppid=1146 pid=19626 auid=4294967295 uid=0 gid=0 euid=0 suid=0 fsuid=0 egid=0 sgid=0 fsgid=0 tty=(none) ses=4294967295 comm="sshd" exe="/usr/sbin/sshd" subj=unconfined
type=SOCKADDR msg=audit(1733944159.374:86829): saddr=02000016000000000000000000000000
type=PROCTITLE msg=audit(1733944159.374:86829): proctitle=2F7573722F7362696E2F73736864002D44002D52
type=SYSCALL msg=audit(1733944163.858:86831): arch=c000003e syscall=87 success=yes exit=0 a0=22040059d4c0 a1=56376d5898d1 a2=a822c145791257a4 a3=0 items=2 ppid=14448 pid=14486 auid=1003 uid=1003 gid=1004 euid=1003 suid=1003 fsuid=1003 egid=1004 sgid=1004 fsgid=1004 tty=(none) ses=16 comm="Chrome_ChildIOT" exe="/opt/brave.com/brave/brave" subj=unconfined
type=CWD msg=audit(1733944163.858:86831): cwd="/home/alice"
type=PATH msg=audit(1733944163.858:86831): item=0 name="/dev/shm/" inode=1 dev=00:18 mode=041777 ouid=0 ogid=0 rdev=00:00 nametype=PARENT cap_fp=0 cap_fi=0 cap_fe=0 cap_fver=0 cap_frootid=0
type=PATH msg=audit(1733944163.858:86831): item=1 name="/dev/shm/.org.chromium.Chromium.yxUgQA" inode=20960 dev=00:18 mode=0100600 ouid=1003 ogid=1004 rdev=00:00 nametype=DELETE cap_fp=0 cap_fi=0 cap_fe=0 cap_fver=0 cap_frootid=0
type=PROCTITLE msg=audit(1733944163.858:86831): proctitle=2F6F70742F62726176652E636F6D2F62726176652F6272617665202D2D747970653D7574696C697479202D2D7574696C6974792D7375622D747970653D6E6574776F726B2E6D6F6A6F6D2E4E6574776F726B53657276696365202D2D6C616E673D656E2D5553202D2D736572766963652D73616E64626F782D747970653D6E6F
type=SYSCALL msg=audit(1733944171.679:86832): arch=c000003e syscall=87 success=yes exit=0 a0=220401c34cc0 a1=56376d5898d1 a2=f0ef35b99b217a9b a3=0 items=2 ppid=14448 pid=14486 auid=1003 uid=1003 gid=1004 euid=1003 suid=1003 fsuid=1003 egid=1004 sgid=1004 fsgid=1004 tty=(none) ses=16 comm="Chrome_ChildIOT" exe="/opt/brave.com/brave/brave" subj=unconfined
type=CWD msg=audit(1733944171.679:86832): cwd="/home/alice"
type=PATH msg=audit(1733944171.679:86832): item=0 name="/dev/shm/" inode=1 dev=00:18 mode=041777 ouid=0 ogid=0 rdev=00:00 nametype=PARENT cap_fp=0 cap_fi=0 cap_fe=0 cap_fver=0 cap_frootid=0
type=PATH msg=audit(1733944171.679:86832): item=1 name="/dev/shm/.org.chromium.Chromium.cDV7ox" inode=20961 dev=00:18 mode=0100600 ouid=1003 ogid=1004 rdev=00:00 nametype=DELETE cap_fp=0 cap_fi=0 cap_fe=0 cap_fver=0 cap_frootid=0
type=PROCTITLE msg=audit(1733944171.679:86832): proctitle=2F6F70742F62726176652E636F6D2F62726176652F6272617665202D2D747970653D7574696C697479202D2D7574696C6974792D7375622D747970653D6E6574776F726B2E6D6F6A6F6D2E4E6574776F726B53657276696365202D2D6C616E673D656E2D5553202D2D736572766963652D73616E64626F782D747970653D6E6F
type=SYSCALL msg=audit(1733944175.452:86833): arch=c000003e syscall=82 success=yes exit=0 a0=27dc01164540 a1=27dc0e17fa20 a2=0 a3=7ffe271f7090 items=5 ppid=14442 pid=14448 auid=1003 uid=1003 gid=1004 euid=1003 suid=1003 fsuid=1003 egid=1004 sgid=1004 fsgid=1004 tty=(none) ses=16 comm="ThreadPoolForeg" exe="/opt/brave.com/brave/brave" subj=unconfined
type=CWD msg=audit(1733944175.452:86833): cwd="/home/alice"
type=PATH msg=audit(1733944175.452:86833): item=0 name="/home/alice/.config/BraveSoftware/Brave-Browser/" inode=3097450 dev=08:01 mode=040700 ouid=1003 ogid=1004 rdev=00:00 nametype=PARENT cap_fp=0 cap_fi=0 cap_fe=0 cap_fver=0 cap_frootid=0
type=PATH msg=audit(1733944175.452:86833): item=1 name="/home/alice/.config/BraveSoftware/Brave-Browser/" inode=3097450 dev=08:01 mode=040700 ouid=1003 ogid=1004 rdev=00:00 nametype=PARENT cap_fp=0 cap_fi=0 cap_fe=0 cap_fver=0 cap_frootid=0
type=PATH msg=audit(1733944175.452:86833): item=2 name="/home/alice/.config/BraveSoftware/Brave-Browser/.org.chromium.Chromium.Quxc7H" inode=3113721 dev=08:01 mode=0100600 ouid=1003 ogid=1004 rdev=00:00 nametype=DELETE cap_fp=0 cap_fi=0 cap_fe=0 cap_fver=0 cap_frootid=0
type=PATH msg=audit(1733944175.452:86833): item=3 name=2F686F6D652F616C6963652F2E636F6E6669672F4272617665536F6674776172652F42726176652D42726F777365722F4C6F63616C205374617465 inode=3099011 dev=08:01 mode=0100600 ouid=1003 ogid=1004 rdev=00:00 nametype=DELETE cap_fp=0 cap_fi=0 cap_fe=0 cap_fver=0 cap_frootid=0
type=PATH msg=audit(1733944175.452:86833): item=4 name=2F686F6D652F616C6963652F2E636F6E6669672F4272617665536F6674776172652F42726176652D42726F777365722F4C6F63616C205374617465 inode=3113721 dev=08:01 mode=0100600 ouid=1003 ogid=1004 rdev=00:00 nametype=CREATE cap_fp=0 cap_fi=0 cap_fe=0 cap_fver=0 cap_frootid=0
type=PROCTITLE msg=audit(1733944175.452:86833): proctitle="/opt/brave.com/brave/brave"
type=SYSCALL msg=audit(1733944177.944:86834): arch=c000003e syscall=87 success=yes exit=0 a0=22040059e3c0 a1=56376d5898d1 a2=8839e542a6d7ec97 a3=0 items=2 ppid=14448 pid=14486 auid=1003 uid=1003 gid=1004 euid=1003 suid=1003 fsuid=1003 egid=1004 sgid=1004 fsgid=1004 tty=(none) ses=16 comm="Chrome_ChildIOT" exe="/opt/brave.com/brave/brave" subj=unconfined
type=CWD msg=audit(1733944177.944:86834): cwd="/home/alice"
type=PATH msg=audit(1733944177.944:86834): item=0 name="/dev/shm/" inode=1 dev=00:18 mode=041777 ouid=0 ogid=0 rdev=00:00 nametype=PARENT cap_fp=0 cap_fi=0 cap_fe=0 cap_fver=0 cap_frootid=0
type=PATH msg=audit(1733944177.944:86834): item=1 name="/dev/shm/.org.chromium.Chromium.0dGhmz" inode=20962 dev=00:18 mode=0100600 ouid=1003 ogid=1004 rdev=00:00 nametype=DELETE cap_fp=0 cap_fi=0 cap_fe=0 cap_fver=0 cap_frootid=0
type=PROCTITLE msg=audit(1733944177.944:86834): proctitle=2F6F70742F62726176652E636F6D2F62726176652F6272617665202D2D747970653D7574696C697479202D2D7574696C6974792D7375622D747970653D6E6574776F726B2E6D6F6A6F6D2E4E6574776F726B53657276696365202D2D6C616E673D656E2D5553202D2D736572766963652D73616E64626F782D747970653D6E6F
type=SYSCALL msg=audit(1733944178.384:86835): arch=c000003e syscall=87 success=yes exit=0 a0=22040059fb40 a1=56376d5898d1 a2=708626756e4d7702 a3=0 items=2 ppid=14448 pid=14486 auid=1003 uid=1003 gid=1004 euid=1003 suid=1003 fsuid=1003 egid=1004 sgid=1004 fsgid=1004 tty=(none) ses=16 comm="Chrome_ChildIOT" exe="/opt/brave.com/brave/brave" subj=unconfined
type=CWD msg=audit(1733944178.384:86835): cwd="/home/alice"
type=PATH msg=audit(1733944178.384:86835): item=0 name="/dev/shm/" inode=1 dev=00:18 mode=041777 ouid=0 ogid=0 rdev=00:00 nametype=PARENT cap_fp=0 cap_fi=0 cap_fe=0 cap_fver=0 cap_frootid=0
type=PATH msg=audit(1733944178.384:86835): item=1 name="/dev/shm/.org.chromium.Chromium.EvGA5w" inode=20963 dev=00:18 mode=0100600 ouid=1003 ogid=1004 rdev=00:00 nametype=DELETE cap_fp=0 cap_fi=0 cap_fe=0 cap_fver=0 cap_frootid=0
type=PROCTITLE msg=audit(1733944178.384:86835): proctitle=2F6F70742F62726176652E636F6D2F62726176652F6272617665202D2D747970653D7574696C697479202D2D7574696C6974792D7375622D747970653D6E6574776F726B2E6D6F6A6F6D2E4E6574776F726B53657276696365202D2D6C616E673D656E2D5553202D2D736572766963652D73616E64626F782D747970653D6E6F
type=SYSCALL msg=audit(1733944188.957:86836): arch=c000003e syscall=87 success=yes exit=0 a0=2204001d56c0 a1=56376d5898d1 a2=8e33f331398b76cf a3=0 items=2 ppid=14448 pid=14486 auid=1003 uid=1003 gid=1004 euid=1003 suid=1003 fsuid=1003 egid=1004 sgid=1004 fsgid=1004 tty=(none) ses=16 comm="Chrome_ChildIOT" exe="/opt/brave.com/brave/brave" subj=unconfined
type=CWD msg=audit(1733944188.957:86836): cwd="/home/alice"
type=PATH msg=audit(1733944188.957:86836): item=0 name="/dev/shm/" inode=1 dev=00:18 mode=041777 ouid=0 ogid=0 rdev=00:00 nametype=PARENT cap_fp=0 cap_fi=0 cap_fe=0 cap_fver=0 cap_frootid=0
type=PATH msg=audit(1733944188.957:86836): item=1 name="/dev/shm/.org.chromium.Chromium.E08IUA" inode=20964 dev=00:18 mode=0100600 ouid=1003 ogid=1004 rdev=00:00 nametype=DELETE cap_fp=0 cap_fi=0 cap_fe=0 cap_fver=0 cap_frootid=0
type=PROCTITLE msg=audit(1733944188.957:86836): proctitle=2F6F70742F62726176652E636F6D2F62726176652F6272617665202D2D747970653D7574696C697479202D2D7574696C6974792D7375622D747970653D6E6574776F726B2E6D6F6A6F6D2E4E6574776F726B53657276696365202D2D6C616E673D656E2D5553202D2D736572766963652D73616E64626F782D747970653D6E6F
type=SYSCALL msg=audit(1733944188.961:86837): arch=c000003e syscall=42 success=yes exit=0 a0=18 a1=7fde5ca42090 a2=10 a3=56376d4945e8 items=0 ppid=14448 pid=14486 auid=1003 uid=1003 gid=1004 euid=1003 suid=1003 fsuid=1003 egid=1004 sgid=1004 fsgid=1004 tty=(none) ses=16 comm="Chrome_ChildIOT" exe="/opt/brave.com/brave/brave" subj=unconfined
type=SOCKADDR msg=audit(1733944188.961:86837): saddr=020000357F0000350000000000000000
type=PROCTITLE msg=audit(1733944188.961:86837): proctitle=2F6F70742F62726176652E636F6D2F62726176652F6272617665202D2D747970653D7574696C697479202D2D7574696C6974792D7375622D747970653D6E6574776F726B2E6D6F6A6F6D2E4E6574776F726B53657276696365202D2D6C616E673D656E2D5553202D2D736572766963652D73616E64626F782D747970653D6E6F
type=SYSCALL msg=audit(1733944188.961:86838): arch=c000003e syscall=42 success=yes exit=0 a0=19 a1=7fde5ca41fb0 a2=10 a3=56376d4945e8 items=0 ppid=14448 pid=14486 auid=1003 uid=1003 gid=1004 euid=1003 suid=1003 fsuid=1003 egid=1004 sgid=1004 fsgid=1004 tty=(none) ses=16 comm="Chrome_ChildIOT" exe="/opt/brave.com/brave/brave" subj=unconfined
type=SOCKADDR msg=audit(1733944188.961:86838): saddr=020000357F0000350000000000000000
type=PROCTITLE msg=audit(1733944188.961:86838): proctitle=2F6F70742F62726176652E636F6D2F62726176652F6272617665202D2D747970653D7574696C697479202D2D7574696C6974792D7375622D747970653D6E6574776F726B2E6D6F6A6F6D2E4E6574776F726B53657276696365202D2D6C616E673D656E2D5553202D2D736572766963652D73616E64626F782D747970653D6E6F
type=SYSCALL msg=audit(1733944188.961:86839): arch=c000003e syscall=42 success=yes exit=0 a0=f a1=7ffe59cdef30 a2=10 a3=7ffe59cdef2c items=0 ppid=1 pid=530 auid=4294967295 uid=101 gid=103 euid=101 suid=101 fsuid=101 egid=103 sgid=103 fsgid=103 tty=(none) ses=4294967295 comm="systemd-resolve" exe="/usr/lib/systemd/systemd-resolved" subj=unconfined
type=SOCKADDR msg=audit(1733944188.961:86839): saddr=02000035A9FEA9FE0000000000000000
type=PROCTITLE msg=audit(1733944188.961:86839): proctitle="/lib/systemd/systemd-resolved"
type=SYSCALL msg=audit(1733944188.961:86840): arch=c000003e syscall=42 success=yes exit=0 a0=10 a1=7ffe59cdef30 a2=10 a3=7ffe59cdef2c items=0 ppid=1 pid=530 auid=4294967295 uid=101 gid=103 euid=101 suid=101 fsuid=101 egid=103 sgid=103 fsgid=103 tty=(none) ses=4294967295 comm="systemd-resolve" exe="/usr/lib/systemd/systemd-resolved" subj=unconfined
type=SOCKADDR msg=audit(1733944188.961:86840): saddr=02000035A9FEA9FE0000000000000000
type=PROCTITLE msg=audit(1733944188.961:86840): proctitle="/lib/systemd/systemd-resolved"
type=SYSCALL msg=audit(1733944189.001:86841): arch=c000003e syscall=42 success=yes exit=0 a0=10 a1=7ffe59cdec20 a2=10 a3=7ffe59cdec1c items=0 ppid=1 pid=530 auid=4294967295 uid=101 gid=103 euid=101 suid=101 fsuid=101 egid=103 sgid=103 fsgid=103 tty=(none) ses=4294967295 comm="systemd-resolve" exe="/usr/lib/systemd/systemd-resolved" subj=unconfined
type=SOCKADDR msg=audit(1733944189.001:86841): saddr=02000035A9FEA9FE0000000000000000
type=PROCTITLE msg=audit(1733944189.001:86841): proctitle="/lib/systemd/systemd-resolved"
type=SYSCALL msg=audit(1733944189.789:86842): arch=c000003e syscall=87 success=yes exit=0 a0=220400613500 a1=56376d5898d1 a2=84f491a73da6f37c a3=0 items=2 ppid=14448 pid=14486 auid=1003 uid=1003 gid=1004 euid=1003 suid=1003 fsuid=1003 egid=1004 sgid=1004 fsgid=1004 tty=(none) ses=16 comm="Chrome_ChildIOT" exe="/opt/brave.com/brave/brave" subj=unconfined
type=CWD msg=audit(1733944189.789:86842): cwd="/home/alice"
type=PATH msg=audit(1733944189.789:86842): item=0 name="/dev/shm/" inode=1 dev=00:18 mode=041777 ouid=0 ogid=0 rdev=00:00 nametype=PARENT cap_fp=0 cap_fi=0 cap_fe=0 cap_fver=0 cap_frootid=0
type=PATH msg=audit(1733944189.789:86842): item=1 name="/dev/shm/.org.chromium.Chromium.hJeXix" inode=20965 dev=00:18 mode=0100600 ouid=1003 ogid=1004 rdev=00:00 nametype=DELETE cap_fp=0 cap_fi=0 cap_fe=0 cap_fver=0 cap_frootid=0
type=PROCTITLE msg=audit(1733944189.789:86842): proctitle=2F6F70742F62726176652E636F6D2F62726176652F6272617665202D2D747970653D7574696C697479202D2D7574696C6974792D7375622D747970653D6E6574776F726B2E6D6F6A6F6D2E4E6574776F726B53657276696365202D2D6C616E673D656E2D5553202D2D736572766963652D73616E64626F782D747970653D6E6F
type=SYSCALL msg=audit(1733944193.025:86843): arch=c000003e syscall=59 success=yes exit=0 a0=55fd6fd08980 a1=55fd6fd2eac0 a2=55fd6fd089c0 a3=55fd3d253788 items=2 ppid=1146 pid=19628 auid=4294967295 uid=0 gid=0 euid=0 suid=0 fsuid=0 egid=0 sgid=0 fsgid=0 tty=(none) ses=4294967295 comm="sshd" exe="/usr/sbin/sshd" subj=unconfined
type=EXECVE msg=audit(1733944193.025:86843): argc=3 a0="/usr/sbin/sshd" a1="-D" a2="-R"
type=CWD msg=audit(1733944193.025:86843): cwd="/"
type=PATH msg=audit(1733944193.025:86843): item=0 name="/usr/sbin/sshd" inode=2879 dev=08:01 mode=0100755 ouid=0 ogid=0 rdev=00:00 nametype=NORMAL cap_fp=0 cap_fi=0 cap_fe=0 cap_fver=0 cap_frootid=0
type=PATH msg=audit(1733944193.025:86843): item=1 name="/lib64/ld-linux-x86-64.so.2" inode=4742 dev=08:01 mode=0100755 ouid=0 ogid=0 rdev=00:00 nametype=NORMAL cap_fp=0 cap_fi=0 cap_fe=0 cap_fver=0 cap_frootid=0
type=PROCTITLE msg=audit(1733944193.025:86843): proctitle=2F7573722F7362696E2F73736864002D44002D52
type=SYSCALL msg=audit(1733944193.029:86844): arch=c000003e syscall=42 success=yes exit=0 a0=4 a1=55cdfe78f880 a2=1c a3=7ffc79faa4a0 items=0 ppid=1146 pid=19628 auid=4294967295 uid=0 gid=0 euid=0 suid=0 fsuid=0 egid=0 sgid=0 fsgid=0 tty=(none) ses=4294967295 comm="sshd" exe="/usr/sbin/sshd" subj=unconfined
type=SOCKADDR msg=audit(1733944193.029:86844): saddr=0A000016000000000000000000000000000000000000000000000000
type=PROCTITLE msg=audit(1733944193.029:86844): proctitle=2F7573722F7362696E2F73736864002D44002D52
type=SYSCALL msg=audit(1733944193.029:86845): arch=c000003e syscall=42 success=yes exit=0 a0=4 a1=7ffc79faa710 a2=10 a3=4 items=0 ppid=1146 pid=19628 auid=4294967295 uid=0 gid=0 euid=0 suid=0 fsuid=0 egid=0 sgid=0 fsgid=0 tty=(none) ses=4294967295 comm="sshd" exe="/usr/sbin/sshd" subj=unconfined
type=SOCKADDR msg=audit(1733944193.029:86845): saddr=00000000000000000000000000000000
type=PROCTITLE msg=audit(1733944193.029:86845): proctitle=2F7573722F7362696E2F73736864002D44002D52
type=SYSCALL msg=audit(1733944193.029:86846): arch=c000003e syscall=42 success=yes exit=0 a0=4 a1=55cdfe790370 a2=10 a3=4 items=0 ppid=1146 pid=19628 auid=4294967295 uid=0 gid=0 euid=0 suid=0 fsuid=0 egid=0 sgid=0 fsgid=0 tty=(none) ses=4294967295 comm="sshd" exe="/usr/sbin/sshd" subj=unconfined
type=SOCKADDR msg=audit(1733944193.029:86846): saddr=02000016000000000000000000000000
type=PROCTITLE msg=audit(1733944193.029:86846): proctitle=2F7573722F7362696E2F73736864002D44002D52
type=USER_ACCT msg=audit(1733944193.369:86847): pid=19628 uid=0 auid=4294967295 ses=4294967295 subj=unconfined msg='op=PAM:accounting grantors=pam_permit acct="alice" exe="/usr/sbin/sshd" hostname=128.135.204.96 addr=128.135.204.96 terminal=ssh res=success'
type=CRED_ACQ msg=audit(1733944193.373:86848): pid=19628 uid=0 auid=4294967295 ses=4294967295 subj=unconfined msg='op=PAM:setcred grantors=pam_permit,pam_cap acct="alice" exe="/usr/sbin/sshd" hostname=128.135.204.96 addr=128.135.204.96 terminal=ssh res=success'
type=LOGIN msg=audit(1733944193.373:86849): pid=19628 uid=0 subj=unconfined old-auid=4294967295 auid=1003 tty=(none) old-ses=4294967295 ses=24 res=1
type=SYSCALL msg=audit(1733944193.373:86849): arch=c000003e syscall=1 success=yes exit=4 a0=3 a1=7ffc79faabc0 a2=4 a3=7fb57fc05371 items=0 ppid=1146 pid=19628 auid=1003 uid=0 gid=0 euid=0 suid=0 fsuid=0 egid=0 sgid=0 fsgid=0 tty=(none) ses=24 comm="sshd" exe="/usr/sbin/sshd" subj=unconfined
type=PROCTITLE msg=audit(1733944193.373:86849): proctitle=2F7573722F7362696E2F73736864002D44002D52
type=SYSCALL msg=audit(1733944193.385:86850): arch=c000003e syscall=59 success=yes exit=0 a0=7fb57f6845bd a1=7ffc79faa830 a2=55cdfe76e9f0 a3=8 items=2 ppid=19628 pid=19630 auid=1003 uid=0 gid=0 euid=0 suid=0 fsuid=0 egid=0 sgid=0 fsgid=0 tty=(none) ses=24 comm="sh" exe="/usr/bin/dash" subj=unconfined
type=EXECVE msg=audit(1733944193.385:86850): argc=3 a0="sh" a1="-c" a2=2F7573722F62696E2F656E76202D6920504154483D2F7573722F6C6F63616C2F7362696E3A2F7573722F6C6F63616C2F62696E3A2F7573722F7362696E3A2F7573722F62696E3A2F7362696E3A2F62696E2072756E2D7061727473202D2D6C7362737973696E6974202F6574632F7570646174652D6D6F74642E64203E202F72756E2F6D6F74642E64796E616D69632E6E6577
type=CWD msg=audit(1733944193.385:86850): cwd="/"
type=PATH msg=audit(1733944193.385:86850): item=0 name="/bin/sh" inode=1616 dev=08:01 mode=0100755 ouid=0 ogid=0 rdev=00:00 nametype=NORMAL cap_fp=0 cap_fi=0 cap_fe=0 cap_fver=0 cap_frootid=0
type=PATH msg=audit(1733944193.385:86850): item=1 name="/lib64/ld-linux-x86-64.so.2" inode=4742 dev=08:01 mode=0100755 ouid=0 ogid=0 rdev=00:00 nametype=NORMAL cap_fp=0 cap_fi=0 cap_fe=0 cap_fver=0 cap_frootid=0
type=PROCTITLE msg=audit(1733944193.385:86850): proctitle=7368002D63002F7573722F62696E2F656E76202D6920504154483D2F7573722F6C6F63616C2F7362696E3A2F7573722F6C6F63616C2F62696E3A2F7573722F7362696E3A2F7573722F62696E3A2F7362696E3A2F62696E2072756E2D7061727473202D2D6C7362737973696E6974202F6574632F7570646174652D6D6F74642E
type=SYSCALL msg=audit(1733944193.385:86851): arch=c000003e syscall=59 success=yes exit=0 a0=564d23a0e568 a1=564d23a0e668 a2=564d23a0e808 a3=7f1d26bd2850 items=2 ppid=19630 pid=19631 auid=1003 uid=0 gid=0 euid=0 suid=0 fsuid=0 egid=0 sgid=0 fsgid=0 tty=(none) ses=24 comm="env" exe="/usr/bin/env" subj=unconfined
type=EXECVE msg=audit(1733944193.385:86851): argc=6 a0="/usr/bin/env" a1="-i" a2="PATH=/usr/local/sbin:/usr/local/bin:/usr/sbin:/usr/bin:/sbin:/bin" a3="run-parts" a4="--lsbsysinit" a5="/etc/update-motd.d"
type=CWD msg=audit(1733944193.385:86851): cwd="/"
type=PATH msg=audit(1733944193.385:86851): item=0 name="/usr/bin/env" inode=1810 dev=08:01 mode=0100755 ouid=0 ogid=0 rdev=00:00 nametype=NORMAL cap_fp=0 cap_fi=0 cap_fe=0 cap_fver=0 cap_frootid=0
type=PATH msg=audit(1733944193.385:86851): item=1 name="/lib64/ld-linux-x86-64.so.2" inode=4742 dev=08:01 mode=0100755 ouid=0 ogid=0 rdev=00:00 nametype=NORMAL cap_fp=0 cap_fi=0 cap_fe=0 cap_fver=0 cap_frootid=0
type=PROCTITLE msg=audit(1733944193.385:86851): proctitle=2F7573722F62696E2F656E76002D6900504154483D2F7573722F6C6F63616C2F7362696E3A2F7573722F6C6F63616C2F62696E3A2F7573722F7362696E3A2F7573722F62696E3A2F7362696E3A2F62696E0072756E2D7061727473002D2D6C7362737973696E6974002F6574632F7570646174652D6D6F74642E64
type=SYSCALL msg=audit(1733944193.385:86852): arch=c000003e syscall=59 success=no exit=-2 a0=7ffd4f5a61c0 a1=7ffd4f5a6420 a2=5590fa0eb0f0 a3=8000000004007 items=1 ppid=19630 pid=19631 auid=1003 uid=0 gid=0 euid=0 suid=0 fsuid=0 egid=0 sgid=0 fsgid=0 tty=(none) ses=24 comm="env" exe="/usr/bin/env" subj=unconfined
type=CWD msg=audit(1733944193.385:86852): cwd="/"
type=PATH msg=audit(1733944193.385:86852): item=0 name="/usr/local/sbin/run-parts" nametype=UNKNOWN cap_fp=0 cap_fi=0 cap_fe=0 cap_fver=0 cap_frootid=0
type=PROCTITLE msg=audit(1733944193.385:86852): proctitle=2F7573722F62696E2F656E76002D6900504154483D2F7573722F6C6F63616C2F7362696E3A2F7573722F6C6F63616C2F62696E3A2F7573722F7362696E3A2F7573722F62696E3A2F7362696E3A2F62696E0072756E2D7061727473002D2D6C7362737973696E6974002F6574632F7570646174652D6D6F74642E64
type=SYSCALL msg=audit(1733944193.385:86853): arch=c000003e syscall=59 success=no exit=-2 a0=7ffd4f5a61c0 a1=7ffd4f5a6420 a2=5590fa0eb0f0 a3=8000000004007 items=1 ppid=19630 pid=19631 auid=1003 uid=0 gid=0 euid=0 suid=0 fsuid=0 egid=0 sgid=0 fsgid=0 tty=(none) ses=24 comm="env" exe="/usr/bin/env" subj=unconfined
type=CWD msg=audit(1733944193.385:86853): cwd="/"
type=PATH msg=audit(1733944193.385:86853): item=0 name="/usr/local/bin/run-parts" nametype=UNKNOWN cap_fp=0 cap_fi=0 cap_fe=0 cap_fver=0 cap_frootid=0
type=PROCTITLE msg=audit(1733944193.385:86853): proctitle=2F7573722F62696E2F656E76002D6900504154483D2F7573722F6C6F63616C2F7362696E3A2F7573722F6C6F63616C2F62696E3A2F7573722F7362696E3A2F7573722F62696E3A2F7362696E3A2F62696E0072756E2D7061727473002D2D6C7362737973696E6974002F6574632F7570646174652D6D6F74642E64
type=SYSCALL msg=audit(1733944193.385:86854): arch=c000003e syscall=59 success=no exit=-2 a0=7ffd4f5a61c0 a1=7ffd4f5a6420 a2=5590fa0eb0f0 a3=8000000004007 items=1 ppid=19630 pid=19631 auid=1003 uid=0 gid=0 euid=0 suid=0 fsuid=0 egid=0 sgid=0 fsgid=0 tty=(none) ses=24 comm="env" exe="/usr/bin/env" subj=unconfined
type=CWD msg=audit(1733944193.385:86854): cwd="/"
type=PATH msg=audit(1733944193.385:86854): item=0 name="/usr/sbin/run-parts" nametype=UNKNOWN cap_fp=0 cap_fi=0 cap_fe=0 cap_fver=0 cap_frootid=0
type=PROCTITLE msg=audit(1733944193.385:86854): proctitle=2F7573722F62696E2F656E76002D6900504154483D2F7573722F6C6F63616C2F7362696E3A2F7573722F6C6F63616C2F62696E3A2F7573722F7362696E3A2F7573722F62696E3A2F7362696E3A2F62696E0072756E2D7061727473002D2D6C7362737973696E6974002F6574632F7570646174652D6D6F74642E64
type=SYSCALL msg=audit(1733944193.385:86855): arch=c000003e syscall=59 success=yes exit=0 a0=7ffd4f5a61c0 a1=7ffd4f5a6420 a2=5590fa0eb0f0 a3=8000000004007 items=2 ppid=19630 pid=19631 auid=1003 uid=0 gid=0 euid=0 suid=0 fsuid=0 egid=0 sgid=0 fsgid=0 tty=(none) ses=24 comm="run-parts" exe="/usr/bin/run-parts" subj=unconfined
type=EXECVE msg=audit(1733944193.385:86855): argc=3 a0="run-parts" a1="--lsbsysinit" a2="/etc/update-motd.d"
type=CWD msg=audit(1733944193.385:86855): cwd="/"
type=PATH msg=audit(1733944193.385:86855): item=0 name="/usr/bin/run-parts" inode=1625 dev=08:01 mode=0100755 ouid=0 ogid=0 rdev=00:00 nametype=NORMAL cap_fp=0 cap_fi=0 cap_fe=0 cap_fver=0 cap_frootid=0
type=PATH msg=audit(1733944193.385:86855): item=1 name="/lib64/ld-linux-x86-64.so.2" inode=4742 dev=08:01 mode=0100755 ouid=0 ogid=0 rdev=00:00 nametype=NORMAL cap_fp=0 cap_fi=0 cap_fe=0 cap_fver=0 cap_frootid=0
type=PROCTITLE msg=audit(1733944193.385:86855): proctitle=2F7573722F62696E2F656E76002D6900504154483D2F7573722F6C6F63616C2F7362696E3A2F7573722F6C6F63616C2F62696E3A2F7573722F7362696E3A2F7573722F62696E3A2F7362696E3A2F62696E0072756E2D7061727473002D2D6C7362737973696E6974002F6574632F7570646174652D6D6F74642E64
type=SYSCALL msg=audit(1733944193.385:86856): arch=c000003e syscall=59 success=yes exit=0 a0=556560017d40 a1=5565600132a0 a2=7ffff2672a58 a3=0 items=3 ppid=19631 pid=19632 auid=1003 uid=0 gid=0 euid=0 suid=0 fsuid=0 egid=0 sgid=0 fsgid=0 tty=(none) ses=24 comm="00-header" exe="/usr/bin/dash" subj=unconfined
type=EXECVE msg=audit(1733944193.385:86856): argc=2 a0="/bin/sh" a1="/etc/update-motd.d/00-header"
type=CWD msg=audit(1733944193.385:86856): cwd="/"
type=PATH msg=audit(1733944193.385:86856): item=0 name="/etc/update-motd.d/00-header" inode=94 dev=08:01 mode=0100755 ouid=0 ogid=0 rdev=00:00 nametype=NORMAL cap_fp=0 cap_fi=0 cap_fe=0 cap_fver=0 cap_frootid=0
type=PATH msg=audit(1733944193.385:86856): item=1 name="/bin/sh" inode=1616 dev=08:01 mode=0100755 ouid=0 ogid=0 rdev=00:00 nametype=NORMAL cap_fp=0 cap_fi=0 cap_fe=0 cap_fver=0 cap_frootid=0
type=PATH msg=audit(1733944193.385:86856): item=2 name="/lib64/ld-linux-x86-64.so.2" inode=4742 dev=08:01 mode=0100755 ouid=0 ogid=0 rdev=00:00 nametype=NORMAL cap_fp=0 cap_fi=0 cap_fe=0 cap_fver=0 cap_frootid=0
type=PROCTITLE msg=audit(1733944193.385:86856): proctitle=2F62696E2F7368002F6574632F7570646174652D6D6F74642E642F30302D686561646572
type=SYSCALL msg=audit(1733944193.389:86857): arch=c000003e syscall=59 success=yes exit=0 a0=563849e5c510 a1=563849e5c4e0 a2=563849e5c4f8 a3=563849e5c010 items=2 ppid=19632 pid=19633 auid=1003 uid=0 gid=0 euid=0 suid=0 fsuid=0 egid=0 sgid=0 fsgid=0 tty=(none) ses=24 comm="uname" exe="/usr/bin/uname" subj=unconfined
type=EXECVE msg=audit(1733944193.389:86857): argc=2 a0="uname" a1="-o"
type=CWD msg=audit(1733944193.389:86857): cwd="/"
type=PATH msg=audit(1733944193.389:86857): item=0 name="/usr/bin/uname" inode=1784 dev=08:01 mode=0100755 ouid=0 ogid=0 rdev=00:00 nametype=NORMAL cap_fp=0 cap_fi=0 cap_fe=0 cap_fver=0 cap_frootid=0
type=PATH msg=audit(1733944193.389:86857): item=1 name="/lib64/ld-linux-x86-64.so.2" inode=4742 dev=08:01 mode=0100755 ouid=0 ogid=0 rdev=00:00 nametype=NORMAL cap_fp=0 cap_fi=0 cap_fe=0 cap_fver=0 cap_frootid=0
type=PROCTITLE msg=audit(1733944193.389:86857): proctitle=756E616D65002D6F
type=SYSCALL msg=audit(1733944193.389:86858): arch=c000003e syscall=59 success=yes exit=0 a0=563849e5c530 a1=563849e5c500 a2=563849e5c518 a3=563849e5c010 items=2 ppid=19632 pid=19634 auid=1003 uid=0 gid=0 euid=0 suid=0 fsuid=0 egid=0 sgid=0 fsgid=0 tty=(none) ses=24 comm="uname" exe="/usr/bin/uname" subj=unconfined
type=EXECVE msg=audit(1733944193.389:86858): argc=2 a0="uname" a1="-r"
type=CWD msg=audit(1733944193.389:86858): cwd="/"
type=PATH msg=audit(1733944193.389:86858): item=0 name="/usr/bin/uname" inode=1784 dev=08:01 mode=0100755 ouid=0 ogid=0 rdev=00:00 nametype=NORMAL cap_fp=0 cap_fi=0 cap_fe=0 cap_fver=0 cap_frootid=0
type=PATH msg=audit(1733944193.389:86858): item=1 name="/lib64/ld-linux-x86-64.so.2" inode=4742 dev=08:01 mode=0100755 ouid=0 ogid=0 rdev=00:00 nametype=NORMAL cap_fp=0 cap_fi=0 cap_fe=0 cap_fver=0 cap_frootid=0
type=PROCTITLE msg=audit(1733944193.389:86858): proctitle=756E616D65002D72
type=SYSCALL msg=audit(1733944193.389:86859): arch=c000003e syscall=59 success=yes exit=0 a0=563849e5c728 a1=563849e5c528 a2=563849e5c540 a3=563849e5c010 items=2 ppid=19632 pid=19635 auid=1003 uid=0 gid=0 euid=0 suid=0 fsuid=0 egid=0 sgid=0 fsgid=0 tty=(none) ses=24 comm="uname" exe="/usr/bin/uname" subj=unconfined
type=EXECVE msg=audit(1733944193.389:86859): argc=2 a0="uname" a1="-m"
type=CWD msg=audit(1733944193.389:86859): cwd="/"
type=PATH msg=audit(1733944193.389:86859): item=0 name="/usr/bin/uname" inode=1784 dev=08:01 mode=0100755 ouid=0 ogid=0 rdev=00:00 nametype=NORMAL cap_fp=0 cap_fi=0 cap_fe=0 cap_fver=0 cap_frootid=0
type=PATH msg=audit(1733944193.389:86859): item=1 name="/lib64/ld-linux-x86-64.so.2" inode=4742 dev=08:01 mode=0100755 ouid=0 ogid=0 rdev=00:00 nametype=NORMAL cap_fp=0 cap_fi=0 cap_fe=0 cap_fver=0 cap_frootid=0
type=PROCTITLE msg=audit(1733944193.389:86859): proctitle=756E616D65002D6D
type=SYSCALL msg=audit(1733944193.389:86860): arch=c000003e syscall=59 success=yes exit=0 a0=556560017d40 a1=5565600132a0 a2=7ffff2672a58 a3=0 items=3 ppid=19631 pid=19636 auid=1003 uid=0 gid=0 euid=0 suid=0 fsuid=0 egid=0 sgid=0 fsgid=0 tty=(none) ses=24 comm="10-help-text" exe="/usr/bin/dash" subj=unconfined
type=EXECVE msg=audit(1733944193.389:86860): argc=2 a0="/bin/sh" a1="/etc/update-motd.d/10-help-text"
type=CWD msg=audit(1733944193.389:86860): cwd="/"
type=PATH msg=audit(1733944193.389:86860): item=0 name="/etc/update-motd.d/10-help-text" inode=95 dev=08:01 mode=0100755 ouid=0 ogid=0 rdev=00:00 nametype=NORMAL cap_fp=0 cap_fi=0 cap_fe=0 cap_fver=0 cap_frootid=0
type=PATH msg=audit(1733944193.389:86860): item=1 name="/bin/sh" inode=1616 dev=08:01 mode=0100755 ouid=0 ogid=0 rdev=00:00 nametype=NORMAL cap_fp=0 cap_fi=0 cap_fe=0 cap_fver=0 cap_frootid=0
type=PATH msg=audit(1733944193.389:86860): item=2 name="/lib64/ld-linux-x86-64.so.2" inode=4742 dev=08:01 mode=0100755 ouid=0 ogid=0 rdev=00:00 nametype=NORMAL cap_fp=0 cap_fi=0 cap_fe=0 cap_fver=0 cap_frootid=0
type=PROCTITLE msg=audit(1733944193.389:86860): proctitle=2F62696E2F7368002F6574632F7570646174652D6D6F74642E642F31302D68656C702D74657874
type=SYSCALL msg=audit(1733944193.389:86861): arch=c000003e syscall=59 success=yes exit=0 a0=556560017d40 a1=5565600132a0 a2=7ffff2672a58 a3=0 items=3 ppid=19631 pid=19637 auid=1003 uid=0 gid=0 euid=0 suid=0 fsuid=0 egid=0 sgid=0 fsgid=0 tty=(none) ses=24 comm="50-landscape-sy" exe="/usr/bin/dash" subj=unconfined
type=EXECVE msg=audit(1733944193.389:86861): argc=2 a0="/bin/sh" a1="/etc/update-motd.d/50-landscape-sysinfo"
type=CWD msg=audit(1733944193.389:86861): cwd="/"
type=PATH msg=audit(1733944193.389:86861): item=0 name="/etc/update-motd.d/50-landscape-sysinfo" inode=39187 dev=08:01 mode=0100755 ouid=0 ogid=0 rdev=00:00 nametype=NORMAL cap_fp=0 cap_fi=0 cap_fe=0 cap_fver=0 cap_frootid=0
type=PATH msg=audit(1733944193.389:86861): item=1 name="/bin/sh" inode=1616 dev=08:01 mode=0100755 ouid=0 ogid=0 rdev=00:00 nametype=NORMAL cap_fp=0 cap_fi=0 cap_fe=0 cap_fver=0 cap_frootid=0
type=PATH msg=audit(1733944193.389:86861): item=2 name="/lib64/ld-linux-x86-64.so.2" inode=4742 dev=08:01 mode=0100755 ouid=0 ogid=0 rdev=00:00 nametype=NORMAL cap_fp=0 cap_fi=0 cap_fe=0 cap_fver=0 cap_frootid=0
type=PROCTITLE msg=audit(1733944193.389:86861): proctitle=2F62696E2F7368002F6574632F7570646174652D6D6F74642E642F35302D6C616E6473636170652D737973696E666F
type=SYSCALL msg=audit(1733944193.393:86862): arch=c000003e syscall=59 success=yes exit=0 a0=565095aaa6e8 a1=565095aaa688 a2=565095aaa6d0 a3=1b6 items=2 ppid=19637 pid=19638 auid=1003 uid=0 gid=0 euid=0 suid=0 fsuid=0 egid=0 sgid=0 fsgid=0 tty=(none) ses=24 comm="find" exe="/usr/bin/find" subj=unconfined
type=EXECVE msg=audit(1733944193.393:86862): argc=4 a0="find" a1="/var/lib/landscape/landscape-sysinfo.cache" a2="-newermt" a3=6E6F772D31206D696E75746573
type=CWD msg=audit(1733944193.393:86862): cwd="/"
type=PATH msg=audit(1733944193.393:86862): item=0 name="/usr/bin/find" inode=1684 dev=08:01 mode=0100755 ouid=0 ogid=0 rdev=00:00 nametype=NORMAL cap_fp=0 cap_fi=0 cap_fe=0 cap_fver=0 cap_frootid=0
type=PATH msg=audit(1733944193.393:86862): item=1 name="/lib64/ld-linux-x86-64.so.2" inode=4742 dev=08:01 mode=0100755 ouid=0 ogid=0 rdev=00:00 nametype=NORMAL cap_fp=0 cap_fi=0 cap_fe=0 cap_fver=0 cap_frootid=0
type=PROCTITLE msg=audit(1733944193.393:86862): proctitle=66696E64002F7661722F6C69622F6C616E6473636170652F6C616E6473636170652D737973696E666F2E6361636865002D6E657765726D74006E6F772D31206D696E75746573
type=SYSCALL msg=audit(1733944193.393:86863): arch=c000003e syscall=59 success=yes exit=0 a0=565095aac080 a1=565095aac018 a2=565095aac060 a3=565095aaa010 items=2 ppid=19637 pid=19639 auid=1003 uid=0 gid=0 euid=0 suid=0 fsuid=0 egid=0 sgid=0 fsgid=0 tty=(none) ses=24 comm="grep" exe="/usr/bin/grep" subj=unconfined
type=EXECVE msg=audit(1733944193.393:86863): argc=4 a0="grep" a1="-c" a2="^processor" a3="/proc/cpuinfo"
type=CWD msg=audit(1733944193.393:86863): cwd="/"
type=PATH msg=audit(1733944193.393:86863): item=0 name="/usr/bin/grep" inode=1688 dev=08:01 mode=0100755 ouid=0 ogid=0 rdev=00:00 nametype=NORMAL cap_fp=0 cap_fi=0 cap_fe=0 cap_fver=0 cap_frootid=0
type=PATH msg=audit(1733944193.393:86863): item=1 name="/lib64/ld-linux-x86-64.so.2" inode=4742 dev=08:01 mode=0100755 ouid=0 ogid=0 rdev=00:00 nametype=NORMAL cap_fp=0 cap_fi=0 cap_fe=0 cap_fver=0 cap_frootid=0
type=PROCTITLE msg=audit(1733944193.393:86863): proctitle=67726570002D63005E70726F636573736F72002F70726F632F637075696E666F
type=SYSCALL msg=audit(1733944193.397:86864): arch=c000003e syscall=59 success=yes exit=0 a0=565095aac098 a1=565095aac048 a2=565095aac078 a3=565095aaa010 items=2 ppid=19641 pid=19642 auid=1003 uid=0 gid=0 euid=0 suid=0 fsuid=0 egid=0 sgid=0 fsgid=0 tty=(none) ses=24 comm="cut" exe="/usr/bin/cut" subj=unconfined
type=EXECVE msg=audit(1733944193.397:86864): argc=5 a0="cut" a1="-f1" a2="-d" a3=20 a4="/proc/loadavg"
type=CWD msg=audit(1733944193.397:86864): cwd="/"
type=PATH msg=audit(1733944193.397:86864): item=0 name="/usr/bin/cut" inode=1806 dev=08:01 mode=0100755 ouid=0 ogid=0 rdev=00:00 nametype=NORMAL cap_fp=0 cap_fi=0 cap_fe=0 cap_fver=0 cap_frootid=0
type=PATH msg=audit(1733944193.397:86864): item=1 name="/lib64/ld-linux-x86-64.so.2" inode=4742 dev=08:01 mode=0100755 ouid=0 ogid=0 rdev=00:00 nametype=NORMAL cap_fp=0 cap_fi=0 cap_fe=0 cap_fver=0 cap_frootid=0
type=SYSCALL msg=audit(1733944193.397:86865): arch=c000003e syscall=59 success=yes exit=0 a0=565095aabff0 a1=565095aabfc0 a2=565095aabfd0 a3=565095aaa010 items=2 ppid=19640 pid=19643 auid=1003 uid=0 gid=0 euid=0 suid=0 fsuid=0 egid=0 sgid=0 fsgid=0 tty=(none) ses=24 comm="bc" exe="/usr/bin/bc" subj=unconfined
type=PROCTITLE msg=audit(1733944193.397:86864): proctitle=637574002D6631002D640020002F70726F632F6C6F6164617667
type=EXECVE msg=audit(1733944193.397:86865): argc=1 a0="bc"
type=CWD msg=audit(1733944193.397:86865): cwd="/"
type=PATH msg=audit(1733944193.397:86865): item=0 name="/usr/bin/bc" inode=2276 dev=08:01 mode=0100755 ouid=0 ogid=0 rdev=00:00 nametype=NORMAL cap_fp=0 cap_fi=0 cap_fe=0 cap_fver=0 cap_frootid=0
type=PATH msg=audit(1733944193.397:86865): item=1 name="/lib64/ld-linux-x86-64.so.2" inode=4742 dev=08:01 mode=0100755 ouid=0 ogid=0 rdev=00:00 nametype=NORMAL cap_fp=0 cap_fi=0 cap_fe=0 cap_fver=0 cap_frootid=0
type=PROCTITLE msg=audit(1733944193.397:86865): proctitle="bc"
type=SYSCALL msg=audit(1733944193.397:86866): arch=c000003e syscall=59 success=yes exit=0 a0=565095aac008 a1=565095aac030 a2=565095aac040 a3=565095aaa010 items=2 ppid=19644 pid=19645 auid=1003 uid=0 gid=0 euid=0 suid=0 fsuid=0 egid=0 sgid=0 fsgid=0 tty=(none) ses=24 comm="date" exe="/usr/bin/date" subj=unconfined
type=EXECVE msg=audit(1733944193.397:86866): argc=1 a0="/bin/date"
type=CWD msg=audit(1733944193.397:86866): cwd="/"
type=PATH msg=audit(1733944193.397:86866): item=0 name="/bin/date" inode=1608 dev=08:01 mode=0100755 ouid=0 ogid=0 rdev=00:00 nametype=NORMAL cap_fp=0 cap_fi=0 cap_fe=0 cap_fver=0 cap_frootid=0
type=PATH msg=audit(1733944193.397:86866): item=1 name="/lib64/ld-linux-x86-64.so.2" inode=4742 dev=08:01 mode=0100755 ouid=0 ogid=0 rdev=00:00 nametype=NORMAL cap_fp=0 cap_fi=0 cap_fe=0 cap_fver=0 cap_frootid=0
type=PROCTITLE msg=audit(1733944193.397:86866): proctitle="/bin/date"
type=SYSCALL msg=audit(1733944193.397:86867): arch=c000003e syscall=59 success=yes exit=0 a0=565095aac040 a1=565095aac078 a2=565095aac088 a3=565095aaa010 items=3 ppid=19644 pid=19646 auid=1003 uid=0 gid=0 euid=0 suid=0 fsuid=0 egid=0 sgid=0 fsgid=0 tty=(none) ses=24 comm="landscape-sysin" exe="/usr/bin/python3.8" subj=unconfined
type=EXECVE msg=audit(1733944193.397:86867): argc=2 a0="/usr/bin/python3" a1="/usr/bin/landscape-sysinfo"
type=CWD msg=audit(1733944193.397:86867): cwd="/"
type=PATH msg=audit(1733944193.397:86867): item=0 name="/usr/bin/landscape-sysinfo" inode=2187 dev=08:01 mode=0100755 ouid=0 ogid=0 rdev=00:00 nametype=NORMAL cap_fp=0 cap_fi=0 cap_fe=0 cap_fver=0 cap_frootid=0
type=PATH msg=audit(1733944193.397:86867): item=1 name="/usr/bin/python3" inode=6912 dev=08:01 mode=0100755 ouid=0 ogid=0 rdev=00:00 nametype=NORMAL cap_fp=0 cap_fi=0 cap_fe=0 cap_fver=0 cap_frootid=0
type=PATH msg=audit(1733944193.397:86867): item=2 name="/lib64/ld-linux-x86-64.so.2" inode=4742 dev=08:01 mode=0100755 ouid=0 ogid=0 rdev=00:00 nametype=NORMAL cap_fp=0 cap_fi=0 cap_fe=0 cap_fver=0 cap_frootid=0
type=PROCTITLE msg=audit(1733944193.397:86867): proctitle=2F7573722F62696E2F707974686F6E33002F7573722F62696E2F6C616E6473636170652D737973696E666F
type=SYSCALL msg=audit(1733944193.497:86868): arch=c000003e syscall=59 success=no exit=-2 a0=7f58ec701f10 a1=7f58ec701ef0 a2=7ffe17e11a10 a3=413820 items=1 ppid=19646 pid=19647 auid=1003 uid=0 gid=0 euid=0 suid=0 fsuid=0 egid=0 sgid=0 fsgid=0 tty=(none) ses=24 comm="landscape-sysin" exe="/usr/bin/python3.8" subj=unconfined
type=CWD msg=audit(1733944193.497:86868): cwd="/"
type=PATH msg=audit(1733944193.497:86868): item=0 name="/usr/local/sbin/uname" nametype=UNKNOWN cap_fp=0 cap_fi=0 cap_fe=0 cap_fver=0 cap_frootid=0
type=PROCTITLE msg=audit(1733944193.497:86868): proctitle=2F7573722F62696E2F707974686F6E33002F7573722F62696E2F6C616E6473636170652D737973696E666F
type=SYSCALL msg=audit(1733944193.497:86869): arch=c000003e syscall=59 success=no exit=-2 a0=7f58ec701dd0 a1=7f58ec701ef0 a2=7ffe17e11a10 a3=413820 items=1 ppid=19646 pid=19647 auid=1003 uid=0 gid=0 euid=0 suid=0 fsuid=0 egid=0 sgid=0 fsgid=0 tty=(none) ses=24 comm="landscape-sysin" exe="/usr/bin/python3.8" subj=unconfined
type=CWD msg=audit(1733944193.497:86869): cwd="/"
type=PATH msg=audit(1733944193.497:86869): item=0 name="/usr/local/bin/uname" nametype=UNKNOWN cap_fp=0 cap_fi=0 cap_fe=0 cap_fver=0 cap_frootid=0
type=PROCTITLE msg=audit(1733944193.497:86869): proctitle=2F7573722F62696E2F707974686F6E33002F7573722F62696E2F6C616E6473636170652D737973696E666F
type=SYSCALL msg=audit(1733944193.497:86870): arch=c000003e syscall=59 success=no exit=-2 a0=7f58ec6855d0 a1=7f58ec701ef0 a2=7ffe17e11a10 a3=413820 items=1 ppid=19646 pid=19647 auid=1003 uid=0 gid=0 euid=0 suid=0 fsuid=0 egid=0 sgid=0 fsgid=0 tty=(none) ses=24 comm="landscape-sysin" exe="/usr/bin/python3.8" subj=unconfined
type=CWD msg=audit(1733944193.497:86870): cwd="/"
type=PATH msg=audit(1733944193.497:86870): item=0 name="/usr/sbin/uname" nametype=UNKNOWN cap_fp=0 cap_fi=0 cap_fe=0 cap_fver=0 cap_frootid=0
type=PROCTITLE msg=audit(1733944193.497:86870): proctitle=2F7573722F62696E2F707974686F6E33002F7573722F62696E2F6C616E6473636170652D737973696E666F
type=SYSCALL msg=audit(1733944193.497:86871): arch=c000003e syscall=59 success=yes exit=0 a0=7f58ec6855f0 a1=7f58ec701ef0 a2=7ffe17e11a10 a3=413820 items=2 ppid=19646 pid=19647 auid=1003 uid=0 gid=0 euid=0 suid=0 fsuid=0 egid=0 sgid=0 fsgid=0 tty=(none) ses=24 comm="uname" exe="/usr/bin/uname" subj=unconfined
type=EXECVE msg=audit(1733944193.497:86871): argc=2 a0="uname" a1="-p"
type=CWD msg=audit(1733944193.497:86871): cwd="/"
type=PATH msg=audit(1733944193.497:86871): item=0 name="/usr/bin/uname" inode=1784 dev=08:01 mode=0100755 ouid=0 ogid=0 rdev=00:00 nametype=NORMAL cap_fp=0 cap_fi=0 cap_fe=0 cap_fver=0 cap_frootid=0
type=PATH msg=audit(1733944193.497:86871): item=1 name="/lib64/ld-linux-x86-64.so.2" inode=4742 dev=08:01 mode=0100755 ouid=0 ogid=0 rdev=00:00 nametype=NORMAL cap_fp=0 cap_fi=0 cap_fe=0 cap_fver=0 cap_frootid=0
type=PROCTITLE msg=audit(1733944193.497:86871): proctitle=2F7573722F62696E2F707974686F6E33002F7573722F62696E2F6C616E6473636170652D737973696E666F
type=SYSCALL msg=audit(1733944193.698:86872): arch=c000003e syscall=59 success=yes exit=0 a0=565095aac068 a1=565095aac008 a2=565095aac048 a3=7fabcd4f8850 items=2 ppid=19637 pid=19648 auid=1003 uid=0 gid=0 euid=0 suid=0 fsuid=0 egid=0 sgid=0 fsgid=0 tty=(none) ses=24 comm="chmod" exe="/usr/bin/chmod" subj=unconfined
type=EXECVE msg=audit(1733944193.698:86872): argc=3 a0="chmod" a1="0644" a2="/var/lib/landscape/landscape-sysinfo.cache"
type=CWD msg=audit(1733944193.698:86872): cwd="/"
type=PATH msg=audit(1733944193.698:86872): item=0 name="/usr/bin/chmod" inode=1605 dev=08:01 mode=0100755 ouid=0 ogid=0 rdev=00:00 nametype=NORMAL cap_fp=0 cap_fi=0 cap_fe=0 cap_fver=0 cap_frootid=0
type=PATH msg=audit(1733944193.698:86872): item=1 name="/lib64/ld-linux-x86-64.so.2" inode=4742 dev=08:01 mode=0100755 ouid=0 ogid=0 rdev=00:00 nametype=NORMAL cap_fp=0 cap_fi=0 cap_fe=0 cap_fver=0 cap_frootid=0
type=PROCTITLE msg=audit(1733944193.698:86872): proctitle=63686D6F640030363434002F7661722F6C69622F6C616E6473636170652F6C616E6473636170652D737973696E666F2E6361636865
type=SYSCALL msg=audit(1733944193.698:86873): arch=c000003e syscall=268 success=yes exit=0 a0=ffffff9c a1=55e396eb11b0 a2=1a4 a3=fff items=1 ppid=19637 pid=19648 auid=1003 uid=0 gid=0 euid=0 suid=0 fsuid=0 egid=0 sgid=0 fsgid=0 tty=(none) ses=24 comm="chmod" exe="/usr/bin/chmod" subj=unconfined
type=CWD msg=audit(1733944193.698:86873): cwd="/"
type=PATH msg=audit(1733944193.698:86873): item=0 name="/var/lib/landscape/landscape-sysinfo.cache" inode=66444 dev=08:01 mode=0100644 ouid=0 ogid=0 rdev=00:00 nametype=NORMAL cap_fp=0 cap_fi=0 cap_fe=0 cap_fver=0 cap_frootid=0
type=PROCTITLE msg=audit(1733944193.698:86873): proctitle=63686D6F640030363434002F7661722F6C69622F6C616E6473636170652F6C616E6473636170652D737973696E666F2E6361636865
type=SYSCALL msg=audit(1733944193.698:86874): arch=c000003e syscall=59 success=yes exit=0 a0=556560017d40 a1=5565600132a0 a2=7ffff2672a58 a3=0 items=3 ppid=19631 pid=19649 auid=1003 uid=0 gid=0 euid=0 suid=0 fsuid=0 egid=0 sgid=0 fsgid=0 tty=(none) ses=24 comm="50-motd-news" exe="/usr/bin/dash" subj=unconfined
type=EXECVE msg=audit(1733944193.698:86874): argc=2 a0="/bin/sh" a1="/etc/update-motd.d/50-motd-news"
type=CWD msg=audit(1733944193.698:86874): cwd="/"
type=PATH msg=audit(1733944193.698:86874): item=0 name="/etc/update-motd.d/50-motd-news" inode=96 dev=08:01 mode=0100755 ouid=0 ogid=0 rdev=00:00 nametype=NORMAL cap_fp=0 cap_fi=0 cap_fe=0 cap_fver=0 cap_frootid=0
type=PATH msg=audit(1733944193.698:86874): item=1 name="/bin/sh" inode=1616 dev=08:01 mode=0100755 ouid=0 ogid=0 rdev=00:00 nametype=NORMAL cap_fp=0 cap_fi=0 cap_fe=0 cap_fver=0 cap_frootid=0
type=PATH msg=audit(1733944193.698:86874): item=2 name="/lib64/ld-linux-x86-64.so.2" inode=4742 dev=08:01 mode=0100755 ouid=0 ogid=0 rdev=00:00 nametype=NORMAL cap_fp=0 cap_fi=0 cap_fe=0 cap_fver=0 cap_frootid=0
type=PROCTITLE msg=audit(1733944193.698:86874): proctitle=2F62696E2F7368002F6574632F7570646174652D6D6F74642E642F35302D6D6F74642D6E657773
type=SYSCALL msg=audit(1733944193.698:86875): arch=c000003e syscall=59 success=yes exit=0 a0=564372fdec60 a1=564372fdec30 a2=564372fdec48 a3=7f21e5687ac0 items=2 ppid=19649 pid=19650 auid=1003 uid=0 gid=0 euid=0 suid=0 fsuid=0 egid=0 sgid=0 fsgid=0 tty=(none) ses=24 comm="cat" exe="/usr/bin/cat" subj=unconfined
type=EXECVE msg=audit(1733944193.698:86875): argc=2 a0="cat" a1="/var/cache/motd-news"
type=CWD msg=audit(1733944193.698:86875): cwd="/"
type=PATH msg=audit(1733944193.698:86875): item=0 name="/usr/bin/cat" inode=1603 dev=08:01 mode=0100755 ouid=0 ogid=0 rdev=00:00 nametype=NORMAL cap_fp=0 cap_fi=0 cap_fe=0 cap_fver=0 cap_frootid=0
type=PATH msg=audit(1733944193.698:86875): item=1 name="/lib64/ld-linux-x86-64.so.2" inode=4742 dev=08:01 mode=0100755 ouid=0 ogid=0 rdev=00:00 nametype=NORMAL cap_fp=0 cap_fi=0 cap_fe=0 cap_fver=0 cap_frootid=0
type=PROCTITLE msg=audit(1733944193.698:86875): proctitle=636174002F7661722F63616368652F6D6F74642D6E657773
type=SYSCALL msg=audit(1733944193.698:86876): arch=c000003e syscall=59 success=yes exit=0 a0=564372fdec68 a1=564372fdec30 a2=564372fdec50 a3=564372fde010 items=2 ppid=19649 pid=19651 auid=1003 uid=0 gid=0 euid=0 suid=0 fsuid=0 egid=0 sgid=0 fsgid=0 tty=(none) ses=24 comm="head" exe="/usr/bin/head" subj=unconfined
type=EXECVE msg=audit(1733944193.698:86876): argc=3 a0="head" a1="-n" a2="10"
type=CWD msg=audit(1733944193.698:86876): cwd="/"
type=PATH msg=audit(1733944193.698:86876): item=0 name="/usr/bin/head" inode=1817 dev=08:01 mode=0100755 ouid=0 ogid=0 rdev=00:00 nametype=NORMAL cap_fp=0 cap_fi=0 cap_fe=0 cap_fver=0 cap_frootid=0
type=PATH msg=audit(1733944193.698:86876): item=1 name="/lib64/ld-linux-x86-64.so.2" inode=4742 dev=08:01 mode=0100755 ouid=0 ogid=0 rdev=00:00 nametype=NORMAL cap_fp=0 cap_fi=0 cap_fe=0 cap_fver=0 cap_frootid=0
type=PROCTITLE msg=audit(1733944193.698:86876): proctitle=68656164002D6E003130
type=SYSCALL msg=audit(1733944193.702:86877): arch=c000003e syscall=59 success=yes exit=0 a0=564372fdec68 a1=564372fdec30 a2=564372fdec50 a3=564372fde010 items=2 ppid=19649 pid=19653 auid=1003 uid=0 gid=0 euid=0 suid=0 fsuid=0 egid=0 sgid=0 fsgid=0 tty=(none) ses=24 comm="cut" exe="/usr/bin/cut" subj=unconfined
type=EXECVE msg=audit(1733944193.702:86877): argc=3 a0="cut" a1="-c" a2="-80"
type=CWD msg=audit(1733944193.702:86877): cwd="/"
type=PATH msg=audit(1733944193.702:86877): item=0 name="/usr/bin/cut" inode=1806 dev=08:01 mode=0100755 ouid=0 ogid=0 rdev=00:00 nametype=NORMAL cap_fp=0 cap_fi=0 cap_fe=0 cap_fver=0 cap_frootid=0
type=PATH msg=audit(1733944193.702:86877): item=1 name="/lib64/ld-linux-x86-64.so.2" inode=4742 dev=08:01 mode=0100755 ouid=0 ogid=0 rdev=00:00 nametype=NORMAL cap_fp=0 cap_fi=0 cap_fe=0 cap_fver=0 cap_frootid=0
type=PROCTITLE msg=audit(1733944193.702:86877): proctitle=637574002D63002D3830
type=SYSCALL msg=audit(1733944193.702:86878): arch=c000003e syscall=59 success=yes exit=0 a0=564372fdec88 a1=564372fdec50 a2=564372fdec70 a3=564372fde010 items=2 ppid=19649 pid=19652 auid=1003 uid=0 gid=0 euid=0 suid=0 fsuid=0 egid=0 sgid=0 fsgid=0 tty=(none) ses=24 comm="tr" exe="/usr/bin/tr" subj=unconfined
type=EXECVE msg=audit(1733944193.702:86878): argc=3 a0="tr" a1="-d" a2="\000-\011\013\014\016-\037"
type=CWD msg=audit(1733944193.702:86878): cwd="/"
type=PATH msg=audit(1733944193.702:86878): item=0 name="/usr/bin/tr" inode=1859 dev=08:01 mode=0100755 ouid=0 ogid=0 rdev=00:00 nametype=NORMAL cap_fp=0 cap_fi=0 cap_fe=0 cap_fver=0 cap_frootid=0
type=PATH msg=audit(1733944193.702:86878): item=1 name="/lib64/ld-linux-x86-64.so.2" inode=4742 dev=08:01 mode=0100755 ouid=0 ogid=0 rdev=00:00 nametype=NORMAL cap_fp=0 cap_fi=0 cap_fe=0 cap_fver=0 cap_frootid=0
type=PROCTITLE msg=audit(1733944193.702:86878): proctitle=7472002D64005C3030302D5C3031315C3031335C3031345C3031362D5C303337
type=SYSCALL msg=audit(1733944193.702:86879): arch=c000003e syscall=59 success=yes exit=0 a0=556560017d40 a1=5565600132a0 a2=7ffff2672a58 a3=0 items=3 ppid=19631 pid=19654 auid=1003 uid=0 gid=0 euid=0 suid=0 fsuid=0 egid=0 sgid=0 fsgid=0 tty=(none) ses=24 comm="85-fwupd" exe="/usr/bin/dash" subj=unconfined
type=EXECVE msg=audit(1733944193.702:86879): argc=2 a0="/bin/sh" a1="/etc/update-motd.d/85-fwupd"
type=CWD msg=audit(1733944193.702:86879): cwd="/"
type=PATH msg=audit(1733944193.702:86879): item=0 name="/etc/update-motd.d/85-fwupd" inode=77659 dev=08:01 mode=0100755 ouid=0 ogid=0 rdev=00:00 nametype=NORMAL cap_fp=0 cap_fi=0 cap_fe=0 cap_fver=0 cap_frootid=0
type=PATH msg=audit(1733944193.702:86879): item=1 name="/bin/sh" inode=1616 dev=08:01 mode=0100755 ouid=0 ogid=0 rdev=00:00 nametype=NORMAL cap_fp=0 cap_fi=0 cap_fe=0 cap_fver=0 cap_frootid=0
type=PATH msg=audit(1733944193.702:86879): item=2 name="/lib64/ld-linux-x86-64.so.2" inode=4742 dev=08:01 mode=0100755 ouid=0 ogid=0 rdev=00:00 nametype=NORMAL cap_fp=0 cap_fi=0 cap_fe=0 cap_fver=0 cap_frootid=0
type=PROCTITLE msg=audit(1733944193.702:86879): proctitle=2F62696E2F7368002F6574632F7570646174652D6D6F74642E642F38352D6677757064
type=SYSCALL msg=audit(1733944193.702:86880): arch=c000003e syscall=59 success=yes exit=0 a0=556560017d40 a1=5565600132a0 a2=7ffff2672a58 a3=0 items=3 ppid=19631 pid=19655 auid=1003 uid=0 gid=0 euid=0 suid=0 fsuid=0 egid=0 sgid=0 fsgid=0 tty=(none) ses=24 comm="90-updates-avai" exe="/usr/bin/dash" subj=unconfined
type=EXECVE msg=audit(1733944193.702:86880): argc=2 a0="/bin/sh" a1="/etc/update-motd.d/90-updates-available"
type=CWD msg=audit(1733944193.702:86880): cwd="/"
type=PATH msg=audit(1733944193.702:86880): item=0 name="/etc/update-motd.d/90-updates-available" inode=99 dev=08:01 mode=0100755 ouid=0 ogid=0 rdev=00:00 nametype=NORMAL cap_fp=0 cap_fi=0 cap_fe=0 cap_fver=0 cap_frootid=0
type=PATH msg=audit(1733944193.702:86880): item=1 name="/bin/sh" inode=1616 dev=08:01 mode=0100755 ouid=0 ogid=0 rdev=00:00 nametype=NORMAL cap_fp=0 cap_fi=0 cap_fe=0 cap_fver=0 cap_frootid=0
type=PATH msg=audit(1733944193.702:86880): item=2 name="/lib64/ld-linux-x86-64.so.2" inode=4742 dev=08:01 mode=0100755 ouid=0 ogid=0 rdev=00:00 nametype=NORMAL cap_fp=0 cap_fi=0 cap_fe=0 cap_fver=0 cap_frootid=0
type=PROCTITLE msg=audit(1733944193.702:86880): proctitle=2F62696E2F7368002F6574632F7570646174652D6D6F74642E642F39302D757064617465732D617661696C61626C65
type=SYSCALL msg=audit(1733944193.702:86881): arch=c000003e syscall=59 success=yes exit=0 a0=562f1ceef440 a1=562f1ceef410 a2=562f1ceef428 a3=7f09f5cab850 items=2 ppid=19655 pid=19656 auid=1003 uid=0 gid=0 euid=0 suid=0 fsuid=0 egid=0 sgid=0 fsgid=0 tty=(none) ses=24 comm="cat" exe="/usr/bin/cat" subj=unconfined
type=EXECVE msg=audit(1733944193.702:86881): argc=2 a0="cat" a1="/var/lib/update-notifier/updates-available"
type=CWD msg=audit(1733944193.702:86881): cwd="/"
type=PATH msg=audit(1733944193.702:86881): item=0 name="/usr/bin/cat" inode=1603 dev=08:01 mode=0100755 ouid=0 ogid=0 rdev=00:00 nametype=NORMAL cap_fp=0 cap_fi=0 cap_fe=0 cap_fver=0 cap_frootid=0
type=PATH msg=audit(1733944193.702:86881): item=1 name="/lib64/ld-linux-x86-64.so.2" inode=4742 dev=08:01 mode=0100755 ouid=0 ogid=0 rdev=00:00 nametype=NORMAL cap_fp=0 cap_fi=0 cap_fe=0 cap_fver=0 cap_frootid=0
type=PROCTITLE msg=audit(1733944193.702:86881): proctitle=636174002F7661722F6C69622F7570646174652D6E6F7469666965722F757064617465732D617661696C61626C65
type=SYSCALL msg=audit(1733944193.702:86882): arch=c000003e syscall=59 success=yes exit=0 a0=562f1ceef798 a1=562f1ceef5a0 a2=562f1ceef5e8 a3=1b6 items=2 ppid=19655 pid=19657 auid=1003 uid=0 gid=0 euid=0 suid=0 fsuid=0 egid=0 sgid=0 fsgid=0 tty=(none) ses=24 comm="find" exe="/usr/bin/find" subj=unconfined
type=EXECVE msg=audit(1733944193.702:86882): argc=4 a0="find" a1="/var/lib/update-notifier/updates-available" a2="-newermt" a3=6E6F772D372064617973
type=CWD msg=audit(1733944193.702:86882): cwd="/"
type=PATH msg=audit(1733944193.702:86882): item=0 name="/usr/bin/find" inode=1684 dev=08:01 mode=0100755 ouid=0 ogid=0 rdev=00:00 nametype=NORMAL cap_fp=0 cap_fi=0 cap_fe=0 cap_fver=0 cap_frootid=0
type=PATH msg=audit(1733944193.702:86882): item=1 name="/lib64/ld-linux-x86-64.so.2" inode=4742 dev=08:01 mode=0100755 ouid=0 ogid=0 rdev=00:00 nametype=NORMAL cap_fp=0 cap_fi=0 cap_fe=0 cap_fver=0 cap_frootid=0
type=PROCTITLE msg=audit(1733944193.702:86882): proctitle=66696E64002F7661722F6C69622F7570646174652D6E6F7469666965722F757064617465732D617661696C61626C65002D6E657765726D74006E6F772D372064617973
type=SYSCALL msg=audit(1733944193.702:86883): arch=c000003e syscall=59 success=yes exit=0 a0=562f1ceef5c8 a1=562f1ceef580 a2=562f1ceef5b0 a3=7f09f5cab850 items=2 ppid=19655 pid=19658 auid=1003 uid=0 gid=0 euid=0 suid=0 fsuid=0 egid=0 sgid=0 fsgid=0 tty=(none) ses=24 comm="grep" exe="/usr/bin/grep" subj=unconfined
type=EXECVE msg=audit(1733944193.702:86883): argc=5 a0="grep" a1="-q" a2="-m" a3="1" a4="."
type=CWD msg=audit(1733944193.702:86883): cwd="/"
type=PATH msg=audit(1733944193.702:86883): item=0 name="/usr/bin/grep" inode=1688 dev=08:01 mode=0100755 ouid=0 ogid=0 rdev=00:00 nametype=NORMAL cap_fp=0 cap_fi=0 cap_fe=0 cap_fver=0 cap_frootid=0
type=PATH msg=audit(1733944193.702:86883): item=1 name="/lib64/ld-linux-x86-64.so.2" inode=4742 dev=08:01 mode=0100755 ouid=0 ogid=0 rdev=00:00 nametype=NORMAL cap_fp=0 cap_fi=0 cap_fe=0 cap_fver=0 cap_frootid=0
type=PROCTITLE msg=audit(1733944193.702:86883): proctitle=67726570002D71002D6D0031002E
type=SYSCALL msg=audit(1733944193.706:86884): arch=c000003e syscall=59 success=yes exit=0 a0=556560017d40 a1=5565600132a0 a2=7ffff2672a58 a3=0 items=3 ppid=19631 pid=19659 auid=1003 uid=0 gid=0 euid=0 suid=0 fsuid=0 egid=0 sgid=0 fsgid=0 tty=(none) ses=24 comm="91-contract-ua-" exe="/usr/bin/dash" subj=unconfined
type=EXECVE msg=audit(1733944193.706:86884): argc=2 a0="/bin/sh" a1="/etc/update-motd.d/91-contract-ua-esm-status"
type=CWD msg=audit(1733944193.706:86884): cwd="/"
type=PATH msg=audit(1733944193.706:86884): item=0 name="/etc/update-motd.d/91-contract-ua-esm-status" inode=97 dev=08:01 mode=0100755 ouid=0 ogid=0 rdev=00:00 nametype=NORMAL cap_fp=0 cap_fi=0 cap_fe=0 cap_fver=0 cap_frootid=0
type=PATH msg=audit(1733944193.706:86884): item=1 name="/bin/sh" inode=1616 dev=08:01 mode=0100755 ouid=0 ogid=0 rdev=00:00 nametype=NORMAL cap_fp=0 cap_fi=0 cap_fe=0 cap_fver=0 cap_frootid=0
type=PATH msg=audit(1733944193.706:86884): item=2 name="/lib64/ld-linux-x86-64.so.2" inode=4742 dev=08:01 mode=0100755 ouid=0 ogid=0 rdev=00:00 nametype=NORMAL cap_fp=0 cap_fi=0 cap_fe=0 cap_fver=0 cap_frootid=0
type=PROCTITLE msg=audit(1733944193.706:86884): proctitle=2F62696E2F7368002F6574632F7570646174652D6D6F74642E642F39312D636F6E74726163742D75612D65736D2D737461747573
type=SYSCALL msg=audit(1733944193.706:86885): arch=c000003e syscall=59 success=yes exit=0 a0=556560017d40 a1=5565600132a0 a2=7ffff2672a58 a3=0 items=3 ppid=19631 pid=19660 auid=1003 uid=0 gid=0 euid=0 suid=0 fsuid=0 egid=0 sgid=0 fsgid=0 tty=(none) ses=24 comm="91-release-upgr" exe="/usr/bin/dash" subj=unconfined
type=EXECVE msg=audit(1733944193.706:86885): argc=2 a0="/bin/sh" a1="/etc/update-motd.d/91-release-upgrade"
type=CWD msg=audit(1733944193.706:86885): cwd="/"
type=PATH msg=audit(1733944193.706:86885): item=0 name="/etc/update-motd.d/91-release-upgrade" inode=98 dev=08:01 mode=0100755 ouid=0 ogid=0 rdev=00:00 nametype=NORMAL cap_fp=0 cap_fi=0 cap_fe=0 cap_fver=0 cap_frootid=0
type=PATH msg=audit(1733944193.706:86885): item=1 name="/bin/sh" inode=1616 dev=08:01 mode=0100755 ouid=0 ogid=0 rdev=00:00 nametype=NORMAL cap_fp=0 cap_fi=0 cap_fe=0 cap_fver=0 cap_frootid=0
type=PATH msg=audit(1733944193.706:86885): item=2 name="/lib64/ld-linux-x86-64.so.2" inode=4742 dev=08:01 mode=0100755 ouid=0 ogid=0 rdev=00:00 nametype=NORMAL cap_fp=0 cap_fi=0 cap_fe=0 cap_fver=0 cap_frootid=0
type=PROCTITLE msg=audit(1733944193.706:86885): proctitle=2F62696E2F7368002F6574632F7570646174652D6D6F74642E642F39312D72656C656173652D75706772616465
type=SYSCALL msg=audit(1733944193.706:86886): arch=c000003e syscall=59 success=yes exit=0 a0=5636b63334d0 a1=5636b63334a0 a2=5636b63334b8 a3=7f1ae3cae850 items=3 ppid=19661 pid=19662 auid=1003 uid=0 gid=0 euid=0 suid=0 fsuid=0 egid=0 sgid=0 fsgid=0 tty=(none) ses=24 comm="lsb_release" exe="/usr/bin/python3.8" subj=unconfined
type=EXECVE msg=audit(1733944193.706:86886): argc=4 a0="/usr/bin/python3" a1="-Es" a2="/usr/bin/lsb_release" a3="-sd"
type=CWD msg=audit(1733944193.706:86886): cwd="/"
type=PATH msg=audit(1733944193.706:86886): item=0 name="/usr/bin/lsb_release" inode=2015 dev=08:01 mode=0100755 ouid=0 ogid=0 rdev=00:00 nametype=NORMAL cap_fp=0 cap_fi=0 cap_fe=0 cap_fver=0 cap_frootid=0
type=PATH msg=audit(1733944193.706:86886): item=1 name="/usr/bin/python3" inode=6912 dev=08:01 mode=0100755 ouid=0 ogid=0 rdev=00:00 nametype=NORMAL cap_fp=0 cap_fi=0 cap_fe=0 cap_fver=0 cap_frootid=0
type=PATH msg=audit(1733944193.706:86886): item=2 name="/lib64/ld-linux-x86-64.so.2" inode=4742 dev=08:01 mode=0100755 ouid=0 ogid=0 rdev=00:00 nametype=NORMAL cap_fp=0 cap_fi=0 cap_fe=0 cap_fver=0 cap_frootid=0
type=PROCTITLE msg=audit(1733944193.706:86886): proctitle=2F7573722F62696E2F707974686F6E33002D4573002F7573722F62696E2F6C73625F72656C65617365002D7364
type=SYSCALL msg=audit(1733944193.706:86887): arch=c000003e syscall=59 success=yes exit=0 a0=5636b63334e8 a1=5636b63334b0 a2=5636b63334d0 a3=7f1ae3cae850 items=2 ppid=19661 pid=19663 auid=1003 uid=0 gid=0 euid=0 suid=0 fsuid=0 egid=0 sgid=0 fsgid=0 tty=(none) ses=24 comm="cut" exe="/usr/bin/cut" subj=unconfined
type=EXECVE msg=audit(1733944193.706:86887): argc=3 a0="cut" a1=2D6420 a2="-f4"
type=CWD msg=audit(1733944193.706:86887): cwd="/"
type=PATH msg=audit(1733944193.706:86887): item=0 name="/usr/bin/cut" inode=1806 dev=08:01 mode=0100755 ouid=0 ogid=0 rdev=00:00 nametype=NORMAL cap_fp=0 cap_fi=0 cap_fe=0 cap_fver=0 cap_frootid=0
type=PATH msg=audit(1733944193.706:86887): item=1 name="/lib64/ld-linux-x86-64.so.2" inode=4742 dev=08:01 mode=0100755 ouid=0 ogid=0 rdev=00:00 nametype=NORMAL cap_fp=0 cap_fi=0 cap_fe=0 cap_fver=0 cap_frootid=0
type=PROCTITLE msg=audit(1733944193.706:86887): proctitle=637574002D6420002D6634
type=SYSCALL msg=audit(1733944193.742:86888): arch=c000003e syscall=59 success=yes exit=0 a0=5636b63333f0 a1=5636b63333c0 a2=5636b63333d8 a3=7f1ae3cae850 items=2 ppid=19660 pid=19664 auid=1003 uid=0 gid=0 euid=0 suid=0 fsuid=0 egid=0 sgid=0 fsgid=0 tty=(none) ses=24 comm="id" exe="/usr/bin/id" subj=unconfined
type=EXECVE msg=audit(1733944193.742:86888): argc=2 a0="id" a1="-u"
type=CWD msg=audit(1733944193.742:86888): cwd="/"
type=PATH msg=audit(1733944193.742:86888): item=0 name="/usr/bin/id" inode=1819 dev=08:01 mode=0100755 ouid=0 ogid=0 rdev=00:00 nametype=NORMAL cap_fp=0 cap_fi=0 cap_fe=0 cap_fver=0 cap_frootid=0
type=PATH msg=audit(1733944193.742:86888): item=1 name="/lib64/ld-linux-x86-64.so.2" inode=4742 dev=08:01 mode=0100755 ouid=0 ogid=0 rdev=00:00 nametype=NORMAL cap_fp=0 cap_fi=0 cap_fe=0 cap_fver=0 cap_frootid=0
type=PROCTITLE msg=audit(1733944193.742:86888): proctitle=6964002D75
type=SYSCALL msg=audit(1733944193.742:86889): arch=c000003e syscall=59 success=yes exit=0 a0=5636b6333348 a1=5636b63333a0 a2=5636b63333b0 a3=56368f35cc90 items=3 ppid=19631 pid=19660 auid=1003 uid=0 gid=0 euid=0 suid=0 fsuid=0 egid=0 sgid=0 fsgid=0 tty=(none) ses=24 comm="release-upgrade" exe="/usr/bin/dash" subj=unconfined
type=EXECVE msg=audit(1733944193.742:86889): argc=3 a0="/bin/sh" a1="-e" a2="/usr/lib/ubuntu-release-upgrader/release-upgrade-motd"
type=CWD msg=audit(1733944193.742:86889): cwd="/"
type=PATH msg=audit(1733944193.742:86889): item=0 name="/usr/lib/ubuntu-release-upgrader/release-upgrade-motd" inode=14571 dev=08:01 mode=0100755 ouid=0 ogid=0 rdev=00:00 nametype=NORMAL cap_fp=0 cap_fi=0 cap_fe=0 cap_fver=0 cap_frootid=0
type=PATH msg=audit(1733944193.742:86889): item=1 name="/bin/sh" inode=1616 dev=08:01 mode=0100755 ouid=0 ogid=0 rdev=00:00 nametype=NORMAL cap_fp=0 cap_fi=0 cap_fe=0 cap_fver=0 cap_frootid=0
type=PATH msg=audit(1733944193.742:86889): item=2 name="/lib64/ld-linux-x86-64.so.2" inode=4742 dev=08:01 mode=0100755 ouid=0 ogid=0 rdev=00:00 nametype=NORMAL cap_fp=0 cap_fi=0 cap_fe=0 cap_fver=0 cap_frootid=0
type=PROCTITLE msg=audit(1733944193.742:86889): proctitle=2F62696E2F7368002F6574632F7570646174652D6D6F74642E642F39312D72656C656173652D75706772616465
type=SYSCALL msg=audit(1733944193.746:86890): arch=c000003e syscall=59 success=yes exit=0 a0=555c61bf7f28 a1=555c61bf7ef8 a2=555c61bf7f10 a3=7fe6fec21850 items=2 ppid=19660 pid=19665 auid=1003 uid=0 gid=0 euid=0 suid=0 fsuid=0 egid=0 sgid=0 fsgid=0 tty=(none) ses=24 comm="date" exe="/usr/bin/date" subj=unconfined
type=EXECVE msg=audit(1733944193.746:86890): argc=2 a0="date" a1="+%s"
type=CWD msg=audit(1733944193.746:86890): cwd="/"
type=PATH msg=audit(1733944193.746:86890): item=0 name="/usr/bin/date" inode=1608 dev=08:01 mode=0100755 ouid=0 ogid=0 rdev=00:00 nametype=NORMAL cap_fp=0 cap_fi=0 cap_fe=0 cap_fver=0 cap_frootid=0
type=PATH msg=audit(1733944193.746:86890): item=1 name="/lib64/ld-linux-x86-64.so.2" inode=4742 dev=08:01 mode=0100755 ouid=0 ogid=0 rdev=00:00 nametype=NORMAL cap_fp=0 cap_fi=0 cap_fe=0 cap_fver=0 cap_frootid=0
type=PROCTITLE msg=audit(1733944193.746:86890): proctitle=64617465002B2573
type=SYSCALL msg=audit(1733944193.746:86891): arch=c000003e syscall=59 success=yes exit=0 a0=555c61bf7fc8 a1=555c61bf7f88 a2=555c61bf7fb0 a3=73 items=2 ppid=19660 pid=19666 auid=1003 uid=0 gid=0 euid=0 suid=0 fsuid=0 egid=0 sgid=0 fsgid=0 tty=(none) ses=24 comm="stat" exe="/usr/bin/stat" subj=unconfined
type=EXECVE msg=audit(1733944193.746:86891): argc=4 a0="stat" a1="-c" a2="%Y" a3="/var/lib/ubuntu-release-upgrader/release-upgrade-available"
type=CWD msg=audit(1733944193.746:86891): cwd="/"
type=PATH msg=audit(1733944193.746:86891): item=0 name="/usr/bin/stat" inode=1851 dev=08:01 mode=0100755 ouid=0 ogid=0 rdev=00:00 nametype=NORMAL cap_fp=0 cap_fi=0 cap_fe=0 cap_fver=0 cap_frootid=0
type=PATH msg=audit(1733944193.746:86891): item=1 name="/lib64/ld-linux-x86-64.so.2" inode=4742 dev=08:01 mode=0100755 ouid=0 ogid=0 rdev=00:00 nametype=NORMAL cap_fp=0 cap_fi=0 cap_fe=0 cap_fver=0 cap_frootid=0
type=PROCTITLE msg=audit(1733944193.746:86891): proctitle=73746174002D63002559002F7661722F6C69622F7562756E74752D72656C656173652D75706772616465722F72656C656173652D757067726164652D617661696C61626C65
type=SYSCALL msg=audit(1733944193.746:86892): arch=c000003e syscall=59 success=yes exit=0 a0=555c61bf7f78 a1=555c61bf7f38 a2=555c61bf7f60 a3=6c items=2 ppid=19660 pid=19667 auid=1003 uid=0 gid=0 euid=0 suid=0 fsuid=0 egid=0 sgid=0 fsgid=0 tty=(none) ses=24 comm="expr" exe="/usr/bin/expr" subj=unconfined
type=EXECVE msg=audit(1733944193.746:86892): argc=4 a0="expr" a1="1733927167" a2="+" a3="86400"
type=CWD msg=audit(1733944193.746:86892): cwd="/"
type=PATH msg=audit(1733944193.746:86892): item=0 name="/usr/bin/expr" inode=1812 dev=08:01 mode=0100755 ouid=0 ogid=0 rdev=00:00 nametype=NORMAL cap_fp=0 cap_fi=0 cap_fe=0 cap_fver=0 cap_frootid=0
type=PATH msg=audit(1733944193.746:86892): item=1 name="/lib64/ld-linux-x86-64.so.2" inode=4742 dev=08:01 mode=0100755 ouid=0 ogid=0 rdev=00:00 nametype=NORMAL cap_fp=0 cap_fi=0 cap_fe=0 cap_fver=0 cap_frootid=0
type=PROCTITLE msg=audit(1733944193.746:86892): proctitle=657870720031373333393237313637002B003836343030
type=SYSCALL msg=audit(1733944193.746:86893): arch=c000003e syscall=59 success=yes exit=0 a0=555c61bf7f50 a1=555c61bf7f20 a2=555c61bf7f38 a3=7fe6fec21850 items=2 ppid=19660 pid=19668 auid=1003 uid=0 gid=0 euid=0 suid=0 fsuid=0 egid=0 sgid=0 fsgid=0 tty=(none) ses=24 comm="cat" exe="/usr/bin/cat" subj=unconfined
type=EXECVE msg=audit(1733944193.746:86893): argc=2 a0="cat" a1="/var/lib/ubuntu-release-upgrader/release-upgrade-available"
type=CWD msg=audit(1733944193.746:86893): cwd="/"
type=PATH msg=audit(1733944193.746:86893): item=0 name="/usr/bin/cat" inode=1603 dev=08:01 mode=0100755 ouid=0 ogid=0 rdev=00:00 nametype=NORMAL cap_fp=0 cap_fi=0 cap_fe=0 cap_fver=0 cap_frootid=0
type=PATH msg=audit(1733944193.746:86893): item=1 name="/lib64/ld-linux-x86-64.so.2" inode=4742 dev=08:01 mode=0100755 ouid=0 ogid=0 rdev=00:00 nametype=NORMAL cap_fp=0 cap_fi=0 cap_fe=0 cap_fver=0 cap_frootid=0
type=PROCTITLE msg=audit(1733944193.746:86893): proctitle=636174002F7661722F6C69622F7562756E74752D72656C656173652D75706772616465722F72656C656173652D757067726164652D617661696C61626C65
type=SYSCALL msg=audit(1733944193.746:86894): arch=c000003e syscall=59 success=yes exit=0 a0=556560017d40 a1=5565600132a0 a2=7ffff2672a58 a3=0 items=3 ppid=19631 pid=19669 auid=1003 uid=0 gid=0 euid=0 suid=0 fsuid=0 egid=0 sgid=0 fsgid=0 tty=(none) ses=24 comm="92-unattended-u" exe="/usr/bin/dash" subj=unconfined
type=EXECVE msg=audit(1733944193.746:86894): argc=2 a0="/bin/sh" a1="/etc/update-motd.d/92-unattended-upgrades"
type=CWD msg=audit(1733944193.746:86894): cwd="/"
type=PATH msg=audit(1733944193.746:86894): item=0 name="/etc/update-motd.d/92-unattended-upgrades" inode=105 dev=08:01 mode=0100755 ouid=0 ogid=0 rdev=00:00 nametype=NORMAL cap_fp=0 cap_fi=0 cap_fe=0 cap_fver=0 cap_frootid=0
type=PATH msg=audit(1733944193.746:86894): item=1 name="/bin/sh" inode=1616 dev=08:01 mode=0100755 ouid=0 ogid=0 rdev=00:00 nametype=NORMAL cap_fp=0 cap_fi=0 cap_fe=0 cap_fver=0 cap_frootid=0
type=PATH msg=audit(1733944193.746:86894): item=2 name="/lib64/ld-linux-x86-64.so.2" inode=4742 dev=08:01 mode=0100755 ouid=0 ogid=0 rdev=00:00 nametype=NORMAL cap_fp=0 cap_fi=0 cap_fe=0 cap_fver=0 cap_frootid=0
type=PROCTITLE msg=audit(1733944193.746:86894): proctitle=2F62696E2F7368002F6574632F7570646174652D6D6F74642E642F39322D756E617474656E6465642D7570677261646573
type=SYSCALL msg=audit(1733944193.750:86895): arch=c000003e syscall=59 success=yes exit=0 a0=55746f731368 a1=55746f7313c8 a2=55746f7313d8 a3=5574666f2ca0 items=3 ppid=19631 pid=19669 auid=1003 uid=0 gid=0 euid=0 suid=0 fsuid=0 egid=0 sgid=0 fsgid=0 tty=(none) ses=24 comm="update-motd-una" exe="/usr/bin/dash" subj=unconfined
type=EXECVE msg=audit(1733944193.750:86895): argc=2 a0="/bin/sh" a1="/usr/share/unattended-upgrades/update-motd-unattended-upgrades"
type=CWD msg=audit(1733944193.750:86895): cwd="/"
type=PATH msg=audit(1733944193.750:86895): item=0 name="/usr/share/unattended-upgrades/update-motd-unattended-upgrades" inode=39308 dev=08:01 mode=0100755 ouid=0 ogid=0 rdev=00:00 nametype=NORMAL cap_fp=0 cap_fi=0 cap_fe=0 cap_fver=0 cap_frootid=0
type=PATH msg=audit(1733944193.750:86895): item=1 name="/bin/sh" inode=1616 dev=08:01 mode=0100755 ouid=0 ogid=0 rdev=00:00 nametype=NORMAL cap_fp=0 cap_fi=0 cap_fe=0 cap_fver=0 cap_frootid=0
type=PATH msg=audit(1733944193.750:86895): item=2 name="/lib64/ld-linux-x86-64.so.2" inode=4742 dev=08:01 mode=0100755 ouid=0 ogid=0 rdev=00:00 nametype=NORMAL cap_fp=0 cap_fi=0 cap_fe=0 cap_fver=0 cap_frootid=0
type=PROCTITLE msg=audit(1733944193.750:86895): proctitle=2F62696E2F7368002F6574632F7570646174652D6D6F74642E642F39322D756E617474656E6465642D7570677261646573
type=SYSCALL msg=audit(1733944193.750:86896): arch=c000003e syscall=59 success=yes exit=0 a0=556560017d40 a1=5565600132a0 a2=7ffff2672a58 a3=0 items=3 ppid=19631 pid=19670 auid=1003 uid=0 gid=0 euid=0 suid=0 fsuid=0 egid=0 sgid=0 fsgid=0 tty=(none) ses=24 comm="95-hwe-eol" exe="/usr/bin/dash" subj=unconfined
type=EXECVE msg=audit(1733944193.750:86896): argc=2 a0="/bin/sh" a1="/etc/update-motd.d/95-hwe-eol"
type=CWD msg=audit(1733944193.750:86896): cwd="/"
type=PATH msg=audit(1733944193.750:86896): item=0 name="/etc/update-motd.d/95-hwe-eol" inode=100 dev=08:01 mode=0100755 ouid=0 ogid=0 rdev=00:00 nametype=NORMAL cap_fp=0 cap_fi=0 cap_fe=0 cap_fver=0 cap_frootid=0
type=PATH msg=audit(1733944193.750:86896): item=1 name="/bin/sh" inode=1616 dev=08:01 mode=0100755 ouid=0 ogid=0 rdev=00:00 nametype=NORMAL cap_fp=0 cap_fi=0 cap_fe=0 cap_fver=0 cap_frootid=0
type=PATH msg=audit(1733944193.750:86896): item=2 name="/lib64/ld-linux-x86-64.so.2" inode=4742 dev=08:01 mode=0100755 ouid=0 ogid=0 rdev=00:00 nametype=NORMAL cap_fp=0 cap_fi=0 cap_fe=0 cap_fver=0 cap_frootid=0
type=PROCTITLE msg=audit(1733944193.750:86896): proctitle=2F62696E2F7368002F6574632F7570646174652D6D6F74642E642F39352D6877652D656F6C
type=SYSCALL msg=audit(1733944193.750:86897): arch=c000003e syscall=59 success=yes exit=0 a0=55cf62f4f368 a1=55cf62f4f3b8 a2=55cf62f4f3c8 a3=55cf2d9b0c80 items=3 ppid=19631 pid=19670 auid=1003 uid=0 gid=0 euid=0 suid=0 fsuid=0 egid=0 sgid=0 fsgid=0 tty=(none) ses=24 comm="update-motd-hwe" exe="/usr/bin/dash" subj=unconfined
type=EXECVE msg=audit(1733944193.750:86897): argc=3 a0="/bin/sh" a1="-e" a2="/usr/lib/update-notifier/update-motd-hwe-eol"
type=CWD msg=audit(1733944193.750:86897): cwd="/"
type=PATH msg=audit(1733944193.750:86897): item=0 name="/usr/lib/update-notifier/update-motd-hwe-eol" inode=14582 dev=08:01 mode=0100755 ouid=0 ogid=0 rdev=00:00 nametype=NORMAL cap_fp=0 cap_fi=0 cap_fe=0 cap_fver=0 cap_frootid=0
type=PATH msg=audit(1733944193.750:86897): item=1 name="/bin/sh" inode=1616 dev=08:01 mode=0100755 ouid=0 ogid=0 rdev=00:00 nametype=NORMAL cap_fp=0 cap_fi=0 cap_fe=0 cap_fver=0 cap_frootid=0
type=PATH msg=audit(1733944193.750:86897): item=2 name="/lib64/ld-linux-x86-64.so.2" inode=4742 dev=08:01 mode=0100755 ouid=0 ogid=0 rdev=00:00 nametype=NORMAL cap_fp=0 cap_fi=0 cap_fe=0 cap_fver=0 cap_frootid=0
type=PROCTITLE msg=audit(1733944193.750:86897): proctitle=2F62696E2F7368002F6574632F7570646174652D6D6F74642E642F39352D6877652D656F6C
type=SYSCALL msg=audit(1733944193.750:86898): arch=c000003e syscall=59 success=yes exit=0 a0=55f8e7d77650 a1=55f8e7d77618 a2=55f8e7d77638 a3=7fab7a46f850 items=2 ppid=19670 pid=19671 auid=1003 uid=0 gid=0 euid=0 suid=0 fsuid=0 egid=0 sgid=0 fsgid=0 tty=(none) ses=24 comm="systemd-detect-" exe="/usr/bin/systemd-detect-virt" subj=unconfined
type=EXECVE msg=audit(1733944193.750:86898): argc=3 a0="systemd-detect-virt" a1="-q" a2="-c"
type=CWD msg=audit(1733944193.750:86898): cwd="/"
type=PATH msg=audit(1733944193.750:86898): item=0 name="/usr/bin/systemd-detect-virt" inode=2007 dev=08:01 mode=0100755 ouid=0 ogid=0 rdev=00:00 nametype=NORMAL cap_fp=0 cap_fi=0 cap_fe=0 cap_fver=0 cap_frootid=0
type=PATH msg=audit(1733944193.750:86898): item=1 name="/lib64/ld-linux-x86-64.so.2" inode=4742 dev=08:01 mode=0100755 ouid=0 ogid=0 rdev=00:00 nametype=NORMAL cap_fp=0 cap_fi=0 cap_fe=0 cap_fver=0 cap_frootid=0
type=PROCTITLE msg=audit(1733944193.750:86898): proctitle=73797374656D642D6465746563742D76697274002D71002D63
type=SYSCALL msg=audit(1733944193.754:86899): arch=c000003e syscall=59 success=yes exit=0 a0=55f8e7d77390 a1=55f8e7d77350 a2=55f8e7d77378 a3=7fab7a46f850 items=2 ppid=19670 pid=19672 auid=1003 uid=0 gid=0 euid=0 suid=0 fsuid=0 egid=0 sgid=0 fsgid=0 tty=(none) ses=24 comm="apt-config" exe="/usr/bin/apt-config" subj=unconfined
type=EXECVE msg=audit(1733944193.754:86899): argc=4 a0="apt-config" a1="shell" a2="StateDir" a3="Dir::State"
type=CWD msg=audit(1733944193.754:86899): cwd="/"
type=PATH msg=audit(1733944193.754:86899): item=0 name="/usr/bin/apt-config" inode=1882 dev=08:01 mode=0100755 ouid=0 ogid=0 rdev=00:00 nametype=NORMAL cap_fp=0 cap_fi=0 cap_fe=0 cap_fver=0 cap_frootid=0
type=PATH msg=audit(1733944193.754:86899): item=1 name="/lib64/ld-linux-x86-64.so.2" inode=4742 dev=08:01 mode=0100755 ouid=0 ogid=0 rdev=00:00 nametype=NORMAL cap_fp=0 cap_fi=0 cap_fe=0 cap_fver=0 cap_frootid=0
type=PROCTITLE msg=audit(1733944193.754:86899): proctitle=6170742D636F6E666967007368656C6C005374617465446972004469723A3A5374617465
type=SYSCALL msg=audit(1733944193.758:86900): arch=c000003e syscall=59 success=yes exit=0 a0=5586605c7710 a1=5586605d0900 a2=7ffe86ca7530 a3=5586605c5e63 items=2 ppid=19672 pid=19673 auid=1003 uid=0 gid=0 euid=0 suid=0 fsuid=0 egid=0 sgid=0 fsgid=0 tty=(none) ses=24 comm="dpkg" exe="/usr/bin/dpkg" subj=unconfined
type=EXECVE msg=audit(1733944193.758:86900): argc=2 a0="/usr/bin/dpkg" a1="--print-foreign-architectures"
type=CWD msg=audit(1733944193.758:86900): cwd="/"
type=PATH msg=audit(1733944193.758:86900): item=0 name="/usr/bin/dpkg" inode=1645 dev=08:01 mode=0100755 ouid=0 ogid=0 rdev=00:00 nametype=NORMAL cap_fp=0 cap_fi=0 cap_fe=0 cap_fver=0 cap_frootid=0
type=PATH msg=audit(1733944193.758:86900): item=1 name="/lib64/ld-linux-x86-64.so.2" inode=4742 dev=08:01 mode=0100755 ouid=0 ogid=0 rdev=00:00 nametype=NORMAL cap_fp=0 cap_fi=0 cap_fe=0 cap_fver=0 cap_frootid=0
type=PROCTITLE msg=audit(1733944193.758:86900): proctitle=2F7573722F62696E2F64706B67002D2D7072696E742D666F726569676E2D61726368697465637475726573
type=SYSCALL msg=audit(1733944193.762:86901): arch=c000003e syscall=59 success=yes exit=0 a0=55f8e7d77390 a1=55f8e7d77350 a2=55f8e7d77378 a3=7fab7a46f850 items=2 ppid=19670 pid=19674 auid=1003 uid=0 gid=0 euid=0 suid=0 fsuid=0 egid=0 sgid=0 fsgid=0 tty=(none) ses=24 comm="apt-config" exe="/usr/bin/apt-config" subj=unconfined
type=EXECVE msg=audit(1733944193.762:86901): argc=4 a0="apt-config" a1="shell" a2="ListDir" a3="Dir::State::Lists"
type=CWD msg=audit(1733944193.762:86901): cwd="/"
type=PATH msg=audit(1733944193.762:86901): item=0 name="/usr/bin/apt-config" inode=1882 dev=08:01 mode=0100755 ouid=0 ogid=0 rdev=00:00 nametype=NORMAL cap_fp=0 cap_fi=0 cap_fe=0 cap_fver=0 cap_frootid=0
type=PATH msg=audit(1733944193.762:86901): item=1 name="/lib64/ld-linux-x86-64.so.2" inode=4742 dev=08:01 mode=0100755 ouid=0 ogid=0 rdev=00:00 nametype=NORMAL cap_fp=0 cap_fi=0 cap_fe=0 cap_fver=0 cap_frootid=0
type=PROCTITLE msg=audit(1733944193.762:86901): proctitle=6170742D636F6E666967007368656C6C004C697374446972004469723A3A53746174653A3A4C69737473
type=SYSCALL msg=audit(1733944193.766:86902): arch=c000003e syscall=59 success=yes exit=0 a0=56479110e710 a1=564791117900 a2=7ffded8dd160 a3=56479110ce63 items=2 ppid=19674 pid=19675 auid=1003 uid=0 gid=0 euid=0 suid=0 fsuid=0 egid=0 sgid=0 fsgid=0 tty=(none) ses=24 comm="dpkg" exe="/usr/bin/dpkg" subj=unconfined
type=EXECVE msg=audit(1733944193.766:86902): argc=2 a0="/usr/bin/dpkg" a1="--print-foreign-architectures"
type=CWD msg=audit(1733944193.766:86902): cwd="/"
type=PATH msg=audit(1733944193.766:86902): item=0 name="/usr/bin/dpkg" inode=1645 dev=08:01 mode=0100755 ouid=0 ogid=0 rdev=00:00 nametype=NORMAL cap_fp=0 cap_fi=0 cap_fe=0 cap_fver=0 cap_frootid=0
type=PATH msg=audit(1733944193.766:86902): item=1 name="/lib64/ld-linux-x86-64.so.2" inode=4742 dev=08:01 mode=0100755 ouid=0 ogid=0 rdev=00:00 nametype=NORMAL cap_fp=0 cap_fi=0 cap_fe=0 cap_fver=0 cap_frootid=0
type=PROCTITLE msg=audit(1733944193.766:86902): proctitle=2F7573722F62696E2F64706B67002D2D7072696E742D666F726569676E2D61726368697465637475726573
type=SYSCALL msg=audit(1733944193.770:86903): arch=c000003e syscall=59 success=yes exit=0 a0=55f8e7d773a0 a1=55f8e7d77360 a2=55f8e7d77388 a3=7fab7a46f850 items=2 ppid=19670 pid=19676 auid=1003 uid=0 gid=0 euid=0 suid=0 fsuid=0 egid=0 sgid=0 fsgid=0 tty=(none) ses=24 comm="apt-config" exe="/usr/bin/apt-config" subj=unconfined
type=EXECVE msg=audit(1733944193.770:86903): argc=4 a0="apt-config" a1="shell" a2="DpkgStatus" a3="Dir::State::status"
type=CWD msg=audit(1733944193.770:86903): cwd="/"
type=PATH msg=audit(1733944193.770:86903): item=0 name="/usr/bin/apt-config" inode=1882 dev=08:01 mode=0100755 ouid=0 ogid=0 rdev=00:00 nametype=NORMAL cap_fp=0 cap_fi=0 cap_fe=0 cap_fver=0 cap_frootid=0
type=PATH msg=audit(1733944193.770:86903): item=1 name="/lib64/ld-linux-x86-64.so.2" inode=4742 dev=08:01 mode=0100755 ouid=0 ogid=0 rdev=00:00 nametype=NORMAL cap_fp=0 cap_fi=0 cap_fe=0 cap_fver=0 cap_frootid=0
type=PROCTITLE msg=audit(1733944193.770:86903): proctitle=6170742D636F6E666967007368656C6C0044706B67537461747573004469723A3A53746174653A3A737461747573
type=SYSCALL msg=audit(1733944193.774:86904): arch=c000003e syscall=59 success=yes exit=0 a0=564e66010710 a1=564e66019900 a2=7ffe85795110 a3=564e6600ee63 items=2 ppid=19676 pid=19677 auid=1003 uid=0 gid=0 euid=0 suid=0 fsuid=0 egid=0 sgid=0 fsgid=0 tty=(none) ses=24 comm="dpkg" exe="/usr/bin/dpkg" subj=unconfined
type=EXECVE msg=audit(1733944193.774:86904): argc=2 a0="/usr/bin/dpkg" a1="--print-foreign-architectures"
type=CWD msg=audit(1733944193.774:86904): cwd="/"
type=PATH msg=audit(1733944193.774:86904): item=0 name="/usr/bin/dpkg" inode=1645 dev=08:01 mode=0100755 ouid=0 ogid=0 rdev=00:00 nametype=NORMAL cap_fp=0 cap_fi=0 cap_fe=0 cap_fver=0 cap_frootid=0
type=PATH msg=audit(1733944193.774:86904): item=1 name="/lib64/ld-linux-x86-64.so.2" inode=4742 dev=08:01 mode=0100755 ouid=0 ogid=0 rdev=00:00 nametype=NORMAL cap_fp=0 cap_fi=0 cap_fe=0 cap_fver=0 cap_frootid=0
type=PROCTITLE msg=audit(1733944193.774:86904): proctitle=2F7573722F62696E2F64706B67002D2D7072696E742D666F726569676E2D61726368697465637475726573
type=SYSCALL msg=audit(1733944193.774:86905): arch=c000003e syscall=59 success=yes exit=0 a0=55f8e7d77390 a1=55f8e7d77350 a2=55f8e7d77378 a3=7fab7a46f850 items=2 ppid=19670 pid=19678 auid=1003 uid=0 gid=0 euid=0 suid=0 fsuid=0 egid=0 sgid=0 fsgid=0 tty=(none) ses=24 comm="apt-config" exe="/usr/bin/apt-config" subj=unconfined
type=EXECVE msg=audit(1733944193.774:86905): argc=4 a0="apt-config" a1="shell" a2="EtcDir" a3="Dir::Etc"
type=CWD msg=audit(1733944193.774:86905): cwd="/"
type=PATH msg=audit(1733944193.774:86905): item=0 name="/usr/bin/apt-config" inode=1882 dev=08:01 mode=0100755 ouid=0 ogid=0 rdev=00:00 nametype=NORMAL cap_fp=0 cap_fi=0 cap_fe=0 cap_fver=0 cap_frootid=0
type=PATH msg=audit(1733944193.774:86905): item=1 name="/lib64/ld-linux-x86-64.so.2" inode=4742 dev=08:01 mode=0100755 ouid=0 ogid=0 rdev=00:00 nametype=NORMAL cap_fp=0 cap_fi=0 cap_fe=0 cap_fver=0 cap_frootid=0
type=PROCTITLE msg=audit(1733944193.774:86905): proctitle=6170742D636F6E666967007368656C6C00457463446972004469723A3A457463
type=SYSCALL msg=audit(1733944193.778:86906): arch=c000003e syscall=59 success=yes exit=0 a0=55776df40710 a1=55776df49900 a2=7ffe83feeea0 a3=55776df3ee63 items=2 ppid=19678 pid=19679 auid=1003 uid=0 gid=0 euid=0 suid=0 fsuid=0 egid=0 sgid=0 fsgid=0 tty=(none) ses=24 comm="dpkg" exe="/usr/bin/dpkg" subj=unconfined
type=EXECVE msg=audit(1733944193.778:86906): argc=2 a0="/usr/bin/dpkg" a1="--print-foreign-architectures"
type=CWD msg=audit(1733944193.778:86906): cwd="/"
type=PATH msg=audit(1733944193.778:86906): item=0 name="/usr/bin/dpkg" inode=1645 dev=08:01 mode=0100755 ouid=0 ogid=0 rdev=00:00 nametype=NORMAL cap_fp=0 cap_fi=0 cap_fe=0 cap_fver=0 cap_frootid=0
type=PATH msg=audit(1733944193.778:86906): item=1 name="/lib64/ld-linux-x86-64.so.2" inode=4742 dev=08:01 mode=0100755 ouid=0 ogid=0 rdev=00:00 nametype=NORMAL cap_fp=0 cap_fi=0 cap_fe=0 cap_fver=0 cap_frootid=0
type=PROCTITLE msg=audit(1733944193.778:86906): proctitle=2F7573722F62696E2F64706B67002D2D7072696E742D666F726569676E2D61726368697465637475726573
type=SYSCALL msg=audit(1733944193.782:86907): arch=c000003e syscall=59 success=yes exit=0 a0=55f8e7d773a0 a1=55f8e7d77360 a2=55f8e7d77388 a3=7fab7a46f850 items=2 ppid=19670 pid=19680 auid=1003 uid=0 gid=0 euid=0 suid=0 fsuid=0 egid=0 sgid=0 fsgid=0 tty=(none) ses=24 comm="apt-config" exe="/usr/bin/apt-config" subj=unconfined
type=EXECVE msg=audit(1733944193.782:86907): argc=4 a0="apt-config" a1="shell" a2="SourceList" a3="Dir::Etc::sourcelist"
type=CWD msg=audit(1733944193.782:86907): cwd="/"
type=PATH msg=audit(1733944193.782:86907): item=0 name="/usr/bin/apt-config" inode=1882 dev=08:01 mode=0100755 ouid=0 ogid=0 rdev=00:00 nametype=NORMAL cap_fp=0 cap_fi=0 cap_fe=0 cap_fver=0 cap_frootid=0
type=PATH msg=audit(1733944193.782:86907): item=1 name="/lib64/ld-linux-x86-64.so.2" inode=4742 dev=08:01 mode=0100755 ouid=0 ogid=0 rdev=00:00 nametype=NORMAL cap_fp=0 cap_fi=0 cap_fe=0 cap_fver=0 cap_frootid=0
type=PROCTITLE msg=audit(1733944193.782:86907): proctitle=6170742D636F6E666967007368656C6C00536F757263654C697374004469723A3A4574633A3A736F757263656C697374
type=SYSCALL msg=audit(1733944193.786:86908): arch=c000003e syscall=59 success=yes exit=0 a0=5611fad94710 a1=5611fad9d900 a2=7ffe2ec7da50 a3=5611fad92e63 items=2 ppid=19680 pid=19681 auid=1003 uid=0 gid=0 euid=0 suid=0 fsuid=0 egid=0 sgid=0 fsgid=0 tty=(none) ses=24 comm="dpkg" exe="/usr/bin/dpkg" subj=unconfined
type=EXECVE msg=audit(1733944193.786:86908): argc=2 a0="/usr/bin/dpkg" a1="--print-foreign-architectures"
type=CWD msg=audit(1733944193.786:86908): cwd="/"
type=PATH msg=audit(1733944193.786:86908): item=0 name="/usr/bin/dpkg" inode=1645 dev=08:01 mode=0100755 ouid=0 ogid=0 rdev=00:00 nametype=NORMAL cap_fp=0 cap_fi=0 cap_fe=0 cap_fver=0 cap_frootid=0
type=PATH msg=audit(1733944193.786:86908): item=1 name="/lib64/ld-linux-x86-64.so.2" inode=4742 dev=08:01 mode=0100755 ouid=0 ogid=0 rdev=00:00 nametype=NORMAL cap_fp=0 cap_fi=0 cap_fe=0 cap_fver=0 cap_frootid=0
type=PROCTITLE msg=audit(1733944193.786:86908): proctitle=2F7573722F62696E2F64706B67002D2D7072696E742D666F726569676E2D61726368697465637475726573
type=SYSCALL msg=audit(1733944193.790:86909): arch=c000003e syscall=59 success=yes exit=0 a0=55f8e7d7a198 a1=55f8e7d7a0b8 a2=55f8e7d7a130 a3=1b6 items=2 ppid=19670 pid=19682 auid=1003 uid=0 gid=0 euid=0 suid=0 fsuid=0 egid=0 sgid=0 fsgid=0 tty=(none) ses=24 comm="find" exe="/usr/bin/find" subj=unconfined
type=EXECVE msg=audit(1733944193.790:86909): argc=10 a0="find" a1="/var/lib/apt/lists/" a2="/etc/apt/sources.list" a3="//var/lib/dpkg/status" a4="-type" a5="f" a6="-newer" a7="/var/lib/update-notifier/hwe-eol" a8="-print" a9="-quit"
type=CWD msg=audit(1733944193.790:86909): cwd="/"
type=PATH msg=audit(1733944193.790:86909): item=0 name="/usr/bin/find" inode=1684 dev=08:01 mode=0100755 ouid=0 ogid=0 rdev=00:00 nametype=NORMAL cap_fp=0 cap_fi=0 cap_fe=0 cap_fver=0 cap_frootid=0
type=PATH msg=audit(1733944193.790:86909): item=1 name="/lib64/ld-linux-x86-64.so.2" inode=4742 dev=08:01 mode=0100755 ouid=0 ogid=0 rdev=00:00 nametype=NORMAL cap_fp=0 cap_fi=0 cap_fe=0 cap_fver=0 cap_frootid=0
type=PROCTITLE msg=audit(1733944193.790:86909): proctitle=66696E64002F7661722F6C69622F6170742F6C697374732F002F6574632F6170742F736F75726365732E6C697374002F2F7661722F6C69622F64706B672F737461747573002D747970650066002D6E65776572002F7661722F6C69622F7570646174652D6E6F7469666965722F6877652D656F6C002D7072696E74002D717569
type=SYSCALL msg=audit(1733944193.790:86910): arch=c000003e syscall=59 success=yes exit=0 a0=55f8e7d775c0 a1=55f8e7d77590 a2=55f8e7d775a8 a3=7fab7a46f850 items=2 ppid=19670 pid=19683 auid=1003 uid=0 gid=0 euid=0 suid=0 fsuid=0 egid=0 sgid=0 fsgid=0 tty=(none) ses=24 comm="id" exe="/usr/bin/id" subj=unconfined
type=EXECVE msg=audit(1733944193.790:86910): argc=2 a0="id" a1="-u"
type=CWD msg=audit(1733944193.790:86910): cwd="/"
type=PATH msg=audit(1733944193.790:86910): item=0 name="/usr/bin/id" inode=1819 dev=08:01 mode=0100755 ouid=0 ogid=0 rdev=00:00 nametype=NORMAL cap_fp=0 cap_fi=0 cap_fe=0 cap_fver=0 cap_frootid=0
type=PATH msg=audit(1733944193.790:86910): item=1 name="/lib64/ld-linux-x86-64.so.2" inode=4742 dev=08:01 mode=0100755 ouid=0 ogid=0 rdev=00:00 nametype=NORMAL cap_fp=0 cap_fi=0 cap_fe=0 cap_fver=0 cap_frootid=0
type=PROCTITLE msg=audit(1733944193.790:86910): proctitle=6964002D75
type=SYSCALL msg=audit(1733944193.794:86911): arch=c000003e syscall=59 success=yes exit=0 a0=55f8e7d773c0 a1=55f8e7d77390 a2=55f8e7d773a8 a3=73 items=2 ppid=19684 pid=19685 auid=1003 uid=0 gid=0 euid=0 suid=0 fsuid=0 egid=0 sgid=0 fsgid=0 tty=(none) ses=24 comm="dirname" exe="/usr/bin/dirname" subj=unconfined
type=EXECVE msg=audit(1733944193.794:86911): argc=2 a0="dirname" a1="/var/lib/update-notifier/hwe-eol"
type=CWD msg=audit(1733944193.794:86911): cwd="/"
type=PATH msg=audit(1733944193.794:86911): item=0 name="/usr/bin/dirname" inode=1808 dev=08:01 mode=0100755 ouid=0 ogid=0 rdev=00:00 nametype=NORMAL cap_fp=0 cap_fi=0 cap_fe=0 cap_fver=0 cap_frootid=0
type=PATH msg=audit(1733944193.794:86911): item=1 name="/lib64/ld-linux-x86-64.so.2" inode=4742 dev=08:01 mode=0100755 ouid=0 ogid=0 rdev=00:00 nametype=NORMAL cap_fp=0 cap_fi=0 cap_fe=0 cap_fver=0 cap_frootid=0
type=PROCTITLE msg=audit(1733944193.794:86911): proctitle=6469726E616D65002F7661722F6C69622F7570646174652D6E6F7469666965722F6877652D656F6C
type=SYSCALL msg=audit(1733944193.794:86912): arch=c000003e syscall=59 success=yes exit=0 a0=55f8e7d773b8 a1=55f8e7d77380 a2=55f8e7d773a0 a3=55f8e7d79870 items=2 ppid=19670 pid=19684 auid=1003 uid=0 gid=0 euid=0 suid=0 fsuid=0 egid=0 sgid=0 fsgid=0 tty=(none) ses=24 comm="mktemp" exe="/usr/bin/mktemp" subj=unconfined
type=EXECVE msg=audit(1733944193.794:86912): argc=3 a0="mktemp" a1="-p" a2="/var/lib/update-notifier"
type=CWD msg=audit(1733944193.794:86912): cwd="/"
type=PATH msg=audit(1733944193.794:86912): item=0 name="/usr/bin/mktemp" inode=1654 dev=08:01 mode=0100755 ouid=0 ogid=0 rdev=00:00 nametype=NORMAL cap_fp=0 cap_fi=0 cap_fe=0 cap_fver=0 cap_frootid=0
type=PATH msg=audit(1733944193.794:86912): item=1 name="/lib64/ld-linux-x86-64.so.2" inode=4742 dev=08:01 mode=0100755 ouid=0 ogid=0 rdev=00:00 nametype=NORMAL cap_fp=0 cap_fi=0 cap_fe=0 cap_fver=0 cap_frootid=0
type=PROCTITLE msg=audit(1733944193.794:86912): proctitle=6D6B74656D70002D70002F7661722F6C69622F7570646174652D6E6F746966696572
type=SYSCALL msg=audit(1733944193.794:86913): arch=c000003e syscall=59 success=yes exit=0 a0=55f8e7d774b8 a1=55f8e7d774f0 a2=55f8e7d77500 a3=7fab7a46f850 items=3 ppid=19670 pid=19686 auid=1003 uid=0 gid=0 euid=0 suid=0 fsuid=0 egid=0 sgid=0 fsgid=0 tty=(none) ses=24 comm="hwe-support-sta" exe="/usr/bin/python3.8" subj=unconfined
type=EXECVE msg=audit(1733944193.794:86913): argc=2 a0="/usr/bin/python3" a1="/usr/bin/hwe-support-status"
type=CWD msg=audit(1733944193.794:86913): cwd="/"
type=PATH msg=audit(1733944193.794:86913): item=0 name="/usr/bin/hwe-support-status" inode=2174 dev=08:01 mode=0100755 ouid=0 ogid=0 rdev=00:00 nametype=NORMAL cap_fp=0 cap_fi=0 cap_fe=0 cap_fver=0 cap_frootid=0
type=PATH msg=audit(1733944193.794:86913): item=1 name="/usr/bin/python3" inode=6912 dev=08:01 mode=0100755 ouid=0 ogid=0 rdev=00:00 nametype=NORMAL cap_fp=0 cap_fi=0 cap_fe=0 cap_fver=0 cap_frootid=0
type=PATH msg=audit(1733944193.794:86913): item=2 name="/lib64/ld-linux-x86-64.so.2" inode=4742 dev=08:01 mode=0100755 ouid=0 ogid=0 rdev=00:00 nametype=NORMAL cap_fp=0 cap_fi=0 cap_fe=0 cap_fver=0 cap_frootid=0
type=PROCTITLE msg=audit(1733944193.794:86913): proctitle=2F7573722F62696E2F707974686F6E33002F7573722F62696E2F6877652D737570706F72742D737461747573
type=SYSCALL msg=audit(1733944193.870:86914): arch=c000003e syscall=59 success=no exit=-2 a0=7fceb4277030 a1=7fceb42770f0 a2=378ce840 a3=413820 items=1 ppid=19686 pid=19687 auid=1003 uid=0 gid=0 euid=0 suid=0 fsuid=0 egid=0 sgid=0 fsgid=0 tty=(none) ses=24 comm="hwe-support-sta" exe="/usr/bin/python3.8" subj=unconfined
type=CWD msg=audit(1733944193.870:86914): cwd="/"
type=PATH msg=audit(1733944193.870:86914): item=0 name="/usr/local/sbin/lsb_release" nametype=UNKNOWN cap_fp=0 cap_fi=0 cap_fe=0 cap_fver=0 cap_frootid=0
type=PROCTITLE msg=audit(1733944193.870:86914): proctitle=2F7573722F62696E2F707974686F6E33002F7573722F62696E2F6877652D737570706F72742D737461747573
type=SYSCALL msg=audit(1733944193.870:86915): arch=c000003e syscall=59 success=no exit=-2 a0=7fceb4277050 a1=7fceb42770f0 a2=378ce840 a3=413820 items=1 ppid=19686 pid=19687 auid=1003 uid=0 gid=0 euid=0 suid=0 fsuid=0 egid=0 sgid=0 fsgid=0 tty=(none) ses=24 comm="hwe-support-sta" exe="/usr/bin/python3.8" subj=unconfined
type=CWD msg=audit(1733944193.870:86915): cwd="/"
type=PATH msg=audit(1733944193.870:86915): item=0 name="/usr/local/bin/lsb_release" nametype=UNKNOWN cap_fp=0 cap_fi=0 cap_fe=0 cap_fver=0 cap_frootid=0
type=PROCTITLE msg=audit(1733944193.870:86915): proctitle=2F7573722F62696E2F707974686F6E33002F7573722F62696E2F6877652D737570706F72742D737461747573
type=SYSCALL msg=audit(1733944193.870:86916): arch=c000003e syscall=59 success=no exit=-2 a0=7fceb4277070 a1=7fceb42770f0 a2=378ce840 a3=413820 items=1 ppid=19686 pid=19687 auid=1003 uid=0 gid=0 euid=0 suid=0 fsuid=0 egid=0 sgid=0 fsgid=0 tty=(none) ses=24 comm="hwe-support-sta" exe="/usr/bin/python3.8" subj=unconfined
type=CWD msg=audit(1733944193.870:86916): cwd="/"
type=PATH msg=audit(1733944193.870:86916): item=0 name="/usr/sbin/lsb_release" nametype=UNKNOWN cap_fp=0 cap_fi=0 cap_fe=0 cap_fver=0 cap_frootid=0
type=PROCTITLE msg=audit(1733944193.870:86916): proctitle=2F7573722F62696E2F707974686F6E33002F7573722F62696E2F6877652D737570706F72742D737461747573
type=SYSCALL msg=audit(1733944193.870:86917): arch=c000003e syscall=59 success=yes exit=0 a0=7fceb4277090 a1=7fceb42770f0 a2=378ce840 a3=413820 items=3 ppid=19686 pid=19687 auid=1003 uid=0 gid=0 euid=0 suid=0 fsuid=0 egid=0 sgid=0 fsgid=0 tty=(none) ses=24 comm="lsb_release" exe="/usr/bin/python3.8" subj=unconfined
type=EXECVE msg=audit(1733944193.870:86917): argc=5 a0="/usr/bin/python3" a1="-Es" a2="/usr/bin/lsb_release" a3="-c" a4="-s"
type=CWD msg=audit(1733944193.870:86917): cwd="/"
type=PATH msg=audit(1733944193.870:86917): item=0 name="/usr/bin/lsb_release" inode=2015 dev=08:01 mode=0100755 ouid=0 ogid=0 rdev=00:00 nametype=NORMAL cap_fp=0 cap_fi=0 cap_fe=0 cap_fver=0 cap_frootid=0
type=PATH msg=audit(1733944193.870:86917): item=1 name="/usr/bin/python3" inode=6912 dev=08:01 mode=0100755 ouid=0 ogid=0 rdev=00:00 nametype=NORMAL cap_fp=0 cap_fi=0 cap_fe=0 cap_fver=0 cap_frootid=0
type=PATH msg=audit(1733944193.870:86917): item=2 name="/lib64/ld-linux-x86-64.so.2" inode=4742 dev=08:01 mode=0100755 ouid=0 ogid=0 rdev=00:00 nametype=NORMAL cap_fp=0 cap_fi=0 cap_fe=0 cap_fver=0 cap_frootid=0
type=PROCTITLE msg=audit(1733944193.870:86917): proctitle=2F7573722F62696E2F707974686F6E33002F7573722F62696E2F6877652D737570706F72742D737461747573
type=SYSCALL msg=audit(1733944193.906:86918): arch=c000003e syscall=59 success=no exit=-2 a0=7fceb426ffb0 a1=7fceb4279030 a2=378ce840 a3=413820 items=1 ppid=19686 pid=19688 auid=1003 uid=0 gid=0 euid=0 suid=0 fsuid=0 egid=0 sgid=0 fsgid=0 tty=(none) ses=24 comm="hwe-support-sta" exe="/usr/bin/python3.8" subj=unconfined
type=CWD msg=audit(1733944193.906:86918): cwd="/"
type=PATH msg=audit(1733944193.906:86918): item=0 name="/usr/local/sbin/dpkg" nametype=UNKNOWN cap_fp=0 cap_fi=0 cap_fe=0 cap_fver=0 cap_frootid=0
type=PROCTITLE msg=audit(1733944193.906:86918): proctitle=2F7573722F62696E2F707974686F6E33002F7573722F62696E2F6877652D737570706F72742D737461747573
type=SYSCALL msg=audit(1733944193.906:86919): arch=c000003e syscall=59 success=no exit=-2 a0=7fceb426ffd0 a1=7fceb4279030 a2=378ce840 a3=413820 items=1 ppid=19686 pid=19688 auid=1003 uid=0 gid=0 euid=0 suid=0 fsuid=0 egid=0 sgid=0 fsgid=0 tty=(none) ses=24 comm="hwe-support-sta" exe="/usr/bin/python3.8" subj=unconfined
type=CWD msg=audit(1733944193.906:86919): cwd="/"
type=PATH msg=audit(1733944193.906:86919): item=0 name="/usr/local/bin/dpkg" nametype=UNKNOWN cap_fp=0 cap_fi=0 cap_fe=0 cap_fver=0 cap_frootid=0
type=PROCTITLE msg=audit(1733944193.906:86919): proctitle=2F7573722F62696E2F707974686F6E33002F7573722F62696E2F6877652D737570706F72742D737461747573
type=SYSCALL msg=audit(1733944193.906:86920): arch=c000003e syscall=59 success=no exit=-2 a0=7fceb4849490 a1=7fceb4279030 a2=378ce840 a3=413820 items=1 ppid=19686 pid=19688 auid=1003 uid=0 gid=0 euid=0 suid=0 fsuid=0 egid=0 sgid=0 fsgid=0 tty=(none) ses=24 comm="hwe-support-sta" exe="/usr/bin/python3.8" subj=unconfined
type=CWD msg=audit(1733944193.906:86920): cwd="/"
type=PATH msg=audit(1733944193.906:86920): item=0 name="/usr/sbin/dpkg" nametype=UNKNOWN cap_fp=0 cap_fi=0 cap_fe=0 cap_fver=0 cap_frootid=0
type=PROCTITLE msg=audit(1733944193.906:86920): proctitle=2F7573722F62696E2F707974686F6E33002F7573722F62696E2F6877652D737570706F72742D737461747573
type=SYSCALL msg=audit(1733944193.906:86921): arch=c000003e syscall=59 success=yes exit=0 a0=7fceb48494c0 a1=7fceb4279030 a2=378ce840 a3=413820 items=2 ppid=19686 pid=19688 auid=1003 uid=0 gid=0 euid=0 suid=0 fsuid=0 egid=0 sgid=0 fsgid=0 tty=(none) ses=24 comm="dpkg" exe="/usr/bin/dpkg" subj=unconfined
type=EXECVE msg=audit(1733944193.906:86921): argc=2 a0="dpkg" a1="--print-foreign-architectures"
type=CWD msg=audit(1733944193.906:86921): cwd="/"
type=PATH msg=audit(1733944193.906:86921): item=0 name="/usr/bin/dpkg" inode=1645 dev=08:01 mode=0100755 ouid=0 ogid=0 rdev=00:00 nametype=NORMAL cap_fp=0 cap_fi=0 cap_fe=0 cap_fver=0 cap_frootid=0
type=PATH msg=audit(1733944193.906:86921): item=1 name="/lib64/ld-linux-x86-64.so.2" inode=4742 dev=08:01 mode=0100755 ouid=0 ogid=0 rdev=00:00 nametype=NORMAL cap_fp=0 cap_fi=0 cap_fe=0 cap_fver=0 cap_frootid=0
type=PROCTITLE msg=audit(1733944193.906:86921): proctitle=2F7573722F62696E2F707974686F6E33002F7573722F62696E2F6877652D737570706F72742D737461747573
type=SYSCALL msg=audit(1733944193.930:86922): arch=c000003e syscall=59 success=yes exit=0 a0=55f8e7d775d8 a1=55f8e7d775a0 a2=55f8e7d775c0 a3=7fab7a46f850 items=2 ppid=19670 pid=19689 auid=1003 uid=0 gid=0 euid=0 suid=0 fsuid=0 egid=0 sgid=0 fsgid=0 tty=(none) ses=24 comm="mv" exe="/usr/bin/mv" subj=unconfined
type=EXECVE msg=audit(1733944193.930:86922): argc=3 a0="mv" a1="/var/lib/update-notifier/tmp.6uUiMef7oL" a2="/var/lib/update-notifier/hwe-eol"
type=CWD msg=audit(1733944193.930:86922): cwd="/"
type=PATH msg=audit(1733944193.930:86922): item=0 name="/usr/bin/mv" inode=1655 dev=08:01 mode=0100755 ouid=0 ogid=0 rdev=00:00 nametype=NORMAL cap_fp=0 cap_fi=0 cap_fe=0 cap_fver=0 cap_frootid=0
type=PATH msg=audit(1733944193.930:86922): item=1 name="/lib64/ld-linux-x86-64.so.2" inode=4742 dev=08:01 mode=0100755 ouid=0 ogid=0 rdev=00:00 nametype=NORMAL cap_fp=0 cap_fi=0 cap_fe=0 cap_fver=0 cap_frootid=0
type=PROCTITLE msg=audit(1733944193.930:86922): proctitle=6D76002F7661722F6C69622F7570646174652D6E6F7469666965722F746D702E367555694D6566376F4C002F7661722F6C69622F7570646174652D6E6F7469666965722F6877652D656F6C
type=SYSCALL msg=audit(1733944193.934:86923): arch=c000003e syscall=82 success=yes exit=0 a0=7ffcc4002f5b a1=7ffcc4002f83 a2=0 a3=100 items=5 ppid=19670 pid=19689 auid=1003 uid=0 gid=0 euid=0 suid=0 fsuid=0 egid=0 sgid=0 fsgid=0 tty=(none) ses=24 comm="mv" exe="/usr/bin/mv" subj=unconfined
type=CWD msg=audit(1733944193.934:86923): cwd="/"
type=PATH msg=audit(1733944193.934:86923): item=0 name="/var/lib/update-notifier/" inode=80695 dev=08:01 mode=040755 ouid=0 ogid=0 rdev=00:00 nametype=PARENT cap_fp=0 cap_fi=0 cap_fe=0 cap_fver=0 cap_frootid=0
type=PATH msg=audit(1733944193.934:86923): item=1 name="/var/lib/update-notifier/" inode=80695 dev=08:01 mode=040755 ouid=0 ogid=0 rdev=00:00 nametype=PARENT cap_fp=0 cap_fi=0 cap_fe=0 cap_fver=0 cap_frootid=0
type=PATH msg=audit(1733944193.934:86923): item=2 name="/var/lib/update-notifier/tmp.6uUiMef7oL" inode=1492 dev=08:01 mode=0100600 ouid=0 ogid=0 rdev=00:00 nametype=DELETE cap_fp=0 cap_fi=0 cap_fe=0 cap_fver=0 cap_frootid=0
type=PATH msg=audit(1733944193.934:86923): item=3 name="/var/lib/update-notifier/hwe-eol" inode=5864 dev=08:01 mode=0100600 ouid=0 ogid=0 rdev=00:00 nametype=DELETE cap_fp=0 cap_fi=0 cap_fe=0 cap_fver=0 cap_frootid=0
type=PATH msg=audit(1733944193.934:86923): item=4 name="/var/lib/update-notifier/hwe-eol" inode=1492 dev=08:01 mode=0100600 ouid=0 ogid=0 rdev=00:00 nametype=CREATE cap_fp=0 cap_fi=0 cap_fe=0 cap_fver=0 cap_frootid=0
type=PROCTITLE msg=audit(1733944193.934:86923): proctitle=6D76002F7661722F6C69622F7570646174652D6E6F7469666965722F746D702E367555694D6566376F4C002F7661722F6C69622F7570646174652D6E6F7469666965722F6877652D656F6C
type=SYSCALL msg=audit(1733944193.934:86924): arch=c000003e syscall=59 success=yes exit=0 a0=55f8cd2ebbd0 a1=55f8cd2ebba0 a2=55f8cd2ebbb8 a3=7fab7a46f850 items=2 ppid=19670 pid=19690 auid=1003 uid=0 gid=0 euid=0 suid=0 fsuid=0 egid=0 sgid=0 fsgid=0 tty=(none) ses=24 comm="cat" exe="/usr/bin/cat" subj=unconfined
type=EXECVE msg=audit(1733944193.934:86924): argc=2 a0="cat" a1="/var/lib/update-notifier/hwe-eol"
type=CWD msg=audit(1733944193.934:86924): cwd="/"
type=PATH msg=audit(1733944193.934:86924): item=0 name="/usr/bin/cat" inode=1603 dev=08:01 mode=0100755 ouid=0 ogid=0 rdev=00:00 nametype=NORMAL cap_fp=0 cap_fi=0 cap_fe=0 cap_fver=0 cap_frootid=0
type=PATH msg=audit(1733944193.934:86924): item=1 name="/lib64/ld-linux-x86-64.so.2" inode=4742 dev=08:01 mode=0100755 ouid=0 ogid=0 rdev=00:00 nametype=NORMAL cap_fp=0 cap_fi=0 cap_fe=0 cap_fver=0 cap_frootid=0
type=PROCTITLE msg=audit(1733944193.934:86924): proctitle=636174002F7661722F6C69622F7570646174652D6E6F7469666965722F6877652D656F6C
type=SYSCALL msg=audit(1733944193.934:86925): arch=c000003e syscall=59 success=yes exit=0 a0=55f8cd2ebbf8 a1=55f8cd2ebbc0 a2=55f8cd2ebbe0 a3=7fab7a46f850 items=2 ppid=19670 pid=19691 auid=1003 uid=0 gid=0 euid=0 suid=0 fsuid=0 egid=0 sgid=0 fsgid=0 tty=(none) ses=24 comm="rm" exe="/usr/bin/rm" subj=unconfined
type=EXECVE msg=audit(1733944193.934:86925): argc=3 a0="rm" a1="-f" a2="/var/lib/update-notifier/tmp.6uUiMef7oL"
type=CWD msg=audit(1733944193.934:86925): cwd="/"
type=PATH msg=audit(1733944193.934:86925): item=0 name="/usr/bin/rm" inode=1658 dev=08:01 mode=0100755 ouid=0 ogid=0 rdev=00:00 nametype=NORMAL cap_fp=0 cap_fi=0 cap_fe=0 cap_fver=0 cap_frootid=0
type=PATH msg=audit(1733944193.934:86925): item=1 name="/lib64/ld-linux-x86-64.so.2" inode=4742 dev=08:01 mode=0100755 ouid=0 ogid=0 rdev=00:00 nametype=NORMAL cap_fp=0 cap_fi=0 cap_fe=0 cap_fver=0 cap_frootid=0
type=PROCTITLE msg=audit(1733944193.934:86925): proctitle=726D002D66002F7661722F6C69622F7570646174652D6E6F7469666965722F746D702E367555694D6566376F4C
type=SYSCALL msg=audit(1733944193.934:86926): arch=c000003e syscall=263 success=no exit=-2 a0=ffffff9c a1=55c282475380 a2=0 a3=0 items=1 ppid=19670 pid=19691 auid=1003 uid=0 gid=0 euid=0 suid=0 fsuid=0 egid=0 sgid=0 fsgid=0 tty=(none) ses=24 comm="rm" exe="/usr/bin/rm" subj=unconfined
type=CWD msg=audit(1733944193.934:86926): cwd="/"
type=PATH msg=audit(1733944193.934:86926): item=0 name="/var/lib/update-notifier/" inode=80695 dev=08:01 mode=040755 ouid=0 ogid=0 rdev=00:00 nametype=PARENT cap_fp=0 cap_fi=0 cap_fe=0 cap_fver=0 cap_frootid=0
type=PROCTITLE msg=audit(1733944193.934:86926): proctitle=726D002D66002F7661722F6C69622F7570646174652D6E6F7469666965722F746D702E367555694D6566376F4C
type=SYSCALL msg=audit(1733944193.934:86927): arch=c000003e syscall=59 success=yes exit=0 a0=556560017d40 a1=5565600132a0 a2=7ffff2672a58 a3=0 items=3 ppid=19631 pid=19692 auid=1003 uid=0 gid=0 euid=0 suid=0 fsuid=0 egid=0 sgid=0 fsgid=0 tty=(none) ses=24 comm="97-overlayroot" exe="/usr/bin/dash" subj=unconfined
type=EXECVE msg=audit(1733944193.934:86927): argc=2 a0="/bin/sh" a1="/etc/update-motd.d/97-overlayroot"
type=CWD msg=audit(1733944193.934:86927): cwd="/"
type=PATH msg=audit(1733944193.934:86927): item=0 name="/etc/update-motd.d/97-overlayroot" inode=104 dev=08:01 mode=0100755 ouid=0 ogid=0 rdev=00:00 nametype=NORMAL cap_fp=0 cap_fi=0 cap_fe=0 cap_fver=0 cap_frootid=0
type=PATH msg=audit(1733944193.934:86927): item=1 name="/bin/sh" inode=1616 dev=08:01 mode=0100755 ouid=0 ogid=0 rdev=00:00 nametype=NORMAL cap_fp=0 cap_fi=0 cap_fe=0 cap_fver=0 cap_frootid=0
type=PATH msg=audit(1733944193.934:86927): item=2 name="/lib64/ld-linux-x86-64.so.2" inode=4742 dev=08:01 mode=0100755 ouid=0 ogid=0 rdev=00:00 nametype=NORMAL cap_fp=0 cap_fi=0 cap_fe=0 cap_fver=0 cap_frootid=0
type=PROCTITLE msg=audit(1733944193.934:86927): proctitle=2F62696E2F7368002F6574632F7570646174652D6D6F74642E642F39372D6F7665726C6179726F6F74
type=SYSCALL msg=audit(1733944193.934:86928): arch=c000003e syscall=59 success=yes exit=0 a0=560394bea480 a1=560394bea428 a2=560394bea468 a3=1b6 items=3 ppid=19693 pid=19694 auid=1003 uid=0 gid=0 euid=0 suid=0 fsuid=0 egid=0 sgid=0 fsgid=0 tty=(none) ses=24 comm="egrep" exe="/usr/bin/dash" subj=unconfined
type=EXECVE msg=audit(1733944193.934:86928): argc=4 a0="/bin/sh" a1="/usr/bin/egrep" a2="overlayroot|/media/root-ro|/media/root-rw" a3="/proc/mounts"
type=CWD msg=audit(1733944193.934:86928): cwd="/"
type=PATH msg=audit(1733944193.934:86928): item=0 name="/usr/bin/egrep" inode=1686 dev=08:01 mode=0100755 ouid=0 ogid=0 rdev=00:00 nametype=NORMAL cap_fp=0 cap_fi=0 cap_fe=0 cap_fver=0 cap_frootid=0
type=PATH msg=audit(1733944193.934:86928): item=1 name="/bin/sh" inode=1616 dev=08:01 mode=0100755 ouid=0 ogid=0 rdev=00:00 nametype=NORMAL cap_fp=0 cap_fi=0 cap_fe=0 cap_fver=0 cap_frootid=0
type=PATH msg=audit(1733944193.934:86928): item=2 name="/lib64/ld-linux-x86-64.so.2" inode=4742 dev=08:01 mode=0100755 ouid=0 ogid=0 rdev=00:00 nametype=NORMAL cap_fp=0 cap_fi=0 cap_fe=0 cap_fver=0 cap_frootid=0
type=PROCTITLE msg=audit(1733944193.934:86928): proctitle=2F62696E2F7368002F7573722F62696E2F6567726570006F7665726C6179726F6F747C2F6D656469612F726F6F742D726F7C2F6D656469612F726F6F742D7277002F70726F632F6D6F756E7473
type=SYSCALL msg=audit(1733944193.938:86929): arch=c000003e syscall=59 success=yes exit=0 a0=560394bea408 a1=560394bea3d8 a2=560394bea3f0 a3=7f9abecdf850 items=2 ppid=19693 pid=19695 auid=1003 uid=0 gid=0 euid=0 suid=0 fsuid=0 egid=0 sgid=0 fsgid=0 tty=(none) ses=24 comm="sort" exe="/usr/bin/sort" subj=unconfined
type=EXECVE msg=audit(1733944193.938:86929): argc=2 a0="sort" a1="-r"
type=CWD msg=audit(1733944193.938:86929): cwd="/"
type=PATH msg=audit(1733944193.938:86929): item=0 name="/usr/bin/sort" inode=1849 dev=08:01 mode=0100755 ouid=0 ogid=0 rdev=00:00 nametype=NORMAL cap_fp=0 cap_fi=0 cap_fe=0 cap_fver=0 cap_frootid=0
type=PATH msg=audit(1733944193.938:86929): item=1 name="/lib64/ld-linux-x86-64.so.2" inode=4742 dev=08:01 mode=0100755 ouid=0 ogid=0 rdev=00:00 nametype=NORMAL cap_fp=0 cap_fi=0 cap_fe=0 cap_fver=0 cap_frootid=0
type=PROCTITLE msg=audit(1733944193.938:86929): proctitle=736F7274002D72
type=SYSCALL msg=audit(1733944193.938:86930): arch=c000003e syscall=59 success=no exit=-2 a0=556a34b44c80 a1=556a34b44c40 a2=556a34b44c68 a3=556a34b3bda2 items=1 ppid=19693 pid=19694 auid=1003 uid=0 gid=0 euid=0 suid=0 fsuid=0 egid=0 sgid=0 fsgid=0 tty=(none) ses=24 comm="egrep" exe="/usr/bin/dash" subj=unconfined
type=CWD msg=audit(1733944193.938:86930): cwd="/"
type=PATH msg=audit(1733944193.938:86930): item=0 name="/usr/local/sbin/grep" nametype=UNKNOWN cap_fp=0 cap_fi=0 cap_fe=0 cap_fver=0 cap_frootid=0
type=PROCTITLE msg=audit(1733944193.938:86930): proctitle=2F62696E2F7368002F7573722F62696E2F6567726570006F7665726C6179726F6F747C2F6D656469612F726F6F742D726F7C2F6D656469612F726F6F742D7277002F70726F632F6D6F756E7473
type=SYSCALL msg=audit(1733944193.938:86931): arch=c000003e syscall=59 success=no exit=-2 a0=556a34b44c80 a1=556a34b44c40 a2=556a34b44c68 a3=556a34b3bda2 items=1 ppid=19693 pid=19694 auid=1003 uid=0 gid=0 euid=0 suid=0 fsuid=0 egid=0 sgid=0 fsgid=0 tty=(none) ses=24 comm="egrep" exe="/usr/bin/dash" subj=unconfined
type=CWD msg=audit(1733944193.938:86931): cwd="/"
type=PATH msg=audit(1733944193.938:86931): item=0 name="/usr/local/bin/grep" nametype=UNKNOWN cap_fp=0 cap_fi=0 cap_fe=0 cap_fver=0 cap_frootid=0
type=PROCTITLE msg=audit(1733944193.938:86931): proctitle=2F62696E2F7368002F7573722F62696E2F6567726570006F7665726C6179726F6F747C2F6D656469612F726F6F742D726F7C2F6D656469612F726F6F742D7277002F70726F632F6D6F756E7473
type=SYSCALL msg=audit(1733944193.938:86932): arch=c000003e syscall=59 success=no exit=-2 a0=556a34b44c80 a1=556a34b44c40 a2=556a34b44c68 a3=556a34b3bda2 items=1 ppid=19693 pid=19694 auid=1003 uid=0 gid=0 euid=0 suid=0 fsuid=0 egid=0 sgid=0 fsgid=0 tty=(none) ses=24 comm="egrep" exe="/usr/bin/dash" subj=unconfined
type=CWD msg=audit(1733944193.938:86932): cwd="/"
type=PATH msg=audit(1733944193.938:86932): item=0 name="/usr/sbin/grep" nametype=UNKNOWN cap_fp=0 cap_fi=0 cap_fe=0 cap_fver=0 cap_frootid=0
type=PROCTITLE msg=audit(1733944193.938:86932): proctitle=2F62696E2F7368002F7573722F62696E2F6567726570006F7665726C6179726F6F747C2F6D656469612F726F6F742D726F7C2F6D656469612F726F6F742D7277002F70726F632F6D6F756E7473
type=SYSCALL msg=audit(1733944193.938:86933): arch=c000003e syscall=59 success=yes exit=0 a0=556a34b44c80 a1=556a34b44c40 a2=556a34b44c68 a3=556a34b3bda2 items=2 ppid=19693 pid=19694 auid=1003 uid=0 gid=0 euid=0 suid=0 fsuid=0 egid=0 sgid=0 fsgid=0 tty=(none) ses=24 comm="grep" exe="/usr/bin/grep" subj=unconfined
type=EXECVE msg=audit(1733944193.938:86933): argc=4 a0="grep" a1="-E" a2="overlayroot|/media/root-ro|/media/root-rw" a3="/proc/mounts"
type=CWD msg=audit(1733944193.938:86933): cwd="/"
type=PATH msg=audit(1733944193.938:86933): item=0 name="/usr/bin/grep" inode=1688 dev=08:01 mode=0100755 ouid=0 ogid=0 rdev=00:00 nametype=NORMAL cap_fp=0 cap_fi=0 cap_fe=0 cap_fver=0 cap_frootid=0
type=PATH msg=audit(1733944193.938:86933): item=1 name="/lib64/ld-linux-x86-64.so.2" inode=4742 dev=08:01 mode=0100755 ouid=0 ogid=0 rdev=00:00 nametype=NORMAL cap_fp=0 cap_fi=0 cap_fe=0 cap_fver=0 cap_frootid=0
type=PROCTITLE msg=audit(1733944193.938:86933): proctitle=2F62696E2F7368002F7573722F62696E2F6567726570006F7665726C6179726F6F747C2F6D656469612F726F6F742D726F7C2F6D656469612F726F6F742D7277002F70726F632F6D6F756E7473
type=SYSCALL msg=audit(1733944193.938:86934): arch=c000003e syscall=59 success=yes exit=0 a0=556560017d40 a1=5565600132a0 a2=7ffff2672a58 a3=0 items=3 ppid=19631 pid=19696 auid=1003 uid=0 gid=0 euid=0 suid=0 fsuid=0 egid=0 sgid=0 fsgid=0 tty=(none) ses=24 comm="98-fsck-at-rebo" exe="/usr/bin/dash" subj=unconfined
type=EXECVE msg=audit(1733944193.938:86934): argc=2 a0="/bin/sh" a1="/etc/update-motd.d/98-fsck-at-reboot"
type=CWD msg=audit(1733944193.938:86934): cwd="/"
type=PATH msg=audit(1733944193.938:86934): item=0 name="/etc/update-motd.d/98-fsck-at-reboot" inode=101 dev=08:01 mode=0100755 ouid=0 ogid=0 rdev=00:00 nametype=NORMAL cap_fp=0 cap_fi=0 cap_fe=0 cap_fver=0 cap_frootid=0
type=PATH msg=audit(1733944193.938:86934): item=1 name="/bin/sh" inode=1616 dev=08:01 mode=0100755 ouid=0 ogid=0 rdev=00:00 nametype=NORMAL cap_fp=0 cap_fi=0 cap_fe=0 cap_fver=0 cap_frootid=0
type=PATH msg=audit(1733944193.938:86934): item=2 name="/lib64/ld-linux-x86-64.so.2" inode=4742 dev=08:01 mode=0100755 ouid=0 ogid=0 rdev=00:00 nametype=NORMAL cap_fp=0 cap_fi=0 cap_fe=0 cap_fver=0 cap_frootid=0
type=PROCTITLE msg=audit(1733944193.938:86934): proctitle=2F62696E2F7368002F6574632F7570646174652D6D6F74642E642F39382D6673636B2D61742D7265626F6F74
type=SYSCALL msg=audit(1733944193.938:86935): arch=c000003e syscall=59 success=yes exit=0 a0=55befc873368 a1=55befc8733c0 a2=55befc8733d0 a3=55bec90cec90 items=3 ppid=19631 pid=19696 auid=1003 uid=0 gid=0 euid=0 suid=0 fsuid=0 egid=0 sgid=0 fsgid=0 tty=(none) ses=24 comm="update-motd-fsc" exe="/usr/bin/dash" subj=unconfined
type=EXECVE msg=audit(1733944193.938:86935): argc=2 a0="/bin/sh" a1="/usr/lib/update-notifier/update-motd-fsck-at-reboot"
type=CWD msg=audit(1733944193.938:86935): cwd="/"
type=PATH msg=audit(1733944193.938:86935): item=0 name="/usr/lib/update-notifier/update-motd-fsck-at-reboot" inode=14581 dev=08:01 mode=0100755 ouid=0 ogid=0 rdev=00:00 nametype=NORMAL cap_fp=0 cap_fi=0 cap_fe=0 cap_fver=0 cap_frootid=0
type=PATH msg=audit(1733944193.938:86935): item=1 name="/bin/sh" inode=1616 dev=08:01 mode=0100755 ouid=0 ogid=0 rdev=00:00 nametype=NORMAL cap_fp=0 cap_fi=0 cap_fe=0 cap_fver=0 cap_frootid=0
type=PATH msg=audit(1733944193.938:86935): item=2 name="/lib64/ld-linux-x86-64.so.2" inode=4742 dev=08:01 mode=0100755 ouid=0 ogid=0 rdev=00:00 nametype=NORMAL cap_fp=0 cap_fi=0 cap_fe=0 cap_fver=0 cap_frootid=0
type=PROCTITLE msg=audit(1733944193.938:86935): proctitle=2F62696E2F7368002F6574632F7570646174652D6D6F74642E642F39382D6673636B2D61742D7265626F6F74
type=SYSCALL msg=audit(1733944193.938:86936): arch=c000003e syscall=59 success=yes exit=0 a0=5577097d4630 a1=5577097d4600 a2=5577097d4618 a3=7fae984f9850 items=2 ppid=19696 pid=19697 auid=1003 uid=0 gid=0 euid=0 suid=0 fsuid=0 egid=0 sgid=0 fsgid=0 tty=(none) ses=24 comm="id" exe="/usr/bin/id" subj=unconfined
type=EXECVE msg=audit(1733944193.938:86936): argc=2 a0="id" a1="-u"
type=CWD msg=audit(1733944193.938:86936): cwd="/"
type=PATH msg=audit(1733944193.938:86936): item=0 name="/usr/bin/id" inode=1819 dev=08:01 mode=0100755 ouid=0 ogid=0 rdev=00:00 nametype=NORMAL cap_fp=0 cap_fi=0 cap_fe=0 cap_fver=0 cap_frootid=0
type=PATH msg=audit(1733944193.938:86936): item=1 name="/lib64/ld-linux-x86-64.so.2" inode=4742 dev=08:01 mode=0100755 ouid=0 ogid=0 rdev=00:00 nametype=NORMAL cap_fp=0 cap_fi=0 cap_fe=0 cap_fver=0 cap_frootid=0
type=PROCTITLE msg=audit(1733944193.938:86936): proctitle=6964002D75
type=SYSCALL msg=audit(1733944193.942:86937): arch=c000003e syscall=59 success=yes exit=0 a0=5577097d4518 a1=5577097d44d8 a2=5577097d4500 a3=73 items=2 ppid=19696 pid=19698 auid=1003 uid=0 gid=0 euid=0 suid=0 fsuid=0 egid=0 sgid=0 fsgid=0 tty=(none) ses=24 comm="stat" exe="/usr/bin/stat" subj=unconfined
type=EXECVE msg=audit(1733944193.942:86937): argc=4 a0="stat" a1="-c" a2="%Y" a3="/var/lib/update-notifier/fsck-at-reboot"
type=CWD msg=audit(1733944193.942:86937): cwd="/"
type=PATH msg=audit(1733944193.942:86937): item=0 name="/usr/bin/stat" inode=1851 dev=08:01 mode=0100755 ouid=0 ogid=0 rdev=00:00 nametype=NORMAL cap_fp=0 cap_fi=0 cap_fe=0 cap_fver=0 cap_frootid=0
type=PATH msg=audit(1733944193.942:86937): item=1 name="/lib64/ld-linux-x86-64.so.2" inode=4742 dev=08:01 mode=0100755 ouid=0 ogid=0 rdev=00:00 nametype=NORMAL cap_fp=0 cap_fi=0 cap_fe=0 cap_fver=0 cap_frootid=0
type=PROCTITLE msg=audit(1733944193.942:86937): proctitle=73746174002D63002559002F7661722F6C69622F7570646174652D6E6F7469666965722F6673636B2D61742D7265626F6F74
type=SYSCALL msg=audit(1733944193.942:86938): arch=c000003e syscall=59 success=yes exit=0 a0=5577097d4478 a1=5577097d4440 a2=5577097d4460 a3=7fae984f9850 items=2 ppid=19699 pid=19700 auid=1003 uid=0 gid=0 euid=0 suid=0 fsuid=0 egid=0 sgid=0 fsgid=0 tty=(none) ses=24 comm="awk" exe="/usr/bin/gawk" subj=unconfined
type=EXECVE msg=audit(1733944193.942:86938): argc=3 a0="awk" a1=7B7072696E742024317D a2="/proc/uptime"
type=CWD msg=audit(1733944193.942:86938): cwd="/"
type=PATH msg=audit(1733944193.942:86938): item=0 name="/usr/bin/awk" inode=2132 dev=08:01 mode=0100755 ouid=0 ogid=0 rdev=00:00 nametype=NORMAL cap_fp=0 cap_fi=0 cap_fe=0 cap_fver=0 cap_frootid=0
type=PATH msg=audit(1733944193.942:86938): item=1 name="/lib64/ld-linux-x86-64.so.2" inode=4742 dev=08:01 mode=0100755 ouid=0 ogid=0 rdev=00:00 nametype=NORMAL cap_fp=0 cap_fi=0 cap_fe=0 cap_fver=0 cap_frootid=0
type=PROCTITLE msg=audit(1733944193.942:86938): proctitle=61776B007B7072696E742024317D002F70726F632F757074696D65
type=SYSCALL msg=audit(1733944193.942:86939): arch=c000003e syscall=59 success=yes exit=0 a0=5577097d4468 a1=5577097d4428 a2=5577097d4450 a3=5577097d47e0 items=2 ppid=19696 pid=19699 auid=1003 uid=0 gid=0 euid=0 suid=0 fsuid=0 egid=0 sgid=0 fsgid=0 tty=(none) ses=24 comm="date" exe="/usr/bin/date" subj=unconfined
type=EXECVE msg=audit(1733944193.942:86939): argc=4 a0="date" a1="-d" a2=6E6F77202D2031373133372E3433207365636F6E6473 a3="+%s"
type=CWD msg=audit(1733944193.942:86939): cwd="/"
type=PATH msg=audit(1733944193.942:86939): item=0 name="/usr/bin/date" inode=1608 dev=08:01 mode=0100755 ouid=0 ogid=0 rdev=00:00 nametype=NORMAL cap_fp=0 cap_fi=0 cap_fe=0 cap_fver=0 cap_frootid=0
type=PATH msg=audit(1733944193.942:86939): item=1 name="/lib64/ld-linux-x86-64.so.2" inode=4742 dev=08:01 mode=0100755 ouid=0 ogid=0 rdev=00:00 nametype=NORMAL cap_fp=0 cap_fi=0 cap_fe=0 cap_fver=0 cap_frootid=0
type=PROCTITLE msg=audit(1733944193.942:86939): proctitle=64617465002D64006E6F77202D2031373133372E3433207365636F6E6473002B2573
type=SYSCALL msg=audit(1733944193.946:86940): arch=c000003e syscall=59 success=yes exit=0 a0=5576f2792c10 a1=5576f2792be0 a2=5576f2792bf8 a3=7fae984f9850 items=2 ppid=19696 pid=19701 auid=1003 uid=0 gid=0 euid=0 suid=0 fsuid=0 egid=0 sgid=0 fsgid=0 tty=(none) ses=24 comm="date" exe="/usr/bin/date" subj=unconfined
type=EXECVE msg=audit(1733944193.946:86940): argc=2 a0="date" a1="+%s"
type=CWD msg=audit(1733944193.946:86940): cwd="/"
type=PATH msg=audit(1733944193.946:86940): item=0 name="/usr/bin/date" inode=1608 dev=08:01 mode=0100755 ouid=0 ogid=0 rdev=00:00 nametype=NORMAL cap_fp=0 cap_fi=0 cap_fe=0 cap_fver=0 cap_frootid=0
type=PATH msg=audit(1733944193.946:86940): item=1 name="/lib64/ld-linux-x86-64.so.2" inode=4742 dev=08:01 mode=0100755 ouid=0 ogid=0 rdev=00:00 nametype=NORMAL cap_fp=0 cap_fi=0 cap_fe=0 cap_fver=0 cap_frootid=0
type=PROCTITLE msg=audit(1733944193.946:86940): proctitle=64617465002B2573
type=SYSCALL msg=audit(1733944193.946:86941): arch=c000003e syscall=59 success=yes exit=0 a0=5577097d70c8 a1=5577097d70a0 a2=5577097d70b0 a3=7fae984f9850 items=2 ppid=19702 pid=19703 auid=1003 uid=0 gid=0 euid=0 suid=0 fsuid=0 egid=0 sgid=0 fsgid=0 tty=(none) ses=24 comm="mount" exe="/usr/bin/mount" subj=unconfined
type=EXECVE msg=audit(1733944193.946:86941): argc=1 a0="mount"
type=CWD msg=audit(1733944193.946:86941): cwd="/"
type=PATH msg=audit(1733944193.946:86941): item=0 name="/usr/bin/mount" inode=1719 dev=08:01 mode=0104755 ouid=0 ogid=0 rdev=00:00 nametype=NORMAL cap_fp=0 cap_fi=0 cap_fe=0 cap_fver=0 cap_frootid=0
type=PATH msg=audit(1733944193.946:86941): item=1 name="/lib64/ld-linux-x86-64.so.2" inode=4742 dev=08:01 mode=0100755 ouid=0 ogid=0 rdev=00:00 nametype=NORMAL cap_fp=0 cap_fi=0 cap_fe=0 cap_fver=0 cap_frootid=0
type=PROCTITLE msg=audit(1733944193.946:86941): proctitle="mount"
type=SYSCALL msg=audit(1733944193.946:86942): arch=c000003e syscall=59 success=yes exit=0 a0=5577097d7108 a1=5577097d70d8 a2=5577097d70f0 a3=7fae984f9850 items=2 ppid=19702 pid=19704 auid=1003 uid=0 gid=0 euid=0 suid=0 fsuid=0 egid=0 sgid=0 fsgid=0 tty=(none) ses=24 comm="awk" exe="/usr/bin/gawk" subj=unconfined
type=EXECVE msg=audit(1733944193.946:86942): argc=2 a0="awk" a1=2435207E202F5E65787428327C337C3429242F207B207072696E74202431207D
type=CWD msg=audit(1733944193.946:86942): cwd="/"
type=PATH msg=audit(1733944193.946:86942): item=0 name="/usr/bin/awk" inode=2132 dev=08:01 mode=0100755 ouid=0 ogid=0 rdev=00:00 nametype=NORMAL cap_fp=0 cap_fi=0 cap_fe=0 cap_fver=0 cap_frootid=0
type=PATH msg=audit(1733944193.946:86942): item=1 name="/lib64/ld-linux-x86-64.so.2" inode=4742 dev=08:01 mode=0100755 ouid=0 ogid=0 rdev=00:00 nametype=NORMAL cap_fp=0 cap_fi=0 cap_fe=0 cap_fver=0 cap_frootid=0
type=PROCTITLE msg=audit(1733944193.946:86942): proctitle=61776B002435207E202F5E65787428327C337C3429242F207B207072696E74202431207D
type=SYSCALL msg=audit(1733944193.946:86943): arch=c000003e syscall=59 success=yes exit=0 a0=5577097d7158 a1=5577097d7100 a2=5577097d7140 a3=1b6 items=2 ppid=19696 pid=19705 auid=1003 uid=0 gid=0 euid=0 suid=0 fsuid=0 egid=0 sgid=0 fsgid=0 tty=(none) ses=24 comm="dumpe2fs" exe="/usr/sbin/dumpe2fs" subj=unconfined
type=EXECVE msg=audit(1733944193.946:86943): argc=3 a0="dumpe2fs" a1="-h" a2="/dev/sda1"
type=CWD msg=audit(1733944193.946:86943): cwd="/"
type=PATH msg=audit(1733944193.946:86943): item=0 name="/usr/sbin/dumpe2fs" inode=2643 dev=08:01 mode=0100755 ouid=0 ogid=0 rdev=00:00 nametype=NORMAL cap_fp=0 cap_fi=0 cap_fe=0 cap_fver=0 cap_frootid=0
type=PATH msg=audit(1733944193.946:86943): item=1 name="/lib64/ld-linux-x86-64.so.2" inode=4742 dev=08:01 mode=0100755 ouid=0 ogid=0 rdev=00:00 nametype=NORMAL cap_fp=0 cap_fi=0 cap_fe=0 cap_fver=0 cap_frootid=0
type=PROCTITLE msg=audit(1733944193.946:86943): proctitle=64756D7065326673002D68002F6465762F73646131
type=SYSCALL msg=audit(1733944193.950:86944): arch=c000003e syscall=59 success=yes exit=0 a0=5577097d7118 a1=5577097d70e8 a2=5577097d7100 a3=5577097d4010 items=2 ppid=19706 pid=19708 auid=1003 uid=0 gid=0 euid=0 suid=0 fsuid=0 egid=0 sgid=0 fsgid=0 tty=(none) ses=24 comm="grep" exe="/usr/bin/grep" subj=unconfined
type=EXECVE msg=audit(1733944193.950:86944): argc=2 a0="grep" a1=5E4D6F756E7420636F756E743A
type=CWD msg=audit(1733944193.950:86944): cwd="/"
type=PATH msg=audit(1733944193.950:86944): item=0 name="/usr/bin/grep" inode=1688 dev=08:01 mode=0100755 ouid=0 ogid=0 rdev=00:00 nametype=NORMAL cap_fp=0 cap_fi=0 cap_fe=0 cap_fver=0 cap_frootid=0
type=PATH msg=audit(1733944193.950:86944): item=1 name="/lib64/ld-linux-x86-64.so.2" inode=4742 dev=08:01 mode=0100755 ouid=0 ogid=0 rdev=00:00 nametype=NORMAL cap_fp=0 cap_fi=0 cap_fe=0 cap_fver=0 cap_frootid=0
type=PROCTITLE msg=audit(1733944193.950:86944): proctitle=67726570005E4D6F756E7420636F756E743A
type=SYSCALL msg=audit(1733944193.950:86945): arch=c000003e syscall=59 success=yes exit=0 a0=5577097d7148 a1=5577097d7108 a2=5577097d7130 a3=5577097d4010 items=2 ppid=19706 pid=19709 auid=1003 uid=0 gid=0 euid=0 suid=0 fsuid=0 egid=0 sgid=0 fsgid=0 tty=(none) ses=24 comm="cut" exe="/usr/bin/cut" subj=unconfined
type=EXECVE msg=audit(1733944193.950:86945): argc=4 a0="cut" a1="-d:" a2="-f" a3="2-"
type=CWD msg=audit(1733944193.950:86945): cwd="/"
type=PATH msg=audit(1733944193.950:86945): item=0 name="/usr/bin/cut" inode=1806 dev=08:01 mode=0100755 ouid=0 ogid=0 rdev=00:00 nametype=NORMAL cap_fp=0 cap_fi=0 cap_fe=0 cap_fver=0 cap_frootid=0
type=PATH msg=audit(1733944193.950:86945): item=1 name="/lib64/ld-linux-x86-64.so.2" inode=4742 dev=08:01 mode=0100755 ouid=0 ogid=0 rdev=00:00 nametype=NORMAL cap_fp=0 cap_fi=0 cap_fe=0 cap_fver=0 cap_frootid=0
type=PROCTITLE msg=audit(1733944193.950:86945): proctitle=637574002D643A002D6600322D
type=SYSCALL msg=audit(1733944193.954:86946): arch=c000003e syscall=59 success=yes exit=0 a0=5577097d7120 a1=5577097d70f0 a2=5577097d7108 a3=5577097d4010 items=2 ppid=19710 pid=19712 auid=1003 uid=0 gid=0 euid=0 suid=0 fsuid=0 egid=0 sgid=0 fsgid=0 tty=(none) ses=24 comm="grep" exe="/usr/bin/grep" subj=unconfined
type=EXECVE msg=audit(1733944193.954:86946): argc=2 a0="grep" a1=5E4D6178696D756D206D6F756E7420636F756E743A
type=CWD msg=audit(1733944193.954:86946): cwd="/"
type=PATH msg=audit(1733944193.954:86946): item=0 name="/usr/bin/grep" inode=1688 dev=08:01 mode=0100755 ouid=0 ogid=0 rdev=00:00 nametype=NORMAL cap_fp=0 cap_fi=0 cap_fe=0 cap_fver=0 cap_frootid=0
type=PATH msg=audit(1733944193.954:86946): item=1 name="/lib64/ld-linux-x86-64.so.2" inode=4742 dev=08:01 mode=0100755 ouid=0 ogid=0 rdev=00:00 nametype=NORMAL cap_fp=0 cap_fi=0 cap_fe=0 cap_fver=0 cap_frootid=0
type=PROCTITLE msg=audit(1733944193.954:86946): proctitle=67726570005E4D6178696D756D206D6F756E7420636F756E743A
type=SYSCALL msg=audit(1733944193.954:86947): arch=c000003e syscall=59 success=yes exit=0 a0=5577097d7148 a1=5577097d7108 a2=5577097d7130 a3=5577097d4010 items=2 ppid=19710 pid=19713 auid=1003 uid=0 gid=0 euid=0 suid=0 fsuid=0 egid=0 sgid=0 fsgid=0 tty=(none) ses=24 comm="cut" exe="/usr/bin/cut" subj=unconfined
type=EXECVE msg=audit(1733944193.954:86947): argc=4 a0="cut" a1="-d:" a2="-f" a3="2-"
type=CWD msg=audit(1733944193.954:86947): cwd="/"
type=PATH msg=audit(1733944193.954:86947): item=0 name="/usr/bin/cut" inode=1806 dev=08:01 mode=0100755 ouid=0 ogid=0 rdev=00:00 nametype=NORMAL cap_fp=0 cap_fi=0 cap_fe=0 cap_fver=0 cap_frootid=0
type=PATH msg=audit(1733944193.954:86947): item=1 name="/lib64/ld-linux-x86-64.so.2" inode=4742 dev=08:01 mode=0100755 ouid=0 ogid=0 rdev=00:00 nametype=NORMAL cap_fp=0 cap_fi=0 cap_fe=0 cap_fver=0 cap_frootid=0
type=PROCTITLE msg=audit(1733944193.954:86947): proctitle=637574002D643A002D6600322D
type=SYSCALL msg=audit(1733944193.954:86948): arch=c000003e syscall=59 success=yes exit=0 a0=5577097d7118 a1=5577097d70e8 a2=5577097d7100 a3=5577097d4010 items=2 ppid=19714 pid=19716 auid=1003 uid=0 gid=0 euid=0 suid=0 fsuid=0 egid=0 sgid=0 fsgid=0 tty=(none) ses=24 comm="grep" exe="/usr/bin/grep" subj=unconfined
type=EXECVE msg=audit(1733944193.954:86948): argc=2 a0="grep" a1=5E436865636B20696E74657276616C3A
type=CWD msg=audit(1733944193.954:86948): cwd="/"
type=PATH msg=audit(1733944193.954:86948): item=0 name="/usr/bin/grep" inode=1688 dev=08:01 mode=0100755 ouid=0 ogid=0 rdev=00:00 nametype=NORMAL cap_fp=0 cap_fi=0 cap_fe=0 cap_fver=0 cap_frootid=0
type=PATH msg=audit(1733944193.954:86948): item=1 name="/lib64/ld-linux-x86-64.so.2" inode=4742 dev=08:01 mode=0100755 ouid=0 ogid=0 rdev=00:00 nametype=NORMAL cap_fp=0 cap_fi=0 cap_fe=0 cap_fver=0 cap_frootid=0
type=PROCTITLE msg=audit(1733944193.954:86948): proctitle=67726570005E436865636B20696E74657276616C3A
type=SYSCALL msg=audit(1733944193.954:86949): arch=c000003e syscall=59 success=yes exit=0 a0=5577097d7148 a1=5577097d7108 a2=5577097d7130 a3=5577097d4010 items=2 ppid=19714 pid=19718 auid=1003 uid=0 gid=0 euid=0 suid=0 fsuid=0 egid=0 sgid=0 fsgid=0 tty=(none) ses=24 comm="cut" exe="/usr/bin/cut" subj=unconfined
type=EXECVE msg=audit(1733944193.954:86949): argc=4 a0="cut" a1="-d(" a2="-f" a3="1"
type=CWD msg=audit(1733944193.954:86949): cwd="/"
type=PATH msg=audit(1733944193.954:86949): item=0 name="/usr/bin/cut" inode=1806 dev=08:01 mode=0100755 ouid=0 ogid=0 rdev=00:00 nametype=NORMAL cap_fp=0 cap_fi=0 cap_fe=0 cap_fver=0 cap_frootid=0
type=PATH msg=audit(1733944193.954:86949): item=1 name="/lib64/ld-linux-x86-64.so.2" inode=4742 dev=08:01 mode=0100755 ouid=0 ogid=0 rdev=00:00 nametype=NORMAL cap_fp=0 cap_fi=0 cap_fe=0 cap_fver=0 cap_frootid=0
type=PROCTITLE msg=audit(1733944193.954:86949): proctitle=637574002D6428002D660031
type=SYSCALL msg=audit(1733944193.954:86950): arch=c000003e syscall=59 success=yes exit=0 a0=5577097d7148 a1=5577097d7108 a2=5577097d7130 a3=5577097d4010 items=2 ppid=19714 pid=19717 auid=1003 uid=0 gid=0 euid=0 suid=0 fsuid=0 egid=0 sgid=0 fsgid=0 tty=(none) ses=24 comm="cut" exe="/usr/bin/cut" subj=unconfined
type=EXECVE msg=audit(1733944193.954:86950): argc=4 a0="cut" a1="-d:" a2="-f" a3="2-"
type=CWD msg=audit(1733944193.954:86950): cwd="/"
type=PATH msg=audit(1733944193.954:86950): item=0 name="/usr/bin/cut" inode=1806 dev=08:01 mode=0100755 ouid=0 ogid=0 rdev=00:00 nametype=NORMAL cap_fp=0 cap_fi=0 cap_fe=0 cap_fver=0 cap_frootid=0
type=PATH msg=audit(1733944193.954:86950): item=1 name="/lib64/ld-linux-x86-64.so.2" inode=4742 dev=08:01 mode=0100755 ouid=0 ogid=0 rdev=00:00 nametype=NORMAL cap_fp=0 cap_fi=0 cap_fe=0 cap_fver=0 cap_frootid=0
type=PROCTITLE msg=audit(1733944193.954:86950): proctitle=637574002D643A002D6600322D
type=SYSCALL msg=audit(1733944193.958:86951): arch=c000003e syscall=59 success=yes exit=0 a0=5577097d7118 a1=5577097d70e8 a2=5577097d7100 a3=5577097d4010 items=2 ppid=19719 pid=19721 auid=1003 uid=0 gid=0 euid=0 suid=0 fsuid=0 egid=0 sgid=0 fsgid=0 tty=(none) ses=24 comm="grep" exe="/usr/bin/grep" subj=unconfined
type=EXECVE msg=audit(1733944193.958:86951): argc=2 a0="grep" a1=5E4E65787420636865636B2061667465723A
type=CWD msg=audit(1733944193.958:86951): cwd="/"
type=PATH msg=audit(1733944193.958:86951): item=0 name="/usr/bin/grep" inode=1688 dev=08:01 mode=0100755 ouid=0 ogid=0 rdev=00:00 nametype=NORMAL cap_fp=0 cap_fi=0 cap_fe=0 cap_fver=0 cap_frootid=0
type=PATH msg=audit(1733944193.958:86951): item=1 name="/lib64/ld-linux-x86-64.so.2" inode=4742 dev=08:01 mode=0100755 ouid=0 ogid=0 rdev=00:00 nametype=NORMAL cap_fp=0 cap_fi=0 cap_fe=0 cap_fver=0 cap_frootid=0
type=PROCTITLE msg=audit(1733944193.958:86951): proctitle=67726570005E4E65787420636865636B2061667465723A
type=SYSCALL msg=audit(1733944193.958:86952): arch=c000003e syscall=59 success=yes exit=0 a0=5577097d7148 a1=5577097d7108 a2=5577097d7130 a3=5577097d4010 items=2 ppid=19719 pid=19722 auid=1003 uid=0 gid=0 euid=0 suid=0 fsuid=0 egid=0 sgid=0 fsgid=0 tty=(none) ses=24 comm="cut" exe="/usr/bin/cut" subj=unconfined
type=EXECVE msg=audit(1733944193.958:86952): argc=4 a0="cut" a1="-d:" a2="-f" a3="2-"
type=CWD msg=audit(1733944193.958:86952): cwd="/"
type=PATH msg=audit(1733944193.958:86952): item=0 name="/usr/bin/cut" inode=1806 dev=08:01 mode=0100755 ouid=0 ogid=0 rdev=00:00 nametype=NORMAL cap_fp=0 cap_fi=0 cap_fe=0 cap_fver=0 cap_frootid=0
type=PATH msg=audit(1733944193.958:86952): item=1 name="/lib64/ld-linux-x86-64.so.2" inode=4742 dev=08:01 mode=0100755 ouid=0 ogid=0 rdev=00:00 nametype=NORMAL cap_fp=0 cap_fi=0 cap_fe=0 cap_fver=0 cap_frootid=0
type=PROCTITLE msg=audit(1733944193.958:86952): proctitle=637574002D643A002D6600322D
type=SYSCALL msg=audit(1733944193.958:86953): arch=c000003e syscall=59 success=yes exit=0 a0=5577097d7150 a1=5577097d7110 a2=5577097d7138 a3=6e items=2 ppid=19696 pid=19723 auid=1003 uid=0 gid=0 euid=0 suid=0 fsuid=0 egid=0 sgid=0 fsgid=0 tty=(none) ses=24 comm="date" exe="/usr/bin/date" subj=unconfined
type=EXECVE msg=audit(1733944193.958:86953): argc=4 a0="date" a1="-d" a2="" a3="+%s"
type=CWD msg=audit(1733944193.958:86953): cwd="/"
type=PATH msg=audit(1733944193.958:86953): item=0 name="/usr/bin/date" inode=1608 dev=08:01 mode=0100755 ouid=0 ogid=0 rdev=00:00 nametype=NORMAL cap_fp=0 cap_fi=0 cap_fe=0 cap_fver=0 cap_frootid=0
type=PATH msg=audit(1733944193.958:86953): item=1 name="/lib64/ld-linux-x86-64.so.2" inode=4742 dev=08:01 mode=0100755 ouid=0 ogid=0 rdev=00:00 nametype=NORMAL cap_fp=0 cap_fi=0 cap_fe=0 cap_fver=0 cap_frootid=0
type=PROCTITLE msg=audit(1733944193.958:86953): proctitle=64617465002D6400002B2573
type=SYSCALL msg=audit(1733944193.958:86954): arch=c000003e syscall=59 success=yes exit=0 a0=5576f2792bc8 a1=5576f2792b98 a2=5576f2792bb0 a3=7fae984f9850 items=2 ppid=19696 pid=19724 auid=1003 uid=0 gid=0 euid=0 suid=0 fsuid=0 egid=0 sgid=0 fsgid=0 tty=(none) ses=24 comm="cat" exe="/usr/bin/cat" subj=unconfined
type=EXECVE msg=audit(1733944193.958:86954): argc=2 a0="cat" a1="/var/lib/update-notifier/fsck-at-reboot"
type=CWD msg=audit(1733944193.958:86954): cwd="/"
type=PATH msg=audit(1733944193.958:86954): item=0 name="/usr/bin/cat" inode=1603 dev=08:01 mode=0100755 ouid=0 ogid=0 rdev=00:00 nametype=NORMAL cap_fp=0 cap_fi=0 cap_fe=0 cap_fver=0 cap_frootid=0
type=PATH msg=audit(1733944193.958:86954): item=1 name="/lib64/ld-linux-x86-64.so.2" inode=4742 dev=08:01 mode=0100755 ouid=0 ogid=0 rdev=00:00 nametype=NORMAL cap_fp=0 cap_fi=0 cap_fe=0 cap_fver=0 cap_frootid=0
type=PROCTITLE msg=audit(1733944193.958:86954): proctitle=636174002F7661722F6C69622F7570646174652D6E6F7469666965722F6673636B2D61742D7265626F6F74
type=SYSCALL msg=audit(1733944193.958:86955): arch=c000003e syscall=59 success=yes exit=0 a0=556560017d40 a1=5565600132a0 a2=7ffff2672a58 a3=0 items=3 ppid=19631 pid=19725 auid=1003 uid=0 gid=0 euid=0 suid=0 fsuid=0 egid=0 sgid=0 fsgid=0 tty=(none) ses=24 comm="98-reboot-requi" exe="/usr/bin/dash" subj=unconfined
type=EXECVE msg=audit(1733944193.958:86955): argc=2 a0="/bin/sh" a1="/etc/update-motd.d/98-reboot-required"
type=CWD msg=audit(1733944193.958:86955): cwd="/"
type=PATH msg=audit(1733944193.958:86955): item=0 name="/etc/update-motd.d/98-reboot-required" inode=102 dev=08:01 mode=0100755 ouid=0 ogid=0 rdev=00:00 nametype=NORMAL cap_fp=0 cap_fi=0 cap_fe=0 cap_fver=0 cap_frootid=0
type=PATH msg=audit(1733944193.958:86955): item=1 name="/bin/sh" inode=1616 dev=08:01 mode=0100755 ouid=0 ogid=0 rdev=00:00 nametype=NORMAL cap_fp=0 cap_fi=0 cap_fe=0 cap_fver=0 cap_frootid=0
type=PATH msg=audit(1733944193.958:86955): item=2 name="/lib64/ld-linux-x86-64.so.2" inode=4742 dev=08:01 mode=0100755 ouid=0 ogid=0 rdev=00:00 nametype=NORMAL cap_fp=0 cap_fi=0 cap_fe=0 cap_fver=0 cap_frootid=0
type=PROCTITLE msg=audit(1733944193.958:86955): proctitle=2F62696E2F7368002F6574632F7570646174652D6D6F74642E642F39382D7265626F6F742D7265717569726564
type=SYSCALL msg=audit(1733944193.958:86956): arch=c000003e syscall=59 success=yes exit=0 a0=55be766e1368 a1=55be766e13c0 a2=55be766e13d0 a3=55be4dba4c90 items=3 ppid=19631 pid=19725 auid=1003 uid=0 gid=0 euid=0 suid=0 fsuid=0 egid=0 sgid=0 fsgid=0 tty=(none) ses=24 comm="update-motd-reb" exe="/usr/bin/dash" subj=unconfined
type=EXECVE msg=audit(1733944193.958:86956): argc=3 a0="/bin/sh" a1="-e" a2="/usr/lib/update-notifier/update-motd-reboot-required"
type=CWD msg=audit(1733944193.958:86956): cwd="/"
type=PATH msg=audit(1733944193.958:86956): item=0 name="/usr/lib/update-notifier/update-motd-reboot-required" inode=14583 dev=08:01 mode=0100755 ouid=0 ogid=0 rdev=00:00 nametype=NORMAL cap_fp=0 cap_fi=0 cap_fe=0 cap_fver=0 cap_frootid=0
type=PATH msg=audit(1733944193.958:86956): item=1 name="/bin/sh" inode=1616 dev=08:01 mode=0100755 ouid=0 ogid=0 rdev=00:00 nametype=NORMAL cap_fp=0 cap_fi=0 cap_fe=0 cap_fver=0 cap_frootid=0
type=PATH msg=audit(1733944193.958:86956): item=2 name="/lib64/ld-linux-x86-64.so.2" inode=4742 dev=08:01 mode=0100755 ouid=0 ogid=0 rdev=00:00 nametype=NORMAL cap_fp=0 cap_fi=0 cap_fe=0 cap_fver=0 cap_frootid=0
type=PROCTITLE msg=audit(1733944193.958:86956): proctitle=2F62696E2F7368002F6574632F7570646174652D6D6F74642E642F39382D7265626F6F742D7265717569726564
type=SYSCALL msg=audit(1733944193.962:86957): arch=c000003e syscall=82 success=yes exit=0 a0=7fb57f12107e a1=7fb57f12106c a2=0 a3=55cdfe78ff75 items=5 ppid=1146 pid=19628 auid=1003 uid=0 gid=0 euid=0 suid=0 fsuid=0 egid=0 sgid=0 fsgid=0 tty=(none) ses=24 comm="sshd" exe="/usr/sbin/sshd" subj=unconfined
type=CWD msg=audit(1733944193.962:86957): cwd="/"
type=PATH msg=audit(1733944193.962:86957): item=0 name="/run/" inode=1 dev=00:1a mode=040755 ouid=0 ogid=0 rdev=00:00 nametype=PARENT cap_fp=0 cap_fi=0 cap_fe=0 cap_fver=0 cap_frootid=0
type=PATH msg=audit(1733944193.962:86957): item=1 name="/run/" inode=1 dev=00:1a mode=040755 ouid=0 ogid=0 rdev=00:00 nametype=PARENT cap_fp=0 cap_fi=0 cap_fe=0 cap_fver=0 cap_frootid=0
type=PATH msg=audit(1733944193.962:86957): item=2 name="/run/motd.dynamic.new" inode=1508 dev=00:1a mode=0100644 ouid=0 ogid=0 rdev=00:00 nametype=DELETE cap_fp=0 cap_fi=0 cap_fe=0 cap_fver=0 cap_frootid=0
type=PATH msg=audit(1733944193.962:86957): item=3 name="/run/motd.dynamic" inode=1374 dev=00:1a mode=0100644 ouid=0 ogid=0 rdev=00:00 nametype=DELETE cap_fp=0 cap_fi=0 cap_fe=0 cap_fver=0 cap_frootid=0
type=PATH msg=audit(1733944193.962:86957): item=4 name="/run/motd.dynamic" inode=1508 dev=00:1a mode=0100644 ouid=0 ogid=0 rdev=00:00 nametype=CREATE cap_fp=0 cap_fi=0 cap_fe=0 cap_fver=0 cap_frootid=0
type=PROCTITLE msg=audit(1733944193.962:86957): proctitle=2F7573722F7362696E2F73736864002D44002D52
type=USER_START msg=audit(1733944193.962:86958): pid=19628 uid=0 auid=1003 ses=24 subj=unconfined msg='op=PAM:session_open grantors=pam_selinux,pam_loginuid,pam_keyinit,pam_permit,pam_umask,pam_unix,pam_systemd,pam_mail,pam_limits,pam_env,pam_env,pam_selinux acct="alice" exe="/usr/sbin/sshd" hostname=128.135.204.96 addr=128.135.204.96 terminal=ssh res=success'
type=CRED_ACQ msg=audit(1733944193.962:86959): pid=19726 uid=0 auid=1003 ses=24 subj=unconfined msg='op=PAM:setcred grantors=pam_permit,pam_cap acct="alice" exe="/usr/sbin/sshd" hostname=128.135.204.96 addr=128.135.204.96 terminal=ssh res=success'
type=SYSCALL msg=audit(1733944194.026:86960): arch=c000003e syscall=92 success=yes exit=0 a0=55cdfe7bdecc a1=3eb a2=5 a3=55cdec149b8d items=1 ppid=1146 pid=19628 auid=1003 uid=0 gid=0 euid=0 suid=0 fsuid=0 egid=0 sgid=0 fsgid=0 tty=(none) ses=24 comm="sshd" exe="/usr/sbin/sshd" subj=unconfined
type=CWD msg=audit(1733944194.026:86960): cwd="/"
type=PATH msg=audit(1733944194.026:86960): item=0 name="/dev/pts/0" inode=3 dev=00:19 mode=020620 ouid=0 ogid=5 rdev=88:00 nametype=NORMAL cap_fp=0 cap_fi=0 cap_fe=0 cap_fver=0 cap_frootid=0
type=PROCTITLE msg=audit(1733944194.026:86960): proctitle=2F7573722F7362696E2F73736864002D44002D52
type=USER_LOGIN msg=audit(1733944194.026:86961): pid=19628 uid=0 auid=1003 ses=24 subj=unconfined msg='op=login id=1003 exe="/usr/sbin/sshd" hostname=128.135.204.96 addr=128.135.204.96 terminal=/dev/pts/0 res=success'
type=SYSCALL msg=audit(1733944194.026:86962): arch=c000003e syscall=59 success=yes exit=0 a0=55cdfe795f10 a1=7ffc79fa9e80 a2=55cdfe7a5230 a3=8 items=2 ppid=19726 pid=19727 auid=1003 uid=1003 gid=1004 euid=1003 suid=1003 fsuid=1003 egid=1004 sgid=1004 fsgid=1004 tty=pts0 ses=24 comm="bash" exe="/usr/bin/bash" subj=unconfined
type=EXECVE msg=audit(1733944194.026:86962): argc=1 a0="-bash"
type=CWD msg=audit(1733944194.026:86962): cwd="/home/alice"
type=PATH msg=audit(1733944194.026:86962): item=0 name="/bin/bash" inode=1631 dev=08:01 mode=0100755 ouid=0 ogid=0 rdev=00:00 nametype=NORMAL cap_fp=0 cap_fi=0 cap_fe=0 cap_fver=0 cap_frootid=0
type=PATH msg=audit(1733944194.026:86962): item=1 name="/lib64/ld-linux-x86-64.so.2" inode=4742 dev=08:01 mode=0100755 ouid=0 ogid=0 rdev=00:00 nametype=NORMAL cap_fp=0 cap_fi=0 cap_fe=0 cap_fver=0 cap_frootid=0
type=PROCTITLE msg=audit(1733944194.026:86962): proctitle="-bash"
type=SYSCALL msg=audit(1733944194.030:86963): arch=c000003e syscall=59 success=yes exit=0 a0=5565d8e960e0 a1=5565d8e929f0 a2=5565d8e97d90 a3=5565d8e70010 items=2 ppid=19727 pid=19728 auid=1003 uid=1003 gid=1004 euid=1003 suid=1003 fsuid=1003 egid=1004 sgid=1004 fsgid=1004 tty=pts0 ses=24 comm="groups" exe="/usr/bin/groups" subj=unconfined
type=EXECVE msg=audit(1733944194.030:86963): argc=1 a0="groups"
type=CWD msg=audit(1733944194.030:86963): cwd="/home/alice"
type=PATH msg=audit(1733944194.030:86963): item=0 name="/usr/bin/groups" inode=1816 dev=08:01 mode=0100755 ouid=0 ogid=0 rdev=00:00 nametype=NORMAL cap_fp=0 cap_fi=0 cap_fe=0 cap_fver=0 cap_frootid=0
type=PATH msg=audit(1733944194.030:86963): item=1 name="/lib64/ld-linux-x86-64.so.2" inode=4742 dev=08:01 mode=0100755 ouid=0 ogid=0 rdev=00:00 nametype=NORMAL cap_fp=0 cap_fi=0 cap_fe=0 cap_fver=0 cap_frootid=0
type=PROCTITLE msg=audit(1733944194.030:86963): proctitle="groups"
type=SYSCALL msg=audit(1733944194.030:86964): arch=c000003e syscall=59 success=yes exit=0 a0=5565d8e96970 a1=5565d8e929f0 a2=5565d8e961a0 a3=8 items=2 ppid=19727 pid=19729 auid=1003 uid=1003 gid=1004 euid=1003 suid=1003 fsuid=1003 egid=1004 sgid=1004 fsgid=1004 tty=pts0 ses=24 comm="locale-check" exe="/usr/bin/locale-check" subj=unconfined
type=EXECVE msg=audit(1733944194.030:86964): argc=2 a0="/usr/bin/locale-check" a1="C.UTF-8"
type=CWD msg=audit(1733944194.030:86964): cwd="/home/alice"
type=PATH msg=audit(1733944194.030:86964): item=0 name="/usr/bin/locale-check" inode=1872 dev=08:01 mode=0100755 ouid=0 ogid=0 rdev=00:00 nametype=NORMAL cap_fp=0 cap_fi=0 cap_fe=0 cap_fver=0 cap_frootid=0
type=PATH msg=audit(1733944194.030:86964): item=1 name="/lib64/ld-linux-x86-64.so.2" inode=4742 dev=08:01 mode=0100755 ouid=0 ogid=0 rdev=00:00 nametype=NORMAL cap_fp=0 cap_fi=0 cap_fe=0 cap_fver=0 cap_frootid=0
type=PROCTITLE msg=audit(1733944194.030:86964): proctitle=2F7573722F62696E2F6C6F63616C652D636865636B00432E5554462D38
type=SYSCALL msg=audit(1733944194.034:86965): arch=c000003e syscall=59 success=yes exit=0 a0=5565d8e9e040 a1=5565d8e92b10 a2=5565d8eab400 a3=8 items=2 ppid=19727 pid=19730 auid=1003 uid=1003 gid=1004 euid=1003 suid=1003 fsuid=1003 egid=1004 sgid=1004 fsgid=1004 tty=pts0 ses=24 comm="locale" exe="/usr/bin/locale" subj=unconfined
type=EXECVE msg=audit(1733944194.034:86965): argc=1 a0="locale"
type=CWD msg=audit(1733944194.034:86965): cwd="/home/alice"
type=PATH msg=audit(1733944194.034:86965): item=0 name="/usr/bin/locale" inode=1990 dev=08:01 mode=0100755 ouid=0 ogid=0 rdev=00:00 nametype=NORMAL cap_fp=0 cap_fi=0 cap_fe=0 cap_fver=0 cap_frootid=0
type=PATH msg=audit(1733944194.034:86965): item=1 name="/lib64/ld-linux-x86-64.so.2" inode=4742 dev=08:01 mode=0100755 ouid=0 ogid=0 rdev=00:00 nametype=NORMAL cap_fp=0 cap_fi=0 cap_fe=0 cap_fver=0 cap_frootid=0
type=PROCTITLE msg=audit(1733944194.034:86965): proctitle="locale"
type=SYSCALL msg=audit(1733944194.046:86966): arch=c000003e syscall=92 success=yes exit=0 a0=5565d8ea6140 a1=3eb a2=3ec a3=5565d8e70010 items=1 ppid=19726 pid=19727 auid=1003 uid=1003 gid=1004 euid=1003 suid=1003 fsuid=1003 egid=1004 sgid=1004 fsgid=1004 tty=pts0 ses=24 comm="bash" exe="/usr/bin/bash" subj=unconfined
type=CWD msg=audit(1733944194.046:86966): cwd="/home/alice"
type=PATH msg=audit(1733944194.046:86966): item=0 name="/home/alice/.bash_history" inode=2884347 dev=08:01 mode=0100600 ouid=1003 ogid=1004 rdev=00:00 nametype=NORMAL cap_fp=0 cap_fi=0 cap_fe=0 cap_fver=0 cap_frootid=0
type=PROCTITLE msg=audit(1733944194.046:86966): proctitle="-bash"
type=SYSCALL msg=audit(1733944194.050:86967): arch=c000003e syscall=59 success=yes exit=0 a0=5565d8e99cb0 a1=5565d8f69fe0 a2=5565d8f8c6d0 a3=5565d8e70010 items=3 ppid=19727 pid=19732 auid=1003 uid=1003 gid=1004 euid=1003 suid=1003 fsuid=1003 egid=1004 sgid=1004 fsgid=1004 tty=pts0 ses=24 comm="lesspipe" exe="/usr/bin/dash" subj=unconfined
type=EXECVE msg=audit(1733944194.050:86967): argc=2 a0="/bin/sh" a1="/usr/bin/lesspipe"
type=CWD msg=audit(1733944194.050:86967): cwd="/home/alice"
type=PATH msg=audit(1733944194.050:86967): item=0 name="/usr/bin/lesspipe" inode=1936 dev=08:01 mode=0100755 ouid=0 ogid=0 rdev=00:00 nametype=NORMAL cap_fp=0 cap_fi=0 cap_fe=0 cap_fver=0 cap_frootid=0
type=PATH msg=audit(1733944194.050:86967): item=1 name="/bin/sh" inode=1616 dev=08:01 mode=0100755 ouid=0 ogid=0 rdev=00:00 nametype=NORMAL cap_fp=0 cap_fi=0 cap_fe=0 cap_fver=0 cap_frootid=0
type=PATH msg=audit(1733944194.050:86967): item=2 name="/lib64/ld-linux-x86-64.so.2" inode=4742 dev=08:01 mode=0100755 ouid=0 ogid=0 rdev=00:00 nametype=NORMAL cap_fp=0 cap_fi=0 cap_fe=0 cap_fver=0 cap_frootid=0
type=PROCTITLE msg=audit(1733944194.050:86967): proctitle=2F62696E2F7368002F7573722F62696E2F6C65737370697065
type=SYSCALL msg=audit(1733944194.050:86968): arch=c000003e syscall=59 success=yes exit=0 a0=55b6df913940 a1=55b6bd91fc20 a2=55b6df913898 a3=7fe63a676ac0 items=2 ppid=19732 pid=19733 auid=1003 uid=1003 gid=1004 euid=1003 suid=1003 fsuid=1003 egid=1004 sgid=1004 fsgid=1004 tty=pts0 ses=24 comm="basename" exe="/usr/bin/basename" subj=unconfined
type=EXECVE msg=audit(1733944194.050:86968): argc=2 a0="basename" a1="/usr/bin/lesspipe"
type=CWD msg=audit(1733944194.050:86968): cwd="/home/alice"
type=PATH msg=audit(1733944194.050:86968): item=0 name="/usr/bin/basename" inode=1801 dev=08:01 mode=0100755 ouid=0 ogid=0 rdev=00:00 nametype=NORMAL cap_fp=0 cap_fi=0 cap_fe=0 cap_fver=0 cap_frootid=0
type=PATH msg=audit(1733944194.050:86968): item=1 name="/lib64/ld-linux-x86-64.so.2" inode=4742 dev=08:01 mode=0100755 ouid=0 ogid=0 rdev=00:00 nametype=NORMAL cap_fp=0 cap_fi=0 cap_fe=0 cap_fver=0 cap_frootid=0
type=PROCTITLE msg=audit(1733944194.050:86968): proctitle=626173656E616D65002F7573722F62696E2F6C65737370697065
type=SYSCALL msg=audit(1733944194.050:86969): arch=c000003e syscall=59 success=yes exit=0 a0=55b6df91ebb0 a1=55b6df91ead0 a2=55b6df91eb08 a3=7fe63a676ac0 items=2 ppid=19734 pid=19735 auid=1003 uid=1003 gid=1004 euid=1003 suid=1003 fsuid=1003 egid=1004 sgid=1004 fsgid=1004 tty=pts0 ses=24 comm="dirname" exe="/usr/bin/dirname" subj=unconfined
type=EXECVE msg=audit(1733944194.050:86969): argc=2 a0="dirname" a1="/usr/bin/lesspipe"
type=CWD msg=audit(1733944194.050:86969): cwd="/home/alice"
type=PATH msg=audit(1733944194.050:86969): item=0 name="/usr/bin/dirname" inode=1808 dev=08:01 mode=0100755 ouid=0 ogid=0 rdev=00:00 nametype=NORMAL cap_fp=0 cap_fi=0 cap_fe=0 cap_fver=0 cap_frootid=0
type=PATH msg=audit(1733944194.050:86969): item=1 name="/lib64/ld-linux-x86-64.so.2" inode=4742 dev=08:01 mode=0100755 ouid=0 ogid=0 rdev=00:00 nametype=NORMAL cap_fp=0 cap_fi=0 cap_fe=0 cap_fver=0 cap_frootid=0
type=PROCTITLE msg=audit(1733944194.050:86969): proctitle=6469726E616D65002F7573722F62696E2F6C65737370697065
type=SYSCALL msg=audit(1733944194.054:86970): arch=c000003e syscall=59 success=yes exit=0 a0=5565d8e9aa50 a1=5565d8f8c950 a2=5565d8f9d130 a3=5565d8e70010 items=2 ppid=19727 pid=19736 auid=1003 uid=1003 gid=1004 euid=1003 suid=1003 fsuid=1003 egid=1004 sgid=1004 fsgid=1004 tty=pts0 ses=24 comm="dircolors" exe="/usr/bin/dircolors" subj=unconfined
type=EXECVE msg=audit(1733944194.054:86970): argc=2 a0="dircolors" a1="-b"
type=CWD msg=audit(1733944194.054:86970): cwd="/home/alice"
type=PATH msg=audit(1733944194.054:86970): item=0 name="/usr/bin/dircolors" inode=1807 dev=08:01 mode=0100755 ouid=0 ogid=0 rdev=00:00 nametype=NORMAL cap_fp=0 cap_fi=0 cap_fe=0 cap_fver=0 cap_frootid=0
type=PATH msg=audit(1733944194.054:86970): item=1 name="/lib64/ld-linux-x86-64.so.2" inode=4742 dev=08:01 mode=0100755 ouid=0 ogid=0 rdev=00:00 nametype=NORMAL cap_fp=0 cap_fi=0 cap_fe=0 cap_fver=0 cap_frootid=0
type=PROCTITLE msg=audit(1733944194.054:86970): proctitle=646972636F6C6F7273002D62
type=SYSCALL msg=audit(1733944194.066:86971): arch=c000003e syscall=92 success=yes exit=0 a0=5565d8e932e0 a1=3eb a2=3ec a3=5565d8e70010 items=1 ppid=19726 pid=19727 auid=1003 uid=1003 gid=1004 euid=1003 suid=1003 fsuid=1003 egid=1004 sgid=1004 fsgid=1004 tty=pts0 ses=24 comm="bash" exe="/usr/bin/bash" subj=unconfined
type=CWD msg=audit(1733944194.066:86971): cwd="/home/alice"
type=PATH msg=audit(1733944194.066:86971): item=0 name="/home/alice/.bash_history" inode=2884347 dev=08:01 mode=0100600 ouid=1003 ogid=1004 rdev=00:00 nametype=NORMAL cap_fp=0 cap_fi=0 cap_fe=0 cap_fver=0 cap_frootid=0
type=PROCTITLE msg=audit(1733944194.066:86971): proctitle="-bash"
type=SYSCALL msg=audit(1733944195.458:86972): arch=c000003e syscall=82 success=yes exit=0 a0=27dc026b83f0 a1=27dc0e17e6c0 a2=0 a3=7ffe271f7090 items=5 ppid=14442 pid=14448 auid=1003 uid=1003 gid=1004 euid=1003 suid=1003 fsuid=1003 egid=1004 sgid=1004 fsgid=1004 tty=(none) ses=16 comm="ThreadPoolForeg" exe="/opt/brave.com/brave/brave" subj=unconfined
type=CWD msg=audit(1733944195.458:86972): cwd="/home/alice"
type=PATH msg=audit(1733944195.458:86972): item=0 name="/home/alice/.config/BraveSoftware/Brave-Browser/" inode=3097450 dev=08:01 mode=040700 ouid=1003 ogid=1004 rdev=00:00 nametype=PARENT cap_fp=0 cap_fi=0 cap_fe=0 cap_fver=0 cap_frootid=0
type=PATH msg=audit(1733944195.458:86972): item=1 name="/home/alice/.config/BraveSoftware/Brave-Browser/" inode=3097450 dev=08:01 mode=040700 ouid=1003 ogid=1004 rdev=00:00 nametype=PARENT cap_fp=0 cap_fi=0 cap_fe=0 cap_fver=0 cap_frootid=0
type=PATH msg=audit(1733944195.458:86972): item=2 name="/home/alice/.config/BraveSoftware/Brave-Browser/.org.chromium.Chromium.0Hy3hH" inode=3099011 dev=08:01 mode=0100600 ouid=1003 ogid=1004 rdev=00:00 nametype=DELETE cap_fp=0 cap_fi=0 cap_fe=0 cap_fver=0 cap_frootid=0
type=PATH msg=audit(1733944195.458:86972): item=3 name=2F686F6D652F616C6963652F2E636F6E6669672F4272617665536F6674776172652F42726176652D42726F777365722F4C6F63616C205374617465 inode=3113721 dev=08:01 mode=0100600 ouid=1003 ogid=1004 rdev=00:00 nametype=DELETE cap_fp=0 cap_fi=0 cap_fe=0 cap_fver=0 cap_frootid=0
type=PATH msg=audit(1733944195.458:86972): item=4 name=2F686F6D652F616C6963652F2E636F6E6669672F4272617665536F6674776172652F42726176652D42726F777365722F4C6F63616C205374617465 inode=3099011 dev=08:01 mode=0100600 ouid=1003 ogid=1004 rdev=00:00 nametype=CREATE cap_fp=0 cap_fi=0 cap_fe=0 cap_fver=0 cap_frootid=0
type=PROCTITLE msg=audit(1733944195.458:86972): proctitle="/opt/brave.com/brave/brave"
type=SYSCALL msg=audit(1733944202.106:86973): arch=c000003e syscall=87 success=yes exit=0 a0=220400790b00 a1=56376d5898d1 a2=209bb242fe3b425a a3=0 items=2 ppid=14448 pid=14486 auid=1003 uid=1003 gid=1004 euid=1003 suid=1003 fsuid=1003 egid=1004 sgid=1004 fsgid=1004 tty=(none) ses=16 comm="Chrome_ChildIOT" exe="/opt/brave.com/brave/brave" subj=unconfined
type=CWD msg=audit(1733944202.106:86973): cwd="/home/alice"
type=PATH msg=audit(1733944202.106:86973): item=0 name="/dev/shm/" inode=1 dev=00:18 mode=041777 ouid=0 ogid=0 rdev=00:00 nametype=PARENT cap_fp=0 cap_fi=0 cap_fe=0 cap_fver=0 cap_frootid=0
type=PATH msg=audit(1733944202.106:86973): item=1 name="/dev/shm/.org.chromium.Chromium.grF0Tz" inode=20966 dev=00:18 mode=0100600 ouid=1003 ogid=1004 rdev=00:00 nametype=DELETE cap_fp=0 cap_fi=0 cap_fe=0 cap_fver=0 cap_frootid=0
type=PROCTITLE msg=audit(1733944202.106:86973): proctitle=2F6F70742F62726176652E636F6D2F62726176652F6272617665202D2D747970653D7574696C697479202D2D7574696C6974792D7375622D747970653D6E6574776F726B2E6D6F6A6F6D2E4E6574776F726B53657276696365202D2D6C616E673D656E2D5553202D2D736572766963652D73616E64626F782D747970653D6E6F
type=SYSCALL msg=audit(1733944203.346:86974): arch=c000003e syscall=87 success=yes exit=0 a0=220401c34bc0 a1=56376d5898d1 a2=bff901e731a4390a a3=0 items=2 ppid=14448 pid=14486 auid=1003 uid=1003 gid=1004 euid=1003 suid=1003 fsuid=1003 egid=1004 sgid=1004 fsgid=1004 tty=(none) ses=16 comm="Chrome_ChildIOT" exe="/opt/brave.com/brave/brave" subj=unconfined
type=CWD msg=audit(1733944203.346:86974): cwd="/home/alice"
type=PATH msg=audit(1733944203.346:86974): item=0 name="/dev/shm/" inode=1 dev=00:18 mode=041777 ouid=0 ogid=0 rdev=00:00 nametype=PARENT cap_fp=0 cap_fi=0 cap_fe=0 cap_fver=0 cap_frootid=0
type=PATH msg=audit(1733944203.346:86974): item=1 name="/dev/shm/.org.chromium.Chromium.GkUYkz" inode=20967 dev=00:18 mode=0100600 ouid=1003 ogid=1004 rdev=00:00 nametype=DELETE cap_fp=0 cap_fi=0 cap_fe=0 cap_fver=0 cap_frootid=0
type=PROCTITLE msg=audit(1733944203.346:86974): proctitle=2F6F70742F62726176652E636F6D2F62726176652F6272617665202D2D747970653D7574696C697479202D2D7574696C6974792D7375622D747970653D6E6574776F726B2E6D6F6A6F6D2E4E6574776F726B53657276696365202D2D6C616E673D656E2D5553202D2D736572766963652D73616E64626F782D747970653D6E6F
type=SYSCALL msg=audit(1733944205.379:86975): arch=c000003e syscall=87 success=yes exit=0 a0=220401495a00 a1=56376d5898d1 a2=7d3a386982443910 a3=0 items=2 ppid=14448 pid=14486 auid=1003 uid=1003 gid=1004 euid=1003 suid=1003 fsuid=1003 egid=1004 sgid=1004 fsgid=1004 tty=(none) ses=16 comm="Chrome_ChildIOT" exe="/opt/brave.com/brave/brave" subj=unconfined
type=CWD msg=audit(1733944205.379:86975): cwd="/home/alice"
type=PATH msg=audit(1733944205.379:86975): item=0 name="/dev/shm/" inode=1 dev=00:18 mode=041777 ouid=0 ogid=0 rdev=00:00 nametype=PARENT cap_fp=0 cap_fi=0 cap_fe=0 cap_fver=0 cap_frootid=0
type=PATH msg=audit(1733944205.379:86975): item=1 name="/dev/shm/.org.chromium.Chromium.U7eaJx" inode=20968 dev=00:18 mode=0100600 ouid=1003 ogid=1004 rdev=00:00 nametype=DELETE cap_fp=0 cap_fi=0 cap_fe=0 cap_fver=0 cap_frootid=0
type=PROCTITLE msg=audit(1733944205.379:86975): proctitle=2F6F70742F62726176652E636F6D2F62726176652F6272617665202D2D747970653D7574696C697479202D2D7574696C6974792D7375622D747970653D6E6574776F726B2E6D6F6A6F6D2E4E6574776F726B53657276696365202D2D6C616E673D656E2D5553202D2D736572766963652D73616E64626F782D747970653D6E6F
type=SYSCALL msg=audit(1733944210.715:86976): arch=c000003e syscall=87 success=yes exit=0 a0=2204007e0b80 a1=56376d5898d1 a2=219f9cbfa4f41ff5 a3=0 items=2 ppid=14448 pid=14486 auid=1003 uid=1003 gid=1004 euid=1003 suid=1003 fsuid=1003 egid=1004 sgid=1004 fsgid=1004 tty=(none) ses=16 comm="Chrome_ChildIOT" exe="/opt/brave.com/brave/brave" subj=unconfined
type=CWD msg=audit(1733944210.715:86976): cwd="/home/alice"
type=PATH msg=audit(1733944210.715:86976): item=0 name="/dev/shm/" inode=1 dev=00:18 mode=041777 ouid=0 ogid=0 rdev=00:00 nametype=PARENT cap_fp=0 cap_fi=0 cap_fe=0 cap_fver=0 cap_frootid=0
type=PATH msg=audit(1733944210.715:86976): item=1 name="/dev/shm/.org.chromium.Chromium.pvRKpy" inode=20969 dev=00:18 mode=0100600 ouid=1003 ogid=1004 rdev=00:00 nametype=DELETE cap_fp=0 cap_fi=0 cap_fe=0 cap_fver=0 cap_frootid=0
type=PROCTITLE msg=audit(1733944210.715:86976): proctitle=2F6F70742F62726176652E636F6D2F62726176652F6272617665202D2D747970653D7574696C697479202D2D7574696C6974792D7375622D747970653D6E6574776F726B2E6D6F6A6F6D2E4E6574776F726B53657276696365202D2D6C616E673D656E2D5553202D2D736572766963652D73616E64626F782D747970653D6E6F
type=SYSCALL msg=audit(1733944211.387:86977): arch=c000003e syscall=87 success=yes exit=0 a0=2204007e0c80 a1=56376d5898d1 a2=db115ae109d0839f a3=0 items=2 ppid=14448 pid=14486 auid=1003 uid=1003 gid=1004 euid=1003 suid=1003 fsuid=1003 egid=1004 sgid=1004 fsgid=1004 tty=(none) ses=16 comm="Chrome_ChildIOT" exe="/opt/brave.com/brave/brave" subj=unconfined
type=CWD msg=audit(1733944211.387:86977): cwd="/home/alice"
type=PATH msg=audit(1733944211.387:86977): item=0 name="/dev/shm/" inode=1 dev=00:18 mode=041777 ouid=0 ogid=0 rdev=00:00 nametype=PARENT cap_fp=0 cap_fi=0 cap_fe=0 cap_fver=0 cap_frootid=0
type=PATH msg=audit(1733944211.387:86977): item=1 name="/dev/shm/.org.chromium.Chromium.8wwE7A" inode=20970 dev=00:18 mode=0100600 ouid=1003 ogid=1004 rdev=00:00 nametype=DELETE cap_fp=0 cap_fi=0 cap_fe=0 cap_fver=0 cap_frootid=0
type=PROCTITLE msg=audit(1733944211.387:86977): proctitle=2F6F70742F62726176652E636F6D2F62726176652F6272617665202D2D747970653D7574696C697479202D2D7574696C6974792D7375622D747970653D6E6574776F726B2E6D6F6A6F6D2E4E6574776F726B53657276696365202D2D6C616E673D656E2D5553202D2D736572766963652D73616E64626F782D747970653D6E6F
type=SYSCALL msg=audit(1733944215.456:86978): arch=c000003e syscall=82 success=yes exit=0 a0=27dc0a35b790 a1=27dc09559040 a2=0 a3=7ffe271f7090 items=5 ppid=14442 pid=14448 auid=1003 uid=1003 gid=1004 euid=1003 suid=1003 fsuid=1003 egid=1004 sgid=1004 fsgid=1004 tty=(none) ses=16 comm="ThreadPoolForeg" exe="/opt/brave.com/brave/brave" subj=unconfined
type=CWD msg=audit(1733944215.456:86978): cwd="/home/alice"
type=PATH msg=audit(1733944215.456:86978): item=0 name="/home/alice/.config/BraveSoftware/Brave-Browser/" inode=3097450 dev=08:01 mode=040700 ouid=1003 ogid=1004 rdev=00:00 nametype=PARENT cap_fp=0 cap_fi=0 cap_fe=0 cap_fver=0 cap_frootid=0
type=PATH msg=audit(1733944215.456:86978): item=1 name="/home/alice/.config/BraveSoftware/Brave-Browser/" inode=3097450 dev=08:01 mode=040700 ouid=1003 ogid=1004 rdev=00:00 nametype=PARENT cap_fp=0 cap_fi=0 cap_fe=0 cap_fver=0 cap_frootid=0
type=PATH msg=audit(1733944215.456:86978): item=2 name="/home/alice/.config/BraveSoftware/Brave-Browser/.org.chromium.Chromium.InoaDG" inode=3113721 dev=08:01 mode=0100600 ouid=1003 ogid=1004 rdev=00:00 nametype=DELETE cap_fp=0 cap_fi=0 cap_fe=0 cap_fver=0 cap_frootid=0
type=PATH msg=audit(1733944215.456:86978): item=3 name=2F686F6D652F616C6963652F2E636F6E6669672F4272617665536F6674776172652F42726176652D42726F777365722F4C6F63616C205374617465 inode=3099011 dev=08:01 mode=0100600 ouid=1003 ogid=1004 rdev=00:00 nametype=DELETE cap_fp=0 cap_fi=0 cap_fe=0 cap_fver=0 cap_frootid=0
type=PATH msg=audit(1733944215.456:86978): item=4 name=2F686F6D652F616C6963652F2E636F6E6669672F4272617665536F6674776172652F42726176652D42726F777365722F4C6F63616C205374617465 inode=3113721 dev=08:01 mode=0100600 ouid=1003 ogid=1004 rdev=00:00 nametype=CREATE cap_fp=0 cap_fi=0 cap_fe=0 cap_fver=0 cap_frootid=0
type=PROCTITLE msg=audit(1733944215.456:86978): proctitle="/opt/brave.com/brave/brave"
type=SYSCALL msg=audit(1733944218.572:86979): arch=c000003e syscall=87 success=yes exit=0 a0=1c94024c31c0 a1=ffffffff a2=0 a3=1 items=2 ppid=6867 pid=17615 auid=1003 uid=1003 gid=1004 euid=1003 suid=1003 fsuid=1003 egid=1004 sgid=1004 fsgid=1004 tty=(none) ses=10 comm="Chrome_IOThread" exe="/usr/share/code/code" subj=unconfined
type=CWD msg=audit(1733944218.572:86979): cwd="/home/alice/Downloads"
type=PATH msg=audit(1733944218.572:86979): item=0 name="/dev/shm/" inode=1 dev=00:18 mode=041777 ouid=0 ogid=0 rdev=00:00 nametype=PARENT cap_fp=0 cap_fi=0 cap_fe=0 cap_fver=0 cap_frootid=0
type=PATH msg=audit(1733944218.572:86979): item=1 name="/dev/shm/.org.chromium.Chromium.GGUCK9" inode=20971 dev=00:18 mode=0100600 ouid=1003 ogid=1004 rdev=00:00 nametype=DELETE cap_fp=0 cap_fi=0 cap_fe=0 cap_fver=0 cap_frootid=0
type=PROCTITLE msg=audit(1733944218.572:86979): proctitle="/usr/share/code/code"
type=SYSCALL msg=audit(1733944218.572:86980): arch=c000003e syscall=87 success=yes exit=0 a0=1c94024c30c0 a1=ffffffff a2=0 a3=0 items=2 ppid=6867 pid=17615 auid=1003 uid=1003 gid=1004 euid=1003 suid=1003 fsuid=1003 egid=1004 sgid=1004 fsgid=1004 tty=(none) ses=10 comm="Chrome_IOThread" exe="/usr/share/code/code" subj=unconfined
type=CWD msg=audit(1733944218.572:86980): cwd="/home/alice/Downloads"
type=PATH msg=audit(1733944218.572:86980): item=0 name="/dev/shm/" inode=1 dev=00:18 mode=041777 ouid=0 ogid=0 rdev=00:00 nametype=PARENT cap_fp=0 cap_fi=0 cap_fe=0 cap_fver=0 cap_frootid=0
type=PATH msg=audit(1733944218.572:86980): item=1 name="/dev/shm/.org.chromium.Chromium.95vlkb" inode=20972 dev=00:18 mode=0100600 ouid=1003 ogid=1004 rdev=00:00 nametype=DELETE cap_fp=0 cap_fi=0 cap_fe=0 cap_fver=0 cap_frootid=0
type=PROCTITLE msg=audit(1733944218.572:86980): proctitle="/usr/share/code/code"
type=SYSCALL msg=audit(1733944219.208:86981): arch=c000003e syscall=87 success=yes exit=0 a0=27dc0a3824c0 a1=55e7475e98d1 a2=29e34c72cdc21013 a3=0 items=2 ppid=14442 pid=14448 auid=1003 uid=1003 gid=1004 euid=1003 suid=1003 fsuid=1003 egid=1004 sgid=1004 fsgid=1004 tty=(none) ses=16 comm="Chrome_IOThread" exe="/opt/brave.com/brave/brave" subj=unconfined
type=CWD msg=audit(1733944219.208:86981): cwd="/home/alice"
type=PATH msg=audit(1733944219.208:86981): item=0 name="/dev/shm/" inode=1 dev=00:18 mode=041777 ouid=0 ogid=0 rdev=00:00 nametype=PARENT cap_fp=0 cap_fi=0 cap_fe=0 cap_fver=0 cap_frootid=0
type=PATH msg=audit(1733944219.208:86981): item=1 name="/dev/shm/.org.chromium.Chromium.obTkLG" inode=20973 dev=00:18 mode=0100600 ouid=1003 ogid=1004 rdev=00:00 nametype=DELETE cap_fp=0 cap_fi=0 cap_fe=0 cap_fver=0 cap_frootid=0
type=PROCTITLE msg=audit(1733944219.208:86981): proctitle="/opt/brave.com/brave/brave"
type=SYSCALL msg=audit(1733944219.344:86982): arch=c000003e syscall=87 success=yes exit=0 a0=27dc0a381580 a1=55e7475e98d1 a2=c9107a3d28448d88 a3=0 items=2 ppid=14442 pid=14448 auid=1003 uid=1003 gid=1004 euid=1003 suid=1003 fsuid=1003 egid=1004 sgid=1004 fsgid=1004 tty=(none) ses=16 comm="brave" exe="/opt/brave.com/brave/brave" subj=unconfined
type=CWD msg=audit(1733944219.344:86982): cwd="/home/alice"
type=PATH msg=audit(1733944219.344:86982): item=0 name="/dev/shm/" inode=1 dev=00:18 mode=041777 ouid=0 ogid=0 rdev=00:00 nametype=PARENT cap_fp=0 cap_fi=0 cap_fe=0 cap_fver=0 cap_frootid=0
type=PATH msg=audit(1733944219.344:86982): item=1 name="/dev/shm/.org.chromium.Chromium.j6Cw8G" inode=20974 dev=00:18 mode=0100600 ouid=1003 ogid=1004 rdev=00:00 nametype=DELETE cap_fp=0 cap_fi=0 cap_fe=0 cap_fver=0 cap_frootid=0
type=PROCTITLE msg=audit(1733944219.344:86982): proctitle="/opt/brave.com/brave/brave"
type=SYSCALL msg=audit(1733944223.925:86983): arch=c000003e syscall=87 success=yes exit=0 a0=2204007e1200 a1=56376d5898d1 a2=1d6df497a1e998f a3=0 items=2 ppid=14448 pid=14486 auid=1003 uid=1003 gid=1004 euid=1003 suid=1003 fsuid=1003 egid=1004 sgid=1004 fsgid=1004 tty=(none) ses=16 comm="Chrome_ChildIOT" exe="/opt/brave.com/brave/brave" subj=unconfined
type=CWD msg=audit(1733944223.925:86983): cwd="/home/alice"
type=PATH msg=audit(1733944223.925:86983): item=0 name="/dev/shm/" inode=1 dev=00:18 mode=041777 ouid=0 ogid=0 rdev=00:00 nametype=PARENT cap_fp=0 cap_fi=0 cap_fe=0 cap_fver=0 cap_frootid=0
type=PATH msg=audit(1733944223.925:86983): item=1 name="/dev/shm/.org.chromium.Chromium.EIbcGy" inode=20975 dev=00:18 mode=0100600 ouid=1003 ogid=1004 rdev=00:00 nametype=DELETE cap_fp=0 cap_fi=0 cap_fe=0 cap_fver=0 cap_frootid=0
type=PROCTITLE msg=audit(1733944223.925:86983): proctitle=2F6F70742F62726176652E636F6D2F62726176652F6272617665202D2D747970653D7574696C697479202D2D7574696C6974792D7375622D747970653D6E6574776F726B2E6D6F6A6F6D2E4E6574776F726B53657276696365202D2D6C616E673D656E2D5553202D2D736572766963652D73616E64626F782D747970653D6E6F
type=SYSCALL msg=audit(1733944234.842:86984): arch=c000003e syscall=42 success=yes exit=0 a0=24 a1=7f1f9aab8dcc a2=10 a3=7f1f9aab53e4 items=0 ppid=1 pid=14969 auid=1003 uid=1003 gid=1004 euid=1003 suid=1003 fsuid=1003 egid=1004 sgid=1004 fsgid=1004 tty=(none) ses=16 comm="connector-threa" exe="/home/alice/.dropbox-dist/dropbox-lnx.x86_64-213.4.4597/dropbox" subj=unconfined
type=SOCKADDR msg=audit(1733944234.842:86984): saddr=020000357F000035900600901F7F0000
type=PROCTITLE msg=audit(1733944234.842:86984): proctitle="/home/alice/.dropbox-dist/dropbox-lnx.x86_64-213.4.4597/dropbox"
type=SYSCALL msg=audit(1733944234.842:86985): arch=c000003e syscall=42 success=yes exit=0 a0=f a1=7ffe59cdec60 a2=10 a3=7ffe59cdec5c items=0 ppid=1 pid=530 auid=4294967295 uid=101 gid=103 euid=101 suid=101 fsuid=101 egid=103 sgid=103 fsgid=103 tty=(none) ses=4294967295 comm="systemd-resolve" exe="/usr/lib/systemd/systemd-resolved" subj=unconfined
type=SOCKADDR msg=audit(1733944234.842:86985): saddr=02000035A9FEA9FE0000000000000000
type=PROCTITLE msg=audit(1733944234.842:86985): proctitle="/lib/systemd/systemd-resolved"
type=SYSCALL msg=audit(1733944235.458:86986): arch=c000003e syscall=82 success=yes exit=0 a0=27dc0a359110 a1=27dc0955ac60 a2=0 a3=7ffe271f7090 items=5 ppid=14442 pid=14448 auid=1003 uid=1003 gid=1004 euid=1003 suid=1003 fsuid=1003 egid=1004 sgid=1004 fsgid=1004 tty=(none) ses=16 comm="ThreadPoolForeg" exe="/opt/brave.com/brave/brave" subj=unconfined
type=CWD msg=audit(1733944235.458:86986): cwd="/home/alice"
type=PATH msg=audit(1733944235.458:86986): item=0 name="/home/alice/.config/BraveSoftware/Brave-Browser/" inode=3097450 dev=08:01 mode=040700 ouid=1003 ogid=1004 rdev=00:00 nametype=PARENT cap_fp=0 cap_fi=0 cap_fe=0 cap_fver=0 cap_frootid=0
type=PATH msg=audit(1733944235.458:86986): item=1 name="/home/alice/.config/BraveSoftware/Brave-Browser/" inode=3097450 dev=08:01 mode=040700 ouid=1003 ogid=1004 rdev=00:00 nametype=PARENT cap_fp=0 cap_fi=0 cap_fe=0 cap_fver=0 cap_frootid=0
type=PATH msg=audit(1733944235.458:86986): item=2 name="/home/alice/.config/BraveSoftware/Brave-Browser/.org.chromium.Chromium.GKb8cJ" inode=3099011 dev=08:01 mode=0100600 ouid=1003 ogid=1004 rdev=00:00 nametype=DELETE cap_fp=0 cap_fi=0 cap_fe=0 cap_fver=0 cap_frootid=0
type=PATH msg=audit(1733944235.458:86986): item=3 name=2F686F6D652F616C6963652F2E636F6E6669672F4272617665536F6674776172652F42726176652D42726F777365722F4C6F63616C205374617465 inode=3113721 dev=08:01 mode=0100600 ouid=1003 ogid=1004 rdev=00:00 nametype=DELETE cap_fp=0 cap_fi=0 cap_fe=0 cap_fver=0 cap_frootid=0
type=PATH msg=audit(1733944235.458:86986): item=4 name=2F686F6D652F616C6963652F2E636F6E6669672F4272617665536F6674776172652F42726176652D42726F777365722F4C6F63616C205374617465 inode=3099011 dev=08:01 mode=0100600 ouid=1003 ogid=1004 rdev=00:00 nametype=CREATE cap_fp=0 cap_fi=0 cap_fe=0 cap_fver=0 cap_frootid=0
type=PROCTITLE msg=audit(1733944235.458:86986): proctitle="/opt/brave.com/brave/brave"
type=SYSCALL msg=audit(1733944244.851:86987): arch=c000003e syscall=87 success=yes exit=0 a0=22040059f800 a1=56376d5898d1 a2=b4fd25653b70edba a3=0 items=2 ppid=14448 pid=14486 auid=1003 uid=1003 gid=1004 euid=1003 suid=1003 fsuid=1003 egid=1004 sgid=1004 fsgid=1004 tty=(none) ses=16 comm="Chrome_ChildIOT" exe="/opt/brave.com/brave/brave" subj=unconfined
type=CWD msg=audit(1733944244.851:86987): cwd="/home/alice"
type=PATH msg=audit(1733944244.851:86987): item=0 name="/dev/shm/" inode=1 dev=00:18 mode=041777 ouid=0 ogid=0 rdev=00:00 nametype=PARENT cap_fp=0 cap_fi=0 cap_fe=0 cap_fver=0 cap_frootid=0
type=PATH msg=audit(1733944244.851:86987): item=1 name="/dev/shm/.org.chromium.Chromium.wp2wpx" inode=20976 dev=00:18 mode=0100600 ouid=1003 ogid=1004 rdev=00:00 nametype=DELETE cap_fp=0 cap_fi=0 cap_fe=0 cap_fver=0 cap_frootid=0
type=PROCTITLE msg=audit(1733944244.851:86987): proctitle=2F6F70742F62726176652E636F6D2F62726176652F6272617665202D2D747970653D7574696C697479202D2D7574696C6974792D7375622D747970653D6E6574776F726B2E6D6F6A6F6D2E4E6574776F726B53657276696365202D2D6C616E673D656E2D5553202D2D736572766963652D73616E64626F782D747970653D6E6F
type=SYSCALL msg=audit(1733944249.191:86988): arch=c000003e syscall=82 success=yes exit=0 a0=27dc0b1d44d0 a1=27dc0955a120 a2=0 a3=7ffe271f7090 items=5 ppid=14442 pid=14448 auid=1003 uid=1003 gid=1004 euid=1003 suid=1003 fsuid=1003 egid=1004 sgid=1004 fsgid=1004 tty=(none) ses=16 comm="ThreadPoolForeg" exe="/opt/brave.com/brave/brave" subj=unconfined
type=CWD msg=audit(1733944249.191:86988): cwd="/home/alice"
type=PATH msg=audit(1733944249.191:86988): item=0 name="/home/alice/.config/BraveSoftware/Brave-Browser/" inode=3097450 dev=08:01 mode=040700 ouid=1003 ogid=1004 rdev=00:00 nametype=PARENT cap_fp=0 cap_fi=0 cap_fe=0 cap_fver=0 cap_frootid=0
type=PATH msg=audit(1733944249.191:86988): item=1 name="/home/alice/.config/BraveSoftware/Brave-Browser/" inode=3097450 dev=08:01 mode=040700 ouid=1003 ogid=1004 rdev=00:00 nametype=PARENT cap_fp=0 cap_fi=0 cap_fe=0 cap_fver=0 cap_frootid=0
type=PATH msg=audit(1733944249.191:86988): item=2 name="/home/alice/.config/BraveSoftware/Brave-Browser/.org.chromium.Chromium.qwZmHH" inode=3113721 dev=08:01 mode=0100600 ouid=1003 ogid=1004 rdev=00:00 nametype=DELETE cap_fp=0 cap_fi=0 cap_fe=0 cap_fver=0 cap_frootid=0
type=PATH msg=audit(1733944249.191:86988): item=3 name=2F686F6D652F616C6963652F2E636F6E6669672F4272617665536F6674776172652F42726176652D42726F777365722F4C6F63616C205374617465 inode=3099011 dev=08:01 mode=0100600 ouid=1003 ogid=1004 rdev=00:00 nametype=DELETE cap_fp=0 cap_fi=0 cap_fe=0 cap_fver=0 cap_frootid=0
type=PATH msg=audit(1733944249.191:86988): item=4 name=2F686F6D652F616C6963652F2E636F6E6669672F4272617665536F6674776172652F42726176652D42726F777365722F4C6F63616C205374617465 inode=3113721 dev=08:01 mode=0100600 ouid=1003 ogid=1004 rdev=00:00 nametype=CREATE cap_fp=0 cap_fi=0 cap_fe=0 cap_fver=0 cap_frootid=0
type=PROCTITLE msg=audit(1733944249.191:86988): proctitle="/opt/brave.com/brave/brave"
type=SYSCALL msg=audit(1733944251.451:86989): arch=c000003e syscall=87 success=yes exit=0 a0=2204007e35c0 a1=56376d5898d1 a2=9ca60d66f61f0f74 a3=0 items=2 ppid=14448 pid=14486 auid=1003 uid=1003 gid=1004 euid=1003 suid=1003 fsuid=1003 egid=1004 sgid=1004 fsgid=1004 tty=(none) ses=16 comm="Chrome_ChildIOT" exe="/opt/brave.com/brave/brave" subj=unconfined
type=CWD msg=audit(1733944251.451:86989): cwd="/home/alice"
type=PATH msg=audit(1733944251.451:86989): item=0 name="/dev/shm/" inode=1 dev=00:18 mode=041777 ouid=0 ogid=0 rdev=00:00 nametype=PARENT cap_fp=0 cap_fi=0 cap_fe=0 cap_fver=0 cap_frootid=0
type=PATH msg=audit(1733944251.451:86989): item=1 name="/dev/shm/.org.chromium.Chromium.WBOnuy" inode=20977 dev=00:18 mode=0100600 ouid=1003 ogid=1004 rdev=00:00 nametype=DELETE cap_fp=0 cap_fi=0 cap_fe=0 cap_fver=0 cap_frootid=0
type=PROCTITLE msg=audit(1733944251.451:86989): proctitle=2F6F70742F62726176652E636F6D2F62726176652F6272617665202D2D747970653D7574696C697479202D2D7574696C6974792D7375622D747970653D6E6574776F726B2E6D6F6A6F6D2E4E6574776F726B53657276696365202D2D6C616E673D656E2D5553202D2D736572766963652D73616E64626F782D747970653D6E6F
type=SYSCALL msg=audit(1733944251.455:86990): arch=c000003e syscall=42 success=yes exit=0 a0=18 a1=7fde5ca42090 a2=10 a3=56376d4945e8 items=0 ppid=14448 pid=14486 auid=1003 uid=1003 gid=1004 euid=1003 suid=1003 fsuid=1003 egid=1004 sgid=1004 fsgid=1004 tty=(none) ses=16 comm="Chrome_ChildIOT" exe="/opt/brave.com/brave/brave" subj=unconfined
type=SOCKADDR msg=audit(1733944251.455:86990): saddr=020000357F0000350000000000000000
type=PROCTITLE msg=audit(1733944251.455:86990): proctitle=2F6F70742F62726176652E636F6D2F62726176652F6272617665202D2D747970653D7574696C697479202D2D7574696C6974792D7375622D747970653D6E6574776F726B2E6D6F6A6F6D2E4E6574776F726B53657276696365202D2D6C616E673D656E2D5553202D2D736572766963652D73616E64626F782D747970653D6E6F
type=SYSCALL msg=audit(1733944251.455:86991): arch=c000003e syscall=42 success=yes exit=0 a0=19 a1=7fde5ca41fb0 a2=10 a3=56376d4945e8 items=0 ppid=14448 pid=14486 auid=1003 uid=1003 gid=1004 euid=1003 suid=1003 fsuid=1003 egid=1004 sgid=1004 fsgid=1004 tty=(none) ses=16 comm="Chrome_ChildIOT" exe="/opt/brave.com/brave/brave" subj=unconfined
type=SOCKADDR msg=audit(1733944251.455:86991): saddr=020000357F0000350000000000000000
type=PROCTITLE msg=audit(1733944251.455:86991): proctitle=2F6F70742F62726176652E636F6D2F62726176652F6272617665202D2D747970653D7574696C697479202D2D7574696C6974792D7375622D747970653D6E6574776F726B2E6D6F6A6F6D2E4E6574776F726B53657276696365202D2D6C616E673D656E2D5553202D2D736572766963652D73616E64626F782D747970653D6E6F
type=SYSCALL msg=audit(1733944251.455:86992): arch=c000003e syscall=42 success=yes exit=0 a0=f a1=7ffe59cdef30 a2=10 a3=7ffe59cdef2c items=0 ppid=1 pid=530 auid=4294967295 uid=101 gid=103 euid=101 suid=101 fsuid=101 egid=103 sgid=103 fsgid=103 tty=(none) ses=4294967295 comm="systemd-resolve" exe="/usr/lib/systemd/systemd-resolved" subj=unconfined
type=SOCKADDR msg=audit(1733944251.455:86992): saddr=02000035A9FEA9FE0000000000000000
type=PROCTITLE msg=audit(1733944251.455:86992): proctitle="/lib/systemd/systemd-resolved"
type=SYSCALL msg=audit(1733944251.455:86993): arch=c000003e syscall=42 success=yes exit=0 a0=10 a1=7ffe59cdef30 a2=10 a3=7ffe59cdef2c items=0 ppid=1 pid=530 auid=4294967295 uid=101 gid=103 euid=101 suid=101 fsuid=101 egid=103 sgid=103 fsgid=103 tty=(none) ses=4294967295 comm="systemd-resolve" exe="/usr/lib/systemd/systemd-resolved" subj=unconfined
type=SOCKADDR msg=audit(1733944251.455:86993): saddr=02000035A9FEA9FE0000000000000000
type=PROCTITLE msg=audit(1733944251.455:86993): proctitle="/lib/systemd/systemd-resolved"
type=SYSCALL msg=audit(1733944251.475:86994): arch=c000003e syscall=42 success=yes exit=0 a0=10 a1=7ffe59cdec20 a2=10 a3=7ffe59cdec1c items=0 ppid=1 pid=530 auid=4294967295 uid=101 gid=103 euid=101 suid=101 fsuid=101 egid=103 sgid=103 fsgid=103 tty=(none) ses=4294967295 comm="systemd-resolve" exe="/usr/lib/systemd/systemd-resolved" subj=unconfined
type=SOCKADDR msg=audit(1733944251.475:86994): saddr=02000035A9FEA9FE0000000000000000
type=PROCTITLE msg=audit(1733944251.475:86994): proctitle="/lib/systemd/systemd-resolved"
type=SYSCALL msg=audit(1733944255.272:86995): arch=c000003e syscall=87 success=yes exit=0 a0=22040059dac0 a1=56376d5898d1 a2=a1a94370a84d5527 a3=0 items=2 ppid=14448 pid=14486 auid=1003 uid=1003 gid=1004 euid=1003 suid=1003 fsuid=1003 egid=1004 sgid=1004 fsgid=1004 tty=(none) ses=16 comm="Chrome_ChildIOT" exe="/opt/brave.com/brave/brave" subj=unconfined
type=CWD msg=audit(1733944255.272:86995): cwd="/home/alice"
type=PATH msg=audit(1733944255.272:86995): item=0 name="/dev/shm/" inode=1 dev=00:18 mode=041777 ouid=0 ogid=0 rdev=00:00 nametype=PARENT cap_fp=0 cap_fi=0 cap_fe=0 cap_fver=0 cap_frootid=0
type=PATH msg=audit(1733944255.272:86995): item=1 name="/dev/shm/.org.chromium.Chromium.CGEmKA" inode=20978 dev=00:18 mode=0100600 ouid=1003 ogid=1004 rdev=00:00 nametype=DELETE cap_fp=0 cap_fi=0 cap_fe=0 cap_fver=0 cap_frootid=0
type=PROCTITLE msg=audit(1733944255.272:86995): proctitle=2F6F70742F62726176652E636F6D2F62726176652F6272617665202D2D747970653D7574696C697479202D2D7574696C6974792D7375622D747970653D6E6574776F726B2E6D6F6A6F6D2E4E6574776F726B53657276696365202D2D6C616E673D656E2D5553202D2D736572766963652D73616E64626F782D747970653D6E6F
type=SYSCALL msg=audit(1733944258.820:86996): arch=c000003e syscall=87 success=yes exit=0 a0=2204006115c0 a1=56376d5898d1 a2=355610737d3308c9 a3=0 items=2 ppid=14448 pid=14486 auid=1003 uid=1003 gid=1004 euid=1003 suid=1003 fsuid=1003 egid=1004 sgid=1004 fsgid=1004 tty=(none) ses=16 comm="Chrome_ChildIOT" exe="/opt/brave.com/brave/brave" subj=unconfined
type=CWD msg=audit(1733944258.820:86996): cwd="/home/alice"
type=PATH msg=audit(1733944258.820:86996): item=0 name="/dev/shm/" inode=1 dev=00:18 mode=041777 ouid=0 ogid=0 rdev=00:00 nametype=PARENT cap_fp=0 cap_fi=0 cap_fe=0 cap_fver=0 cap_frootid=0
type=PATH msg=audit(1733944258.820:86996): item=1 name="/dev/shm/.org.chromium.Chromium.FhSXBx" inode=20979 dev=00:18 mode=0100600 ouid=1003 ogid=1004 rdev=00:00 nametype=DELETE cap_fp=0 cap_fi=0 cap_fe=0 cap_fver=0 cap_frootid=0
type=PROCTITLE msg=audit(1733944258.820:86996): proctitle=2F6F70742F62726176652E636F6D2F62726176652F6272617665202D2D747970653D7574696C697479202D2D7574696C6974792D7375622D747970653D6E6574776F726B2E6D6F6A6F6D2E4E6574776F726B53657276696365202D2D6C616E673D656E2D5553202D2D736572766963652D73616E64626F782D747970653D6E6F
type=SYSCALL msg=audit(1733944259.752:86997): arch=c000003e syscall=87 success=yes exit=0 a0=220400612580 a1=56376d5898d1 a2=e3e8fcdc1190bb60 a3=0 items=2 ppid=14448 pid=14486 auid=1003 uid=1003 gid=1004 euid=1003 suid=1003 fsuid=1003 egid=1004 sgid=1004 fsgid=1004 tty=(none) ses=16 comm="Chrome_ChildIOT" exe="/opt/brave.com/brave/brave" subj=unconfined
type=CWD msg=audit(1733944259.752:86997): cwd="/home/alice"
type=PATH msg=audit(1733944259.752:86997): item=0 name="/dev/shm/" inode=1 dev=00:18 mode=041777 ouid=0 ogid=0 rdev=00:00 nametype=PARENT cap_fp=0 cap_fi=0 cap_fe=0 cap_fver=0 cap_frootid=0
type=PATH msg=audit(1733944259.752:86997): item=1 name="/dev/shm/.org.chromium.Chromium.VsOoeA" inode=20980 dev=00:18 mode=0100600 ouid=1003 ogid=1004 rdev=00:00 nametype=DELETE cap_fp=0 cap_fi=0 cap_fe=0 cap_fver=0 cap_frootid=0
type=PROCTITLE msg=audit(1733944259.752:86997): proctitle=2F6F70742F62726176652E636F6D2F62726176652F6272617665202D2D747970653D7574696C697479202D2D7574696C6974792D7375622D747970653D6E6574776F726B2E6D6F6A6F6D2E4E6574776F726B53657276696365202D2D6C616E673D656E2D5553202D2D736572766963652D73616E64626F782D747970653D6E6F
type=SYSCALL msg=audit(1733944269.789:86998): arch=c000003e syscall=87 success=yes exit=0 a0=2204007906c0 a1=56376d5898d1 a2=cd6505c72071b666 a3=0 items=2 ppid=14448 pid=14486 auid=1003 uid=1003 gid=1004 euid=1003 suid=1003 fsuid=1003 egid=1004 sgid=1004 fsgid=1004 tty=(none) ses=16 comm="Chrome_ChildIOT" exe="/opt/brave.com/brave/brave" subj=unconfined
type=CWD msg=audit(1733944269.789:86998): cwd="/home/alice"
type=PATH msg=audit(1733944269.789:86998): item=0 name="/dev/shm/" inode=1 dev=00:18 mode=041777 ouid=0 ogid=0 rdev=00:00 nametype=PARENT cap_fp=0 cap_fi=0 cap_fe=0 cap_fver=0 cap_frootid=0
type=PATH msg=audit(1733944269.789:86998): item=1 name="/dev/shm/.org.chromium.Chromium.srh0gy" inode=20981 dev=00:18 mode=0100600 ouid=1003 ogid=1004 rdev=00:00 nametype=DELETE cap_fp=0 cap_fi=0 cap_fe=0 cap_fver=0 cap_frootid=0
type=PROCTITLE msg=audit(1733944269.789:86998): proctitle=2F6F70742F62726176652E636F6D2F62726176652F6272617665202D2D747970653D7574696C697479202D2D7574696C6974792D7375622D747970653D6E6574776F726B2E6D6F6A6F6D2E4E6574776F726B53657276696365202D2D6C616E673D656E2D5553202D2D736572766963652D73616E64626F782D747970653D6E6F
type=SYSCALL msg=audit(1733944270.873:86999): arch=c000003e syscall=87 success=yes exit=0 a0=22040059c740 a1=56376d5898d1 a2=b3d789286a932098 a3=0 items=2 ppid=14448 pid=14486 auid=1003 uid=1003 gid=1004 euid=1003 suid=1003 fsuid=1003 egid=1004 sgid=1004 fsgid=1004 tty=(none) ses=16 comm="Chrome_ChildIOT" exe="/opt/brave.com/brave/brave" subj=unconfined
type=CWD msg=audit(1733944270.873:86999): cwd="/home/alice"
type=PATH msg=audit(1733944270.873:86999): item=0 name="/dev/shm/" inode=1 dev=00:18 mode=041777 ouid=0 ogid=0 rdev=00:00 nametype=PARENT cap_fp=0 cap_fi=0 cap_fe=0 cap_fver=0 cap_frootid=0
type=PATH msg=audit(1733944270.873:86999): item=1 name="/dev/shm/.org.chromium.Chromium.vnIIpz" inode=20982 dev=00:18 mode=0100600 ouid=1003 ogid=1004 rdev=00:00 nametype=DELETE cap_fp=0 cap_fi=0 cap_fe=0 cap_fver=0 cap_frootid=0
type=PROCTITLE msg=audit(1733944270.873:86999): proctitle=2F6F70742F62726176652E636F6D2F62726176652F6272617665202D2D747970653D7574696C697479202D2D7574696C6974792D7375622D747970653D6E6574776F726B2E6D6F6A6F6D2E4E6574776F726B53657276696365202D2D6C616E673D656E2D5553202D2D736572766963652D73616E64626F782D747970653D6E6F
type=SYSCALL msg=audit(1733944272.614:87000): arch=c000003e syscall=87 success=yes exit=0 a0=220400612b00 a1=56376d5898d1 a2=d57cfba3c95e654e a3=0 items=2 ppid=14448 pid=14486 auid=1003 uid=1003 gid=1004 euid=1003 suid=1003 fsuid=1003 egid=1004 sgid=1004 fsgid=1004 tty=(none) ses=16 comm="Chrome_ChildIOT" exe="/opt/brave.com/brave/brave" subj=unconfined
type=CWD msg=audit(1733944272.614:87000): cwd="/home/alice"
type=PATH msg=audit(1733944272.614:87000): item=0 name="/dev/shm/" inode=1 dev=00:18 mode=041777 ouid=0 ogid=0 rdev=00:00 nametype=PARENT cap_fp=0 cap_fi=0 cap_fe=0 cap_fver=0 cap_frootid=0
type=PATH msg=audit(1733944272.614:87000): item=1 name="/dev/shm/.org.chromium.Chromium.hR38iz" inode=20983 dev=00:18 mode=0100600 ouid=1003 ogid=1004 rdev=00:00 nametype=DELETE cap_fp=0 cap_fi=0 cap_fe=0 cap_fver=0 cap_frootid=0
type=PROCTITLE msg=audit(1733944272.614:87000): proctitle=2F6F70742F62726176652E636F6D2F62726176652F6272617665202D2D747970653D7574696C697479202D2D7574696C6974792D7375622D747970653D6E6574776F726B2E6D6F6A6F6D2E4E6574776F726B53657276696365202D2D6C616E673D656E2D5553202D2D736572766963652D73616E64626F782D747970653D6E6F
type=SYSCALL msg=audit(1733944275.458:87001): arch=c000003e syscall=82 success=yes exit=0 a0=27dc0b582450 a1=27dc0955a580 a2=0 a3=7ffe271f7090 items=5 ppid=14442 pid=14448 auid=1003 uid=1003 gid=1004 euid=1003 suid=1003 fsuid=1003 egid=1004 sgid=1004 fsgid=1004 tty=(none) ses=16 comm="ThreadPoolForeg" exe="/opt/brave.com/brave/brave" subj=unconfined
type=CWD msg=audit(1733944275.458:87001): cwd="/home/alice"
type=PATH msg=audit(1733944275.458:87001): item=0 name="/home/alice/.config/BraveSoftware/Brave-Browser/" inode=3097450 dev=08:01 mode=040700 ouid=1003 ogid=1004 rdev=00:00 nametype=PARENT cap_fp=0 cap_fi=0 cap_fe=0 cap_fver=0 cap_frootid=0
type=PATH msg=audit(1733944275.458:87001): item=1 name="/home/alice/.config/BraveSoftware/Brave-Browser/" inode=3097450 dev=08:01 mode=040700 ouid=1003 ogid=1004 rdev=00:00 nametype=PARENT cap_fp=0 cap_fi=0 cap_fe=0 cap_fver=0 cap_frootid=0
type=PATH msg=audit(1733944275.458:87001): item=2 name="/home/alice/.config/BraveSoftware/Brave-Browser/.org.chromium.Chromium.BoYzIH" inode=3099011 dev=08:01 mode=0100600 ouid=1003 ogid=1004 rdev=00:00 nametype=DELETE cap_fp=0 cap_fi=0 cap_fe=0 cap_fver=0 cap_frootid=0
type=PATH msg=audit(1733944275.458:87001): item=3 name=2F686F6D652F616C6963652F2E636F6E6669672F4272617665536F6674776172652F42726176652D42726F777365722F4C6F63616C205374617465 inode=3113721 dev=08:01 mode=0100600 ouid=1003 ogid=1004 rdev=00:00 nametype=DELETE cap_fp=0 cap_fi=0 cap_fe=0 cap_fver=0 cap_frootid=0
type=PATH msg=audit(1733944275.458:87001): item=4 name=2F686F6D652F616C6963652F2E636F6E6669672F4272617665536F6674776172652F42726176652D42726F777365722F4C6F63616C205374617465 inode=3099011 dev=08:01 mode=0100600 ouid=1003 ogid=1004 rdev=00:00 nametype=CREATE cap_fp=0 cap_fi=0 cap_fe=0 cap_fver=0 cap_frootid=0
type=PROCTITLE msg=audit(1733944275.458:87001): proctitle="/opt/brave.com/brave/brave"
type=SYSCALL msg=audit(1733944288.571:87002): arch=c000003e syscall=87 success=yes exit=0 a0=3cf400364440 a1=ffffffff a2=0 a3=0 items=2 ppid=17615 pid=17660 auid=1003 uid=1003 gid=1004 euid=1003 suid=1003 fsuid=1003 egid=1004 sgid=1004 fsgid=1004 tty=(none) ses=10 comm="Chrome_ChildIOT" exe="/usr/share/code/code" subj=unconfined
type=CWD msg=audit(1733944288.571:87002): cwd="/home/alice/Downloads"
type=PATH msg=audit(1733944288.571:87002): item=0 name="/dev/shm/" inode=1 dev=00:18 mode=041777 ouid=0 ogid=0 rdev=00:00 nametype=PARENT cap_fp=0 cap_fi=0 cap_fe=0 cap_fver=0 cap_frootid=0
type=PATH msg=audit(1733944288.571:87002): item=1 name="/dev/shm/.org.chromium.Chromium.nGgDoz" inode=20984 dev=00:18 mode=0100600 ouid=1003 ogid=1004 rdev=00:00 nametype=DELETE cap_fp=0 cap_fi=0 cap_fe=0 cap_fver=0 cap_frootid=0
type=PROCTITLE msg=audit(1733944288.571:87002): proctitle=2F7573722F73686172652F636F64652F636F6465202D2D747970653D7574696C697479202D2D7574696C6974792D7375622D747970653D6E6574776F726B2E6D6F6A6F6D2E4E6574776F726B53657276696365202D2D6C616E673D656E2D5553202D2D736572766963652D73616E64626F782D747970653D6E6F6E65202D2D63
type=SYSCALL msg=audit(1733944288.915:87003): arch=c000003e syscall=87 success=yes exit=0 a0=3cf400016d40 a1=ffffffff a2=0 a3=0 items=2 ppid=17615 pid=17660 auid=1003 uid=1003 gid=1004 euid=1003 suid=1003 fsuid=1003 egid=1004 sgid=1004 fsgid=1004 tty=(none) ses=10 comm="Chrome_ChildIOT" exe="/usr/share/code/code" subj=unconfined
type=CWD msg=audit(1733944288.915:87003): cwd="/home/alice/Downloads"
type=PATH msg=audit(1733944288.915:87003): item=0 name="/dev/shm/" inode=1 dev=00:18 mode=041777 ouid=0 ogid=0 rdev=00:00 nametype=PARENT cap_fp=0 cap_fi=0 cap_fe=0 cap_fver=0 cap_frootid=0
type=PATH msg=audit(1733944288.915:87003): item=1 name="/dev/shm/.org.chromium.Chromium.4CcAZz" inode=20985 dev=00:18 mode=0100600 ouid=1003 ogid=1004 rdev=00:00 nametype=DELETE cap_fp=0 cap_fi=0 cap_fe=0 cap_fver=0 cap_frootid=0
type=PROCTITLE msg=audit(1733944288.915:87003): proctitle=2F7573722F73686172652F636F64652F636F6465202D2D747970653D7574696C697479202D2D7574696C6974792D7375622D747970653D6E6574776F726B2E6D6F6A6F6D2E4E6574776F726B53657276696365202D2D6C616E673D656E2D5553202D2D736572766963652D73616E64626F782D747970653D6E6F6E65202D2D63
type=SYSCALL msg=audit(1733944288.931:87004): arch=c000003e syscall=87 success=yes exit=0 a0=34d40130dc80 a1=ffffffff a2=0 a3=1 items=2 ppid=17615 pid=17716 auid=1003 uid=1003 gid=1004 euid=1003 suid=1003 fsuid=1003 egid=1004 sgid=1004 fsgid=1004 tty=(none) ses=10 comm="code" exe="/usr/share/code/code" subj=unconfined
type=CWD msg=audit(1733944288.931:87004): cwd="/home/alice/Downloads"
type=PATH msg=audit(1733944288.931:87004): item=0 name="/dev/shm/" inode=1 dev=00:18 mode=041777 ouid=0 ogid=0 rdev=00:00 nametype=PARENT cap_fp=0 cap_fi=0 cap_fe=0 cap_fver=0 cap_frootid=0
type=PATH msg=audit(1733944288.931:87004): item=1 name="/dev/shm/.org.chromium.Chromium.B3vqtO" inode=20986 dev=00:18 mode=0100600 ouid=1003 ogid=1004 rdev=00:00 nametype=DELETE cap_fp=0 cap_fi=0 cap_fe=0 cap_fver=0 cap_frootid=0
type=PROCTITLE msg=audit(1733944288.931:87004): proctitle=2F70726F632F73656C662F657865002D2D747970653D7574696C697479002D2D7574696C6974792D7375622D747970653D6E6F64652E6D6F6A6F6D2E4E6F646553657276696365002D2D6C616E673D656E2D5553002D2D736572766963652D73616E64626F782D747970653D6E6F6E65002D2D63726173687061642D68616E64
type=SYSCALL msg=audit(1733944293.124:87005): arch=c000003e syscall=87 success=yes exit=0 a0=220400792a80 a1=56376d5898d1 a2=d6fc9c52bab3df4c a3=0 items=2 ppid=14448 pid=14486 auid=1003 uid=1003 gid=1004 euid=1003 suid=1003 fsuid=1003 egid=1004 sgid=1004 fsgid=1004 tty=(none) ses=16 comm="Chrome_ChildIOT" exe="/opt/brave.com/brave/brave" subj=unconfined
type=CWD msg=audit(1733944293.124:87005): cwd="/home/alice"
type=PATH msg=audit(1733944293.124:87005): item=0 name="/dev/shm/" inode=1 dev=00:18 mode=041777 ouid=0 ogid=0 rdev=00:00 nametype=PARENT cap_fp=0 cap_fi=0 cap_fe=0 cap_fver=0 cap_frootid=0
type=PATH msg=audit(1733944293.124:87005): item=1 name="/dev/shm/.org.chromium.Chromium.N1VQRz" inode=20987 dev=00:18 mode=0100600 ouid=1003 ogid=1004 rdev=00:00 nametype=DELETE cap_fp=0 cap_fi=0 cap_fe=0 cap_fver=0 cap_frootid=0
type=PROCTITLE msg=audit(1733944293.124:87005): proctitle=2F6F70742F62726176652E636F6D2F62726176652F6272617665202D2D747970653D7574696C697479202D2D7574696C6974792D7375622D747970653D6E6574776F726B2E6D6F6A6F6D2E4E6574776F726B53657276696365202D2D6C616E673D656E2D5553202D2D736572766963652D73616E64626F782D747970653D6E6F
type=SYSCALL msg=audit(1733944293.212:87006): arch=c000003e syscall=87 success=yes exit=0 a0=220401c36c00 a1=56376d5898d1 a2=b1a096c32217d31b a3=0 items=2 ppid=14448 pid=14486 auid=1003 uid=1003 gid=1004 euid=1003 suid=1003 fsuid=1003 egid=1004 sgid=1004 fsgid=1004 tty=(none) ses=16 comm="Chrome_ChildIOT" exe="/opt/brave.com/brave/brave" subj=unconfined
type=CWD msg=audit(1733944293.212:87006): cwd="/home/alice"
type=PATH msg=audit(1733944293.212:87006): item=0 name="/dev/shm/" inode=1 dev=00:18 mode=041777 ouid=0 ogid=0 rdev=00:00 nametype=PARENT cap_fp=0 cap_fi=0 cap_fe=0 cap_fver=0 cap_frootid=0
type=PATH msg=audit(1733944293.212:87006): item=1 name="/dev/shm/.org.chromium.Chromium.2RMFxz" inode=20988 dev=00:18 mode=0100600 ouid=1003 ogid=1004 rdev=00:00 nametype=DELETE cap_fp=0 cap_fi=0 cap_fe=0 cap_fver=0 cap_frootid=0
type=PROCTITLE msg=audit(1733944293.212:87006): proctitle=2F6F70742F62726176652E636F6D2F62726176652F6272617665202D2D747970653D7574696C697479202D2D7574696C6974792D7375622D747970653D6E6574776F726B2E6D6F6A6F6D2E4E6574776F726B53657276696365202D2D6C616E673D656E2D5553202D2D736572766963652D73616E64626F782D747970653D6E6F
type=SYSCALL msg=audit(1733944295.456:87007): arch=c000003e syscall=82 success=yes exit=0 a0=27dc0b582a70 a1=27dc0955ae90 a2=0 a3=7ffe271f7090 items=5 ppid=14442 pid=14448 auid=1003 uid=1003 gid=1004 euid=1003 suid=1003 fsuid=1003 egid=1004 sgid=1004 fsgid=1004 tty=(none) ses=16 comm="ThreadPoolForeg" exe="/opt/brave.com/brave/brave" subj=unconfined
type=CWD msg=audit(1733944295.456:87007): cwd="/home/alice"
type=PATH msg=audit(1733944295.456:87007): item=0 name="/home/alice/.config/BraveSoftware/Brave-Browser/" inode=3097450 dev=08:01 mode=040700 ouid=1003 ogid=1004 rdev=00:00 nametype=PARENT cap_fp=0 cap_fi=0 cap_fe=0 cap_fver=0 cap_frootid=0
type=PATH msg=audit(1733944295.456:87007): item=1 name="/home/alice/.config/BraveSoftware/Brave-Browser/" inode=3097450 dev=08:01 mode=040700 ouid=1003 ogid=1004 rdev=00:00 nametype=PARENT cap_fp=0 cap_fi=0 cap_fe=0 cap_fver=0 cap_frootid=0
type=PATH msg=audit(1733944295.456:87007): item=2 name="/home/alice/.config/BraveSoftware/Brave-Browser/.org.chromium.Chromium.9TFq3I" inode=3113721 dev=08:01 mode=0100600 ouid=1003 ogid=1004 rdev=00:00 nametype=DELETE cap_fp=0 cap_fi=0 cap_fe=0 cap_fver=0 cap_frootid=0
type=PATH msg=audit(1733944295.456:87007): item=3 name=2F686F6D652F616C6963652F2E636F6E6669672F4272617665536F6674776172652F42726176652D42726F777365722F4C6F63616C205374617465 inode=3099011 dev=08:01 mode=0100600 ouid=1003 ogid=1004 rdev=00:00 nametype=DELETE cap_fp=0 cap_fi=0 cap_fe=0 cap_fver=0 cap_frootid=0
type=PATH msg=audit(1733944295.456:87007): item=4 name=2F686F6D652F616C6963652F2E636F6E6669672F4272617665536F6674776172652F42726176652D42726F777365722F4C6F63616C205374617465 inode=3113721 dev=08:01 mode=0100600 ouid=1003 ogid=1004 rdev=00:00 nametype=CREATE cap_fp=0 cap_fi=0 cap_fe=0 cap_fver=0 cap_frootid=0
type=PROCTITLE msg=audit(1733944295.456:87007): proctitle="/opt/brave.com/brave/brave"
type=SYSCALL msg=audit(1733944296.788:87008): arch=c000003e syscall=87 success=yes exit=0 a0=220401c34e00 a1=56376d5898d1 a2=32d939ca52ca0c0b a3=0 items=2 ppid=14448 pid=14486 auid=1003 uid=1003 gid=1004 euid=1003 suid=1003 fsuid=1003 egid=1004 sgid=1004 fsgid=1004 tty=(none) ses=16 comm="Chrome_ChildIOT" exe="/opt/brave.com/brave/brave" subj=unconfined
type=CWD msg=audit(1733944296.788:87008): cwd="/home/alice"
type=PATH msg=audit(1733944296.788:87008): item=0 name="/dev/shm/" inode=1 dev=00:18 mode=041777 ouid=0 ogid=0 rdev=00:00 nametype=PARENT cap_fp=0 cap_fi=0 cap_fe=0 cap_fver=0 cap_frootid=0
type=PATH msg=audit(1733944296.788:87008): item=1 name="/dev/shm/.org.chromium.Chromium.QdO0Hx" inode=20989 dev=00:18 mode=0100600 ouid=1003 ogid=1004 rdev=00:00 nametype=DELETE cap_fp=0 cap_fi=0 cap_fe=0 cap_fver=0 cap_frootid=0
type=PROCTITLE msg=audit(1733944296.788:87008): proctitle=2F6F70742F62726176652E636F6D2F62726176652F6272617665202D2D747970653D7574696C697479202D2D7574696C6974792D7375622D747970653D6E6574776F726B2E6D6F6A6F6D2E4E6574776F726B53657276696365202D2D6C616E673D656E2D5553202D2D736572766963652D73616E64626F782D747970653D6E6F
type=SYSCALL msg=audit(1733944302.649:87009): arch=c000003e syscall=87 success=yes exit=0 a0=220400612640 a1=56376d5898d1 a2=f456afa4d70c1cc6 a3=0 items=2 ppid=14448 pid=14486 auid=1003 uid=1003 gid=1004 euid=1003 suid=1003 fsuid=1003 egid=1004 sgid=1004 fsgid=1004 tty=(none) ses=16 comm="Chrome_ChildIOT" exe="/opt/brave.com/brave/brave" subj=unconfined
type=CWD msg=audit(1733944302.649:87009): cwd="/home/alice"
type=PATH msg=audit(1733944302.649:87009): item=0 name="/dev/shm/" inode=1 dev=00:18 mode=041777 ouid=0 ogid=0 rdev=00:00 nametype=PARENT cap_fp=0 cap_fi=0 cap_fe=0 cap_fver=0 cap_frootid=0
type=PATH msg=audit(1733944302.649:87009): item=1 name="/dev/shm/.org.chromium.Chromium.yK13ux" inode=20990 dev=00:18 mode=0100600 ouid=1003 ogid=1004 rdev=00:00 nametype=DELETE cap_fp=0 cap_fi=0 cap_fe=0 cap_fver=0 cap_frootid=0
type=PROCTITLE msg=audit(1733944302.649:87009): proctitle=2F6F70742F62726176652E636F6D2F62726176652F6272617665202D2D747970653D7574696C697479202D2D7574696C6974792D7375622D747970653D6E6574776F726B2E6D6F6A6F6D2E4E6574776F726B53657276696365202D2D6C616E673D656E2D5553202D2D736572766963652D73616E64626F782D747970653D6E6F
type=SYSCALL msg=audit(1733944308.481:87010): arch=c000003e syscall=87 success=yes exit=0 a0=22040059c940 a1=56376d5898d1 a2=99f1716adc8ae2cf a3=0 items=2 ppid=14448 pid=14486 auid=1003 uid=1003 gid=1004 euid=1003 suid=1003 fsuid=1003 egid=1004 sgid=1004 fsgid=1004 tty=(none) ses=16 comm="Chrome_ChildIOT" exe="/opt/brave.com/brave/brave" subj=unconfined
type=CWD msg=audit(1733944308.481:87010): cwd="/home/alice"
type=PATH msg=audit(1733944308.481:87010): item=0 name="/dev/shm/" inode=1 dev=00:18 mode=041777 ouid=0 ogid=0 rdev=00:00 nametype=PARENT cap_fp=0 cap_fi=0 cap_fe=0 cap_fver=0 cap_frootid=0
type=PATH msg=audit(1733944308.481:87010): item=1 name="/dev/shm/.org.chromium.Chromium.mzvtBx" inode=20991 dev=00:18 mode=0100600 ouid=1003 ogid=1004 rdev=00:00 nametype=DELETE cap_fp=0 cap_fi=0 cap_fe=0 cap_fver=0 cap_frootid=0
type=PROCTITLE msg=audit(1733944308.481:87010): proctitle=2F6F70742F62726176652E636F6D2F62726176652F6272617665202D2D747970653D7574696C697479202D2D7574696C6974792D7375622D747970653D6E6574776F726B2E6D6F6A6F6D2E4E6574776F726B53657276696365202D2D6C616E673D656E2D5553202D2D736572766963652D73616E64626F782D747970653D6E6F
type=SYSCALL msg=audit(1733944308.585:87011): arch=c000003e syscall=82 success=yes exit=0 a0=3cf40001b070 a1=3cf4001b7160 a2=ff2afbff0bc3ffff a3=7fff687e6090 items=5 ppid=17615 pid=17660 auid=1003 uid=1003 gid=1004 euid=1003 suid=1003 fsuid=1003 egid=1004 sgid=1004 fsgid=1004 tty=(none) ses=10 comm="ThreadPoolForeg" exe="/usr/share/code/code" subj=unconfined
type=CWD msg=audit(1733944308.585:87011): cwd="/home/alice/Downloads"
type=PATH msg=audit(1733944308.585:87011): item=0 name="/home/alice/.config/Code/Cache/Cache_Data/index-dir/" inode=3101787 dev=08:01 mode=040700 ouid=1003 ogid=1004 rdev=00:00 nametype=PARENT cap_fp=0 cap_fi=0 cap_fe=0 cap_fver=0 cap_frootid=0
type=PATH msg=audit(1733944308.585:87011): item=1 name="/home/alice/.config/Code/Cache/Cache_Data/index-dir/" inode=3101787 dev=08:01 mode=040700 ouid=1003 ogid=1004 rdev=00:00 nametype=PARENT cap_fp=0 cap_fi=0 cap_fe=0 cap_fver=0 cap_frootid=0
type=PATH msg=audit(1733944308.585:87011): item=2 name="/home/alice/.config/Code/Cache/Cache_Data/index-dir/temp-index" inode=3099011 dev=08:01 mode=0100600 ouid=1003 ogid=1004 rdev=00:00 nametype=DELETE cap_fp=0 cap_fi=0 cap_fe=0 cap_fver=0 cap_frootid=0
type=PATH msg=audit(1733944308.585:87011): item=3 name="/home/alice/.config/Code/Cache/Cache_Data/index-dir/the-real-index" inode=3101744 dev=08:01 mode=0100600 ouid=1003 ogid=1004 rdev=00:00 nametype=DELETE cap_fp=0 cap_fi=0 cap_fe=0 cap_fver=0 cap_frootid=0
type=PATH msg=audit(1733944308.585:87011): item=4 name="/home/alice/.config/Code/Cache/Cache_Data/index-dir/the-real-index" inode=3099011 dev=08:01 mode=0100600 ouid=1003 ogid=1004 rdev=00:00 nametype=CREATE cap_fp=0 cap_fi=0 cap_fe=0 cap_fver=0 cap_frootid=0
type=PROCTITLE msg=audit(1733944308.585:87011): proctitle=2F7573722F73686172652F636F64652F636F6465202D2D747970653D7574696C697479202D2D7574696C6974792D7375622D747970653D6E6574776F726B2E6D6F6A6F6D2E4E6574776F726B53657276696365202D2D6C616E673D656E2D5553202D2D736572766963652D73616E64626F782D747970653D6E6F6E65202D2D63
type=SYSCALL msg=audit(1733944308.625:87012): arch=c000003e syscall=87 success=yes exit=0 a0=22040059cf40 a1=56376d5898d1 a2=f7818584053f0b29 a3=0 items=2 ppid=14448 pid=14486 auid=1003 uid=1003 gid=1004 euid=1003 suid=1003 fsuid=1003 egid=1004 sgid=1004 fsgid=1004 tty=(none) ses=16 comm="Chrome_ChildIOT" exe="/opt/brave.com/brave/brave" subj=unconfined
type=CWD msg=audit(1733944308.625:87012): cwd="/home/alice"
type=PATH msg=audit(1733944308.625:87012): item=0 name="/dev/shm/" inode=1 dev=00:18 mode=041777 ouid=0 ogid=0 rdev=00:00 nametype=PARENT cap_fp=0 cap_fi=0 cap_fe=0 cap_fver=0 cap_frootid=0
type=PATH msg=audit(1733944308.625:87012): item=1 name="/dev/shm/.org.chromium.Chromium.NH0lXy" inode=20992 dev=00:18 mode=0100600 ouid=1003 ogid=1004 rdev=00:00 nametype=DELETE cap_fp=0 cap_fi=0 cap_fe=0 cap_fver=0 cap_frootid=0
type=PROCTITLE msg=audit(1733944308.625:87012): proctitle=2F6F70742F62726176652E636F6D2F62726176652F6272617665202D2D747970653D7574696C697479202D2D7574696C6974792D7375622D747970653D6E6574776F726B2E6D6F6A6F6D2E4E6574776F726B53657276696365202D2D6C616E673D656E2D5553202D2D736572766963652D73616E64626F782D747970653D6E6F
type=SYSCALL msg=audit(1733944308.677:87013): arch=c000003e syscall=87 success=yes exit=0 a0=22040059cb00 a1=56376d5898d1 a2=a28b9aac76a202a3 a3=0 items=2 ppid=14448 pid=14486 auid=1003 uid=1003 gid=1004 euid=1003 suid=1003 fsuid=1003 egid=1004 sgid=1004 fsgid=1004 tty=(none) ses=16 comm="Chrome_ChildIOT" exe="/opt/brave.com/brave/brave" subj=unconfined
type=CWD msg=audit(1733944308.677:87013): cwd="/home/alice"
type=PATH msg=audit(1733944308.677:87013): item=0 name="/dev/shm/" inode=1 dev=00:18 mode=041777 ouid=0 ogid=0 rdev=00:00 nametype=PARENT cap_fp=0 cap_fi=0 cap_fe=0 cap_fver=0 cap_frootid=0
type=PATH msg=audit(1733944308.677:87013): item=1 name="/dev/shm/.org.chromium.Chromium.ftBYxz" inode=20993 dev=00:18 mode=0100600 ouid=1003 ogid=1004 rdev=00:00 nametype=DELETE cap_fp=0 cap_fi=0 cap_fe=0 cap_fver=0 cap_frootid=0
type=PROCTITLE msg=audit(1733944308.677:87013): proctitle=2F6F70742F62726176652E636F6D2F62726176652F6272617665202D2D747970653D7574696C697479202D2D7574696C6974792D7375622D747970653D6E6574776F726B2E6D6F6A6F6D2E4E6574776F726B53657276696365202D2D6C616E673D656E2D5553202D2D736572766963652D73616E64626F782D747970653D6E6F
type=SYSCALL msg=audit(1733944315.282:87014): arch=c000003e syscall=87 success=yes exit=0 a0=22040059e600 a1=56376d5898d1 a2=b283c233b701d0c3 a3=0 items=2 ppid=14448 pid=14486 auid=1003 uid=1003 gid=1004 euid=1003 suid=1003 fsuid=1003 egid=1004 sgid=1004 fsgid=1004 tty=(none) ses=16 comm="Chrome_ChildIOT" exe="/opt/brave.com/brave/brave" subj=unconfined
type=CWD msg=audit(1733944315.282:87014): cwd="/home/alice"
type=PATH msg=audit(1733944315.282:87014): item=0 name="/dev/shm/" inode=1 dev=00:18 mode=041777 ouid=0 ogid=0 rdev=00:00 nametype=PARENT cap_fp=0 cap_fi=0 cap_fe=0 cap_fver=0 cap_frootid=0
type=PATH msg=audit(1733944315.282:87014): item=1 name="/dev/shm/.org.chromium.Chromium.vOmSmx" inode=20994 dev=00:18 mode=0100600 ouid=1003 ogid=1004 rdev=00:00 nametype=DELETE cap_fp=0 cap_fi=0 cap_fe=0 cap_fver=0 cap_frootid=0
type=PROCTITLE msg=audit(1733944315.282:87014): proctitle=2F6F70742F62726176652E636F6D2F62726176652F6272617665202D2D747970653D7574696C697479202D2D7574696C6974792D7375622D747970653D6E6574776F726B2E6D6F6A6F6D2E4E6574776F726B53657276696365202D2D6C616E673D656E2D5553202D2D736572766963652D73616E64626F782D747970653D6E6F
type=SYSCALL msg=audit(1733944315.286:87015): arch=c000003e syscall=42 success=yes exit=0 a0=18 a1=7fde5ca42090 a2=10 a3=56376d4945e8 items=0 ppid=14448 pid=14486 auid=1003 uid=1003 gid=1004 euid=1003 suid=1003 fsuid=1003 egid=1004 sgid=1004 fsgid=1004 tty=(none) ses=16 comm="Chrome_ChildIOT" exe="/opt/brave.com/brave/brave" subj=unconfined
type=SOCKADDR msg=audit(1733944315.286:87015): saddr=020000357F0000350000000000000000
type=PROCTITLE msg=audit(1733944315.286:87015): proctitle=2F6F70742F62726176652E636F6D2F62726176652F6272617665202D2D747970653D7574696C697479202D2D7574696C6974792D7375622D747970653D6E6574776F726B2E6D6F6A6F6D2E4E6574776F726B53657276696365202D2D6C616E673D656E2D5553202D2D736572766963652D73616E64626F782D747970653D6E6F
type=SYSCALL msg=audit(1733944315.286:87016): arch=c000003e syscall=42 success=yes exit=0 a0=19 a1=7fde5ca41fb0 a2=10 a3=56376d4945e8 items=0 ppid=14448 pid=14486 auid=1003 uid=1003 gid=1004 euid=1003 suid=1003 fsuid=1003 egid=1004 sgid=1004 fsgid=1004 tty=(none) ses=16 comm="Chrome_ChildIOT" exe="/opt/brave.com/brave/brave" subj=unconfined
type=SOCKADDR msg=audit(1733944315.286:87016): saddr=020000357F0000350000000000000000
type=PROCTITLE msg=audit(1733944315.286:87016): proctitle=2F6F70742F62726176652E636F6D2F62726176652F6272617665202D2D747970653D7574696C697479202D2D7574696C6974792D7375622D747970653D6E6574776F726B2E6D6F6A6F6D2E4E6574776F726B53657276696365202D2D6C616E673D656E2D5553202D2D736572766963652D73616E64626F782D747970653D6E6F
type=SYSCALL msg=audit(1733944315.286:87017): arch=c000003e syscall=42 success=yes exit=0 a0=f a1=7ffe59cdef30 a2=10 a3=7ffe59cdef2c items=0 ppid=1 pid=530 auid=4294967295 uid=101 gid=103 euid=101 suid=101 fsuid=101 egid=103 sgid=103 fsgid=103 tty=(none) ses=4294967295 comm="systemd-resolve" exe="/usr/lib/systemd/systemd-resolved" subj=unconfined
type=SOCKADDR msg=audit(1733944315.286:87017): saddr=02000035A9FEA9FE0000000000000000
type=PROCTITLE msg=audit(1733944315.286:87017): proctitle="/lib/systemd/systemd-resolved"
type=SYSCALL msg=audit(1733944315.286:87018): arch=c000003e syscall=42 success=yes exit=0 a0=10 a1=7ffe59cdef30 a2=10 a3=7ffe59cdef2c items=0 ppid=1 pid=530 auid=4294967295 uid=101 gid=103 euid=101 suid=101 fsuid=101 egid=103 sgid=103 fsgid=103 tty=(none) ses=4294967295 comm="systemd-resolve" exe="/usr/lib/systemd/systemd-resolved" subj=unconfined
type=SOCKADDR msg=audit(1733944315.286:87018): saddr=02000035A9FEA9FE0000000000000000
type=PROCTITLE msg=audit(1733944315.286:87018): proctitle="/lib/systemd/systemd-resolved"
type=SYSCALL msg=audit(1733944315.302:87019): arch=c000003e syscall=42 success=yes exit=0 a0=f a1=7ffe59cdec20 a2=10 a3=7ffe59cdec1c items=0 ppid=1 pid=530 auid=4294967295 uid=101 gid=103 euid=101 suid=101 fsuid=101 egid=103 sgid=103 fsgid=103 tty=(none) ses=4294967295 comm="systemd-resolve" exe="/usr/lib/systemd/systemd-resolved" subj=unconfined
type=SOCKADDR msg=audit(1733944315.302:87019): saddr=02000035A9FEA9FE0000000000000000
type=PROCTITLE msg=audit(1733944315.302:87019): proctitle="/lib/systemd/systemd-resolved"
type=SYSCALL msg=audit(1733944315.462:87020): arch=c000003e syscall=82 success=yes exit=0 a0=27dc00e05420 a1=27dc0a9373e0 a2=0 a3=7ffe271f7090 items=5 ppid=14442 pid=14448 auid=1003 uid=1003 gid=1004 euid=1003 suid=1003 fsuid=1003 egid=1004 sgid=1004 fsgid=1004 tty=(none) ses=16 comm="ThreadPoolForeg" exe="/opt/brave.com/brave/brave" subj=unconfined
type=CWD msg=audit(1733944315.462:87020): cwd="/home/alice"
type=PATH msg=audit(1733944315.462:87020): item=0 name="/home/alice/.config/BraveSoftware/Brave-Browser/" inode=3097450 dev=08:01 mode=040700 ouid=1003 ogid=1004 rdev=00:00 nametype=PARENT cap_fp=0 cap_fi=0 cap_fe=0 cap_fver=0 cap_frootid=0
type=PATH msg=audit(1733944315.462:87020): item=1 name="/home/alice/.config/BraveSoftware/Brave-Browser/" inode=3097450 dev=08:01 mode=040700 ouid=1003 ogid=1004 rdev=00:00 nametype=PARENT cap_fp=0 cap_fi=0 cap_fe=0 cap_fver=0 cap_frootid=0
type=PATH msg=audit(1733944315.462:87020): item=2 name="/home/alice/.config/BraveSoftware/Brave-Browser/.org.chromium.Chromium.KHzFrF" inode=3101744 dev=08:01 mode=0100600 ouid=1003 ogid=1004 rdev=00:00 nametype=DELETE cap_fp=0 cap_fi=0 cap_fe=0 cap_fver=0 cap_frootid=0
type=PATH msg=audit(1733944315.462:87020): item=3 name=2F686F6D652F616C6963652F2E636F6E6669672F4272617665536F6674776172652F42726176652D42726F777365722F4C6F63616C205374617465 inode=3113721 dev=08:01 mode=0100600 ouid=1003 ogid=1004 rdev=00:00 nametype=DELETE cap_fp=0 cap_fi=0 cap_fe=0 cap_fver=0 cap_frootid=0
type=PATH msg=audit(1733944315.462:87020): item=4 name=2F686F6D652F616C6963652F2E636F6E6669672F4272617665536F6674776172652F42726176652D42726F777365722F4C6F63616C205374617465 inode=3101744 dev=08:01 mode=0100600 ouid=1003 ogid=1004 rdev=00:00 nametype=CREATE cap_fp=0 cap_fi=0 cap_fe=0 cap_fver=0 cap_frootid=0
type=PROCTITLE msg=audit(1733944315.462:87020): proctitle="/opt/brave.com/brave/brave"
type=SYSCALL msg=audit(1733944316.338:87021): arch=c000003e syscall=42 success=yes exit=0 a0=9 a1=7f1f9a8b7dcc a2=10 a3=7f1f9a8b43e4 items=0 ppid=1 pid=14969 auid=1003 uid=1003 gid=1004 euid=1003 suid=1003 fsuid=1003 egid=1004 sgid=1004 fsgid=1004 tty=(none) ses=16 comm="connector-threa" exe="/home/alice/.dropbox-dist/dropbox-lnx.x86_64-213.4.4597/dropbox" subj=unconfined
type=SOCKADDR msg=audit(1733944316.338:87021): saddr=020000357F000035900600901F7F0000
type=PROCTITLE msg=audit(1733944316.338:87021): proctitle="/home/alice/.dropbox-dist/dropbox-lnx.x86_64-213.4.4597/dropbox"
type=SYSCALL msg=audit(1733944316.338:87022): arch=c000003e syscall=42 success=yes exit=0 a0=f a1=7ffe59cdef30 a2=10 a3=7ffe59cdef2c items=0 ppid=1 pid=530 auid=4294967295 uid=101 gid=103 euid=101 suid=101 fsuid=101 egid=103 sgid=103 fsgid=103 tty=(none) ses=4294967295 comm="systemd-resolve" exe="/usr/lib/systemd/systemd-resolved" subj=unconfined
type=SOCKADDR msg=audit(1733944316.338:87022): saddr=02000035A9FEA9FE0000000000000000
type=PROCTITLE msg=audit(1733944316.338:87022): proctitle="/lib/systemd/systemd-resolved"
type=SYSCALL msg=audit(1733944316.338:87023): arch=c000003e syscall=42 success=yes exit=0 a0=10 a1=7ffe59cdef30 a2=10 a3=7ffe59cdef2c items=0 ppid=1 pid=530 auid=4294967295 uid=101 gid=103 euid=101 suid=101 fsuid=101 egid=103 sgid=103 fsgid=103 tty=(none) ses=4294967295 comm="systemd-resolve" exe="/usr/lib/systemd/systemd-resolved" subj=unconfined
type=SOCKADDR msg=audit(1733944316.338:87023): saddr=02000035A9FEA9FE0000000000000000
type=PROCTITLE msg=audit(1733944316.338:87023): proctitle="/lib/systemd/systemd-resolved"
type=SYSCALL msg=audit(1733944316.370:87024): arch=c000003e syscall=42 success=yes exit=0 a0=10 a1=7ffe59cdec20 a2=10 a3=7ffe59cdec1c items=0 ppid=1 pid=530 auid=4294967295 uid=101 gid=103 euid=101 suid=101 fsuid=101 egid=103 sgid=103 fsgid=103 tty=(none) ses=4294967295 comm="systemd-resolve" exe="/usr/lib/systemd/systemd-resolved" subj=unconfined
type=SOCKADDR msg=audit(1733944316.370:87024): saddr=02000035A9FEA9FE0000000000000000
type=PROCTITLE msg=audit(1733944316.370:87024): proctitle="/lib/systemd/systemd-resolved"
type=SYSCALL msg=audit(1733944335.460:87025): arch=c000003e syscall=82 success=yes exit=0 a0=27dc0b493f00 a1=27dc0a936e40 a2=0 a3=7ffe271f7090 items=5 ppid=14442 pid=14448 auid=1003 uid=1003 gid=1004 euid=1003 suid=1003 fsuid=1003 egid=1004 sgid=1004 fsgid=1004 tty=(none) ses=16 comm="ThreadPoolForeg" exe="/opt/brave.com/brave/brave" subj=unconfined
type=CWD msg=audit(1733944335.460:87025): cwd="/home/alice"
type=PATH msg=audit(1733944335.460:87025): item=0 name="/home/alice/.config/BraveSoftware/Brave-Browser/" inode=3097450 dev=08:01 mode=040700 ouid=1003 ogid=1004 rdev=00:00 nametype=PARENT cap_fp=0 cap_fi=0 cap_fe=0 cap_fver=0 cap_frootid=0
type=PATH msg=audit(1733944335.460:87025): item=1 name="/home/alice/.config/BraveSoftware/Brave-Browser/" inode=3097450 dev=08:01 mode=040700 ouid=1003 ogid=1004 rdev=00:00 nametype=PARENT cap_fp=0 cap_fi=0 cap_fe=0 cap_fver=0 cap_frootid=0
type=PATH msg=audit(1733944335.460:87025): item=2 name="/home/alice/.config/BraveSoftware/Brave-Browser/.org.chromium.Chromium.u4ojnI" inode=3113721 dev=08:01 mode=0100600 ouid=1003 ogid=1004 rdev=00:00 nametype=DELETE cap_fp=0 cap_fi=0 cap_fe=0 cap_fver=0 cap_frootid=0
type=PATH msg=audit(1733944335.460:87025): item=3 name=2F686F6D652F616C6963652F2E636F6E6669672F4272617665536F6674776172652F42726176652D42726F777365722F4C6F63616C205374617465 inode=3101744 dev=08:01 mode=0100600 ouid=1003 ogid=1004 rdev=00:00 nametype=DELETE cap_fp=0 cap_fi=0 cap_fe=0 cap_fver=0 cap_frootid=0
type=PATH msg=audit(1733944335.460:87025): item=4 name=2F686F6D652F616C6963652F2E636F6E6669672F4272617665536F6674776172652F42726176652D42726F777365722F4C6F63616C205374617465 inode=3113721 dev=08:01 mode=0100600 ouid=1003 ogid=1004 rdev=00:00 nametype=CREATE cap_fp=0 cap_fi=0 cap_fe=0 cap_fver=0 cap_frootid=0
type=PROCTITLE msg=audit(1733944335.460:87025): proctitle="/opt/brave.com/brave/brave"
type=SYSCALL msg=audit(1733944341.257:87026): arch=c000003e syscall=87 success=yes exit=0 a0=220400610480 a1=56376d5898d1 a2=ad5d020a2867313 a3=0 items=2 ppid=14448 pid=14486 auid=1003 uid=1003 gid=1004 euid=1003 suid=1003 fsuid=1003 egid=1004 sgid=1004 fsgid=1004 tty=(none) ses=16 comm="Chrome_ChildIOT" exe="/opt/brave.com/brave/brave" subj=unconfined
type=CWD msg=audit(1733944341.257:87026): cwd="/home/alice"
type=PATH msg=audit(1733944341.257:87026): item=0 name="/dev/shm/" inode=1 dev=00:18 mode=041777 ouid=0 ogid=0 rdev=00:00 nametype=PARENT cap_fp=0 cap_fi=0 cap_fe=0 cap_fver=0 cap_frootid=0
type=PATH msg=audit(1733944341.257:87026): item=1 name="/dev/shm/.org.chromium.Chromium.naN0ZA" inode=20995 dev=00:18 mode=0100600 ouid=1003 ogid=1004 rdev=00:00 nametype=DELETE cap_fp=0 cap_fi=0 cap_fe=0 cap_fver=0 cap_frootid=0
type=PROCTITLE msg=audit(1733944341.257:87026): proctitle=2F6F70742F62726176652E636F6D2F62726176652F6272617665202D2D747970653D7574696C697479202D2D7574696C6974792D7375622D747970653D6E6574776F726B2E6D6F6A6F6D2E4E6574776F726B53657276696365202D2D6C616E673D656E2D5553202D2D736572766963652D73616E64626F782D747970653D6E6F
type=SYSCALL msg=audit(1733944342.697:87027): arch=c000003e syscall=87 success=yes exit=0 a0=220400792a00 a1=56376d5898d1 a2=1a8e25c73334a8f3 a3=0 items=2 ppid=14448 pid=14486 auid=1003 uid=1003 gid=1004 euid=1003 suid=1003 fsuid=1003 egid=1004 sgid=1004 fsgid=1004 tty=(none) ses=16 comm="Chrome_ChildIOT" exe="/opt/brave.com/brave/brave" subj=unconfined
type=CWD msg=audit(1733944342.697:87027): cwd="/home/alice"
type=PATH msg=audit(1733944342.697:87027): item=0 name="/dev/shm/" inode=1 dev=00:18 mode=041777 ouid=0 ogid=0 rdev=00:00 nametype=PARENT cap_fp=0 cap_fi=0 cap_fe=0 cap_fver=0 cap_frootid=0
type=PATH msg=audit(1733944342.697:87027): item=1 name="/dev/shm/.org.chromium.Chromium.VmRQKx" inode=20996 dev=00:18 mode=0100600 ouid=1003 ogid=1004 rdev=00:00 nametype=DELETE cap_fp=0 cap_fi=0 cap_fe=0 cap_fver=0 cap_frootid=0
type=PROCTITLE msg=audit(1733944342.697:87027): proctitle=2F6F70742F62726176652E636F6D2F62726176652F6272617665202D2D747970653D7574696C697479202D2D7574696C6974792D7375622D747970653D6E6574776F726B2E6D6F6A6F6D2E4E6574776F726B53657276696365202D2D6C616E673D656E2D5553202D2D736572766963652D73616E64626F782D747970653D6E6F
type=SYSCALL msg=audit(1733944346.277:87028): arch=c000003e syscall=87 success=yes exit=0 a0=220400792f00 a1=56376d5898d1 a2=d0e83ffd85534021 a3=0 items=2 ppid=14448 pid=14486 auid=1003 uid=1003 gid=1004 euid=1003 suid=1003 fsuid=1003 egid=1004 sgid=1004 fsgid=1004 tty=(none) ses=16 comm="Chrome_ChildIOT" exe="/opt/brave.com/brave/brave" subj=unconfined
type=CWD msg=audit(1733944346.277:87028): cwd="/home/alice"
type=PATH msg=audit(1733944346.277:87028): item=0 name="/dev/shm/" inode=1 dev=00:18 mode=041777 ouid=0 ogid=0 rdev=00:00 nametype=PARENT cap_fp=0 cap_fi=0 cap_fe=0 cap_fver=0 cap_frootid=0
type=PATH msg=audit(1733944346.277:87028): item=1 name="/dev/shm/.org.chromium.Chromium.B0y1yA" inode=20997 dev=00:18 mode=0100600 ouid=1003 ogid=1004 rdev=00:00 nametype=DELETE cap_fp=0 cap_fi=0 cap_fe=0 cap_fver=0 cap_frootid=0
type=PROCTITLE msg=audit(1733944346.277:87028): proctitle=2F6F70742F62726176652E636F6D2F62726176652F6272617665202D2D747970653D7574696C697479202D2D7574696C6974792D7375622D747970653D6E6574776F726B2E6D6F6A6F6D2E4E6574776F726B53657276696365202D2D6C616E673D656E2D5553202D2D736572766963652D73616E64626F782D747970653D6E6F
type=SYSCALL msg=audit(1733944355.462:87029): arch=c000003e syscall=82 success=yes exit=0 a0=27dc013e5110 a1=27dc0b2874d0 a2=0 a3=7ffe271f7090 items=5 ppid=14442 pid=14448 auid=1003 uid=1003 gid=1004 euid=1003 suid=1003 fsuid=1003 egid=1004 sgid=1004 fsgid=1004 tty=(none) ses=16 comm="ThreadPoolForeg" exe="/opt/brave.com/brave/brave" subj=unconfined
type=CWD msg=audit(1733944355.462:87029): cwd="/home/alice"
type=PATH msg=audit(1733944355.462:87029): item=0 name="/home/alice/.config/BraveSoftware/Brave-Browser/" inode=3097450 dev=08:01 mode=040700 ouid=1003 ogid=1004 rdev=00:00 nametype=PARENT cap_fp=0 cap_fi=0 cap_fe=0 cap_fver=0 cap_frootid=0
type=PATH msg=audit(1733944355.462:87029): item=1 name="/home/alice/.config/BraveSoftware/Brave-Browser/" inode=3097450 dev=08:01 mode=040700 ouid=1003 ogid=1004 rdev=00:00 nametype=PARENT cap_fp=0 cap_fi=0 cap_fe=0 cap_fver=0 cap_frootid=0
type=PATH msg=audit(1733944355.462:87029): item=2 name="/home/alice/.config/BraveSoftware/Brave-Browser/.org.chromium.Chromium.FJM8uI" inode=3101744 dev=08:01 mode=0100600 ouid=1003 ogid=1004 rdev=00:00 nametype=DELETE cap_fp=0 cap_fi=0 cap_fe=0 cap_fver=0 cap_frootid=0
type=PATH msg=audit(1733944355.462:87029): item=3 name=2F686F6D652F616C6963652F2E636F6E6669672F4272617665536F6674776172652F42726176652D42726F777365722F4C6F63616C205374617465 inode=3113721 dev=08:01 mode=0100600 ouid=1003 ogid=1004 rdev=00:00 nametype=DELETE cap_fp=0 cap_fi=0 cap_fe=0 cap_fver=0 cap_frootid=0
type=PATH msg=audit(1733944355.462:87029): item=4 name=2F686F6D652F616C6963652F2E636F6E6669672F4272617665536F6674776172652F42726176652D42726F777365722F4C6F63616C205374617465 inode=3101744 dev=08:01 mode=0100600 ouid=1003 ogid=1004 rdev=00:00 nametype=CREATE cap_fp=0 cap_fi=0 cap_fe=0 cap_fver=0 cap_frootid=0
type=PROCTITLE msg=audit(1733944355.462:87029): proctitle="/opt/brave.com/brave/brave"
type=SYSCALL msg=audit(1733944357.906:87030): arch=c000003e syscall=87 success=yes exit=0 a0=220400610480 a1=56376d5898d1 a2=2d8c67f86898ec59 a3=0 items=2 ppid=14448 pid=14486 auid=1003 uid=1003 gid=1004 euid=1003 suid=1003 fsuid=1003 egid=1004 sgid=1004 fsgid=1004 tty=(none) ses=16 comm="Chrome_ChildIOT" exe="/opt/brave.com/brave/brave" subj=unconfined
type=CWD msg=audit(1733944357.906:87030): cwd="/home/alice"
type=PATH msg=audit(1733944357.906:87030): item=0 name="/dev/shm/" inode=1 dev=00:18 mode=041777 ouid=0 ogid=0 rdev=00:00 nametype=PARENT cap_fp=0 cap_fi=0 cap_fe=0 cap_fver=0 cap_frootid=0
type=PATH msg=audit(1733944357.906:87030): item=1 name="/dev/shm/.org.chromium.Chromium.E0zYcx" inode=20998 dev=00:18 mode=0100600 ouid=1003 ogid=1004 rdev=00:00 nametype=DELETE cap_fp=0 cap_fi=0 cap_fe=0 cap_fver=0 cap_frootid=0
type=PROCTITLE msg=audit(1733944357.906:87030): proctitle=2F6F70742F62726176652E636F6D2F62726176652F6272617665202D2D747970653D7574696C697479202D2D7574696C6974792D7375622D747970653D6E6574776F726B2E6D6F6A6F6D2E4E6574776F726B53657276696365202D2D6C616E673D656E2D5553202D2D736572766963652D73616E64626F782D747970653D6E6F
type=SYSCALL msg=audit(1733944358.222:87031): arch=c000003e syscall=87 success=yes exit=0 a0=220401c37f00 a1=56376d5898d1 a2=1a44149536dbe9b9 a3=0 items=2 ppid=14448 pid=14486 auid=1003 uid=1003 gid=1004 euid=1003 suid=1003 fsuid=1003 egid=1004 sgid=1004 fsgid=1004 tty=(none) ses=16 comm="Chrome_ChildIOT" exe="/opt/brave.com/brave/brave" subj=unconfined
type=CWD msg=audit(1733944358.222:87031): cwd="/home/alice"
type=PATH msg=audit(1733944358.222:87031): item=0 name="/dev/shm/" inode=1 dev=00:18 mode=041777 ouid=0 ogid=0 rdev=00:00 nametype=PARENT cap_fp=0 cap_fi=0 cap_fe=0 cap_fver=0 cap_frootid=0
type=PATH msg=audit(1733944358.222:87031): item=1 name="/dev/shm/.org.chromium.Chromium.wZ5Qux" inode=20999 dev=00:18 mode=0100600 ouid=1003 ogid=1004 rdev=00:00 nametype=DELETE cap_fp=0 cap_fi=0 cap_fe=0 cap_fver=0 cap_frootid=0
type=PROCTITLE msg=audit(1733944358.222:87031): proctitle=2F6F70742F62726176652E636F6D2F62726176652F6272617665202D2D747970653D7574696C697479202D2D7574696C6974792D7375622D747970653D6E6574776F726B2E6D6F6A6F6D2E4E6574776F726B53657276696365202D2D6C616E673D656E2D5553202D2D736572766963652D73616E64626F782D747970653D6E6F
type=SYSCALL msg=audit(1733944358.622:87032): arch=c000003e syscall=59 success=yes exit=0 a0=56197dcb5020 a1=56197dc16460 a2=56197dcaad00 a3=56197dcb4f80 items=2 ppid=1 pid=19740 auid=4294967295 uid=0 gid=0 euid=0 suid=0 fsuid=0 egid=0 sgid=0 fsgid=0 tty=(none) ses=4294967295 comm="gce_workload_ce" exe="/usr/bin/gce_workload_cert_refresh" subj=unconfined
type=EXECVE msg=audit(1733944358.622:87032): argc=1 a0="/usr/bin/gce_workload_cert_refresh"
type=CWD msg=audit(1733944358.622:87032): cwd="/"
type=PATH msg=audit(1733944358.622:87032): item=0 name="/usr/bin/gce_workload_cert_refresh" inode=7207 dev=08:01 mode=0100755 ouid=0 ogid=0 rdev=00:00 nametype=NORMAL cap_fp=0 cap_fi=0 cap_fe=0 cap_fver=0 cap_frootid=0
type=PATH msg=audit(1733944358.622:87032): item=1 name="/lib64/ld-linux-x86-64.so.2" inode=4742 dev=08:01 mode=0100755 ouid=0 ogid=0 rdev=00:00 nametype=NORMAL cap_fp=0 cap_fi=0 cap_fe=0 cap_fver=0 cap_frootid=0
type=PROCTITLE msg=audit(1733944358.622:87032): proctitle="/usr/bin/gce_workload_cert_refresh"
type=SERVICE_START msg=audit(1733944358.638:87033): pid=1 uid=0 auid=4294967295 ses=4294967295 subj=unconfined msg='unit=gce-workload-cert-refresh comm="systemd" exe="/usr/lib/systemd/systemd" hostname=? addr=? terminal=? res=success'
type=SERVICE_STOP msg=audit(1733944358.638:87034): pid=1 uid=0 auid=4294967295 ses=4294967295 subj=unconfined msg='unit=gce-workload-cert-refresh comm="systemd" exe="/usr/lib/systemd/systemd" hostname=? addr=? terminal=? res=success'
type=SYSCALL msg=audit(1733944359.050:87035): arch=c000003e syscall=87 success=yes exit=0 a0=2204001d6600 a1=56376d5898d1 a2=99301559041cbc13 a3=0 items=2 ppid=14448 pid=14486 auid=1003 uid=1003 gid=1004 euid=1003 suid=1003 fsuid=1003 egid=1004 sgid=1004 fsgid=1004 tty=(none) ses=16 comm="Chrome_ChildIOT" exe="/opt/brave.com/brave/brave" subj=unconfined
type=CWD msg=audit(1733944359.050:87035): cwd="/home/alice"
type=PATH msg=audit(1733944359.050:87035): item=0 name="/dev/shm/" inode=1 dev=00:18 mode=041777 ouid=0 ogid=0 rdev=00:00 nametype=PARENT cap_fp=0 cap_fi=0 cap_fe=0 cap_fver=0 cap_frootid=0
type=PATH msg=audit(1733944359.050:87035): item=1 name="/dev/shm/.org.chromium.Chromium.SKh61y" inode=21000 dev=00:18 mode=0100600 ouid=1003 ogid=1004 rdev=00:00 nametype=DELETE cap_fp=0 cap_fi=0 cap_fe=0 cap_fver=0 cap_frootid=0
type=PROCTITLE msg=audit(1733944359.050:87035): proctitle=2F6F70742F62726176652E636F6D2F62726176652F6272617665202D2D747970653D7574696C697479202D2D7574696C6974792D7375622D747970653D6E6574776F726B2E6D6F6A6F6D2E4E6574776F726B53657276696365202D2D6C616E673D656E2D5553202D2D736572766963652D73616E64626F782D747970653D6E6F
type=SYSCALL msg=audit(1733944361.967:87036): arch=c000003e syscall=87 success=yes exit=0 a0=220400792b40 a1=56376d5898d1 a2=c9a29ab449778ca9 a3=0 items=2 ppid=14448 pid=14486 auid=1003 uid=1003 gid=1004 euid=1003 suid=1003 fsuid=1003 egid=1004 sgid=1004 fsgid=1004 tty=(none) ses=16 comm="Chrome_ChildIOT" exe="/opt/brave.com/brave/brave" subj=unconfined
type=CWD msg=audit(1733944361.967:87036): cwd="/home/alice"
type=PATH msg=audit(1733944361.967:87036): item=0 name="/dev/shm/" inode=1 dev=00:18 mode=041777 ouid=0 ogid=0 rdev=00:00 nametype=PARENT cap_fp=0 cap_fi=0 cap_fe=0 cap_fver=0 cap_frootid=0
type=PATH msg=audit(1733944361.967:87036): item=1 name="/dev/shm/.org.chromium.Chromium.B4spVy" inode=21001 dev=00:18 mode=0100600 ouid=1003 ogid=1004 rdev=00:00 nametype=DELETE cap_fp=0 cap_fi=0 cap_fe=0 cap_fver=0 cap_frootid=0
type=PROCTITLE msg=audit(1733944361.967:87036): proctitle=2F6F70742F62726176652E636F6D2F62726176652F6272617665202D2D747970653D7574696C697479202D2D7574696C6974792D7375622D747970653D6E6574776F726B2E6D6F6A6F6D2E4E6574776F726B53657276696365202D2D6C616E673D656E2D5553202D2D736572766963652D73616E64626F782D747970653D6E6F
type=SYSCALL msg=audit(1733944366.159:87037): arch=c000003e syscall=87 success=yes exit=0 a0=220400610e40 a1=56376d5898d1 a2=5a16c9f5a25388c0 a3=0 items=2 ppid=14448 pid=14486 auid=1003 uid=1003 gid=1004 euid=1003 suid=1003 fsuid=1003 egid=1004 sgid=1004 fsgid=1004 tty=(none) ses=16 comm="Chrome_ChildIOT" exe="/opt/brave.com/brave/brave" subj=unconfined
type=CWD msg=audit(1733944366.159:87037): cwd="/home/alice"
type=PATH msg=audit(1733944366.159:87037): item=0 name="/dev/shm/" inode=1 dev=00:18 mode=041777 ouid=0 ogid=0 rdev=00:00 nametype=PARENT cap_fp=0 cap_fi=0 cap_fe=0 cap_fver=0 cap_frootid=0
type=PATH msg=audit(1733944366.159:87037): item=1 name="/dev/shm/.org.chromium.Chromium.xsJ0zx" inode=21002 dev=00:18 mode=0100600 ouid=1003 ogid=1004 rdev=00:00 nametype=DELETE cap_fp=0 cap_fi=0 cap_fe=0 cap_fver=0 cap_frootid=0
type=PROCTITLE msg=audit(1733944366.159:87037): proctitle=2F6F70742F62726176652E636F6D2F62726176652F6272617665202D2D747970653D7574696C697479202D2D7574696C6974792D7375622D747970653D6E6574776F726B2E6D6F6A6F6D2E4E6574776F726B53657276696365202D2D6C616E673D656E2D5553202D2D736572766963652D73616E64626F782D747970653D6E6F
type=SYSCALL msg=audit(1733944374.552:87038): arch=c000003e syscall=87 success=yes exit=0 a0=2204001d5180 a1=56376d5898d1 a2=65c2f996f5812c0c a3=0 items=2 ppid=14448 pid=14486 auid=1003 uid=1003 gid=1004 euid=1003 suid=1003 fsuid=1003 egid=1004 sgid=1004 fsgid=1004 tty=(none) ses=16 comm="Chrome_ChildIOT" exe="/opt/brave.com/brave/brave" subj=unconfined
type=CWD msg=audit(1733944374.552:87038): cwd="/home/alice"
type=PATH msg=audit(1733944374.552:87038): item=0 name="/dev/shm/" inode=1 dev=00:18 mode=041777 ouid=0 ogid=0 rdev=00:00 nametype=PARENT cap_fp=0 cap_fi=0 cap_fe=0 cap_fver=0 cap_frootid=0
type=PATH msg=audit(1733944374.552:87038): item=1 name="/dev/shm/.org.chromium.Chromium.CpzCLy" inode=21003 dev=00:18 mode=0100600 ouid=1003 ogid=1004 rdev=00:00 nametype=DELETE cap_fp=0 cap_fi=0 cap_fe=0 cap_fver=0 cap_frootid=0
type=PROCTITLE msg=audit(1733944374.552:87038): proctitle=2F6F70742F62726176652E636F6D2F62726176652F6272617665202D2D747970653D7574696C697479202D2D7574696C6974792D7375622D747970653D6E6574776F726B2E6D6F6A6F6D2E4E6574776F726B53657276696365202D2D6C616E673D656E2D5553202D2D736572766963652D73616E64626F782D747970653D6E6F
type=SYSCALL msg=audit(1733944375.460:87039): arch=c000003e syscall=82 success=yes exit=0 a0=27dc026b87e0 a1=27dc09550230 a2=0 a3=7ffe271f7090 items=5 ppid=14442 pid=14448 auid=1003 uid=1003 gid=1004 euid=1003 suid=1003 fsuid=1003 egid=1004 sgid=1004 fsgid=1004 tty=(none) ses=16 comm="ThreadPoolForeg" exe="/opt/brave.com/brave/brave" subj=unconfined
type=CWD msg=audit(1733944375.460:87039): cwd="/home/alice"
type=PATH msg=audit(1733944375.460:87039): item=0 name="/home/alice/.config/BraveSoftware/Brave-Browser/" inode=3097450 dev=08:01 mode=040700 ouid=1003 ogid=1004 rdev=00:00 nametype=PARENT cap_fp=0 cap_fi=0 cap_fe=0 cap_fver=0 cap_frootid=0
type=PATH msg=audit(1733944375.460:87039): item=1 name="/home/alice/.config/BraveSoftware/Brave-Browser/" inode=3097450 dev=08:01 mode=040700 ouid=1003 ogid=1004 rdev=00:00 nametype=PARENT cap_fp=0 cap_fi=0 cap_fe=0 cap_fver=0 cap_frootid=0
type=PATH msg=audit(1733944375.460:87039): item=2 name="/home/alice/.config/BraveSoftware/Brave-Browser/.org.chromium.Chromium.bGa1TE" inode=3113721 dev=08:01 mode=0100600 ouid=1003 ogid=1004 rdev=00:00 nametype=DELETE cap_fp=0 cap_fi=0 cap_fe=0 cap_fver=0 cap_frootid=0
type=PATH msg=audit(1733944375.460:87039): item=3 name=2F686F6D652F616C6963652F2E636F6E6669672F4272617665536F6674776172652F42726176652D42726F777365722F4C6F63616C205374617465 inode=3101744 dev=08:01 mode=0100600 ouid=1003 ogid=1004 rdev=00:00 nametype=DELETE cap_fp=0 cap_fi=0 cap_fe=0 cap_fver=0 cap_frootid=0
type=PATH msg=audit(1733944375.460:87039): item=4 name=2F686F6D652F616C6963652F2E636F6E6669672F4272617665536F6674776172652F42726176652D42726F777365722F4C6F63616C205374617465 inode=3113721 dev=08:01 mode=0100600 ouid=1003 ogid=1004 rdev=00:00 nametype=CREATE cap_fp=0 cap_fi=0 cap_fe=0 cap_fver=0 cap_frootid=0
type=PROCTITLE msg=audit(1733944375.460:87039): proctitle="/opt/brave.com/brave/brave"
type=SYSCALL msg=audit(1733944376.772:87040): arch=c000003e syscall=87 success=yes exit=0 a0=220401c35c00 a1=56376d5898d1 a2=3fa8f87b55e56d60 a3=0 items=2 ppid=14448 pid=14486 auid=1003 uid=1003 gid=1004 euid=1003 suid=1003 fsuid=1003 egid=1004 sgid=1004 fsgid=1004 tty=(none) ses=16 comm="Chrome_ChildIOT" exe="/opt/brave.com/brave/brave" subj=unconfined
type=CWD msg=audit(1733944376.772:87040): cwd="/home/alice"
type=PATH msg=audit(1733944376.772:87040): item=0 name="/dev/shm/" inode=1 dev=00:18 mode=041777 ouid=0 ogid=0 rdev=00:00 nametype=PARENT cap_fp=0 cap_fi=0 cap_fe=0 cap_fver=0 cap_frootid=0
type=PATH msg=audit(1733944376.772:87040): item=1 name="/dev/shm/.org.chromium.Chromium.iKKCiz" inode=21004 dev=00:18 mode=0100600 ouid=1003 ogid=1004 rdev=00:00 nametype=DELETE cap_fp=0 cap_fi=0 cap_fe=0 cap_fver=0 cap_frootid=0
type=PROCTITLE msg=audit(1733944376.772:87040): proctitle=2F6F70742F62726176652E636F6D2F62726176652F6272617665202D2D747970653D7574696C697479202D2D7574696C6974792D7375622D747970653D6E6574776F726B2E6D6F6A6F6D2E4E6574776F726B53657276696365202D2D6C616E673D656E2D5553202D2D736572766963652D73616E64626F782D747970653D6E6F
type=SYSCALL msg=audit(1733944376.776:87041): arch=c000003e syscall=42 success=yes exit=0 a0=18 a1=7fde5ca42090 a2=10 a3=56376d4945e8 items=0 ppid=14448 pid=14486 auid=1003 uid=1003 gid=1004 euid=1003 suid=1003 fsuid=1003 egid=1004 sgid=1004 fsgid=1004 tty=(none) ses=16 comm="Chrome_ChildIOT" exe="/opt/brave.com/brave/brave" subj=unconfined
type=SOCKADDR msg=audit(1733944376.776:87041): saddr=020000357F0000350000000000000000
type=PROCTITLE msg=audit(1733944376.776:87041): proctitle=2F6F70742F62726176652E636F6D2F62726176652F6272617665202D2D747970653D7574696C697479202D2D7574696C6974792D7375622D747970653D6E6574776F726B2E6D6F6A6F6D2E4E6574776F726B53657276696365202D2D6C616E673D656E2D5553202D2D736572766963652D73616E64626F782D747970653D6E6F
type=SYSCALL msg=audit(1733944376.776:87042): arch=c000003e syscall=42 success=yes exit=0 a0=19 a1=7fde5ca41fb0 a2=10 a3=56376d4945e8 items=0 ppid=14448 pid=14486 auid=1003 uid=1003 gid=1004 euid=1003 suid=1003 fsuid=1003 egid=1004 sgid=1004 fsgid=1004 tty=(none) ses=16 comm="Chrome_ChildIOT" exe="/opt/brave.com/brave/brave" subj=unconfined
type=SOCKADDR msg=audit(1733944376.776:87042): saddr=020000357F0000350000000000000000
type=PROCTITLE msg=audit(1733944376.776:87042): proctitle=2F6F70742F62726176652E636F6D2F62726176652F6272617665202D2D747970653D7574696C697479202D2D7574696C6974792D7375622D747970653D6E6574776F726B2E6D6F6A6F6D2E4E6574776F726B53657276696365202D2D6C616E673D656E2D5553202D2D736572766963652D73616E64626F782D747970653D6E6F
type=SYSCALL msg=audit(1733944376.776:87043): arch=c000003e syscall=42 success=yes exit=0 a0=f a1=7ffe59cdef30 a2=10 a3=7ffe59cdef2c items=0 ppid=1 pid=530 auid=4294967295 uid=101 gid=103 euid=101 suid=101 fsuid=101 egid=103 sgid=103 fsgid=103 tty=(none) ses=4294967295 comm="systemd-resolve" exe="/usr/lib/systemd/systemd-resolved" subj=unconfined
type=SOCKADDR msg=audit(1733944376.776:87043): saddr=02000035A9FEA9FE0000000000000000
type=PROCTITLE msg=audit(1733944376.776:87043): proctitle="/lib/systemd/systemd-resolved"
type=SYSCALL msg=audit(1733944376.776:87044): arch=c000003e syscall=42 success=yes exit=0 a0=10 a1=7ffe59cdef30 a2=10 a3=7ffe59cdef2c items=0 ppid=1 pid=530 auid=4294967295 uid=101 gid=103 euid=101 suid=101 fsuid=101 egid=103 sgid=103 fsgid=103 tty=(none) ses=4294967295 comm="systemd-resolve" exe="/usr/lib/systemd/systemd-resolved" subj=unconfined
type=SOCKADDR msg=audit(1733944376.776:87044): saddr=02000035A9FEA9FE0000000000000000
type=PROCTITLE msg=audit(1733944376.776:87044): proctitle="/lib/systemd/systemd-resolved"
type=SYSCALL msg=audit(1733944376.792:87045): arch=c000003e syscall=42 success=yes exit=0 a0=10 a1=7ffe59cdec20 a2=10 a3=7ffe59cdec1c items=0 ppid=1 pid=530 auid=4294967295 uid=101 gid=103 euid=101 suid=101 fsuid=101 egid=103 sgid=103 fsgid=103 tty=(none) ses=4294967295 comm="systemd-resolve" exe="/usr/lib/systemd/systemd-resolved" subj=unconfined
type=SOCKADDR msg=audit(1733944376.792:87045): saddr=02000035A9FEA9FE0000000000000000
type=PROCTITLE msg=audit(1733944376.792:87045): proctitle="/lib/systemd/systemd-resolved"
type=SYSCALL msg=audit(1733944378.068:87046): arch=c000003e syscall=87 success=yes exit=0 a0=27dc0161c940 a1=55e7475e98d1 a2=58fa7ad8a8534799 a3=0 items=2 ppid=14442 pid=14448 auid=1003 uid=1003 gid=1004 euid=1003 suid=1003 fsuid=1003 egid=1004 sgid=1004 fsgid=1004 tty=(none) ses=16 comm="brave" exe="/opt/brave.com/brave/brave" subj=unconfined
type=CWD msg=audit(1733944378.068:87046): cwd="/home/alice"
type=PATH msg=audit(1733944378.068:87046): item=0 name="/dev/shm/" inode=1 dev=00:18 mode=041777 ouid=0 ogid=0 rdev=00:00 nametype=PARENT cap_fp=0 cap_fi=0 cap_fe=0 cap_fver=0 cap_frootid=0
type=PATH msg=audit(1733944378.068:87046): item=1 name="/dev/shm/.org.chromium.Chromium.sSd8LF" inode=21005 dev=00:18 mode=0100600 ouid=1003 ogid=1004 rdev=00:00 nametype=DELETE cap_fp=0 cap_fi=0 cap_fe=0 cap_fver=0 cap_frootid=0
type=PROCTITLE msg=audit(1733944378.068:87046): proctitle="/opt/brave.com/brave/brave"
type=SYSCALL msg=audit(1733944378.068:87047): arch=c000003e syscall=87 success=yes exit=0 a0=27dc0a3818c0 a1=55e7475e98d1 a2=38bb5e98669d58d9 a3=0 items=2 ppid=14442 pid=14448 auid=1003 uid=1003 gid=1004 euid=1003 suid=1003 fsuid=1003 egid=1004 sgid=1004 fsgid=1004 tty=(none) ses=16 comm="brave" exe="/opt/brave.com/brave/brave" subj=unconfined
type=CWD msg=audit(1733944378.068:87047): cwd="/home/alice"
type=PATH msg=audit(1733944378.068:87047): item=0 name="/dev/shm/" inode=1 dev=00:18 mode=041777 ouid=0 ogid=0 rdev=00:00 nametype=PARENT cap_fp=0 cap_fi=0 cap_fe=0 cap_fver=0 cap_frootid=0
type=PATH msg=audit(1733944378.068:87047): item=1 name="/dev/shm/.org.chromium.Chromium.FNfaAG" inode=21006 dev=00:18 mode=0100600 ouid=1003 ogid=1004 rdev=00:00 nametype=DELETE cap_fp=0 cap_fi=0 cap_fe=0 cap_fver=0 cap_frootid=0
type=PROCTITLE msg=audit(1733944378.068:87047): proctitle="/opt/brave.com/brave/brave"
type=SYSCALL msg=audit(1733944378.072:87048): arch=c000003e syscall=87 success=yes exit=0 a0=27dc0a383640 a1=55e7475e98d1 a2=356e479eb193b785 a3=0 items=2 ppid=14442 pid=14448 auid=1003 uid=1003 gid=1004 euid=1003 suid=1003 fsuid=1003 egid=1004 sgid=1004 fsgid=1004 tty=(none) ses=16 comm="brave" exe="/opt/brave.com/brave/brave" subj=unconfined
type=CWD msg=audit(1733944378.072:87048): cwd="/home/alice"
type=PATH msg=audit(1733944378.072:87048): item=0 name="/dev/shm/" inode=1 dev=00:18 mode=041777 ouid=0 ogid=0 rdev=00:00 nametype=PARENT cap_fp=0 cap_fi=0 cap_fe=0 cap_fver=0 cap_frootid=0
type=PATH msg=audit(1733944378.072:87048): item=1 name="/dev/shm/.org.chromium.Chromium.PMKx0E" inode=21007 dev=00:18 mode=0100600 ouid=1003 ogid=1004 rdev=00:00 nametype=DELETE cap_fp=0 cap_fi=0 cap_fe=0 cap_fver=0 cap_frootid=0
type=PROCTITLE msg=audit(1733944378.072:87048): proctitle="/opt/brave.com/brave/brave"
type=SYSCALL msg=audit(1733944378.432:87049): arch=c000003e syscall=87 success=yes exit=0 a0=27dc0a381c80 a1=55e7475e98d1 a2=a9e7e91d8b5f6d5b a3=0 items=2 ppid=14442 pid=14448 auid=1003 uid=1003 gid=1004 euid=1003 suid=1003 fsuid=1003 egid=1004 sgid=1004 fsgid=1004 tty=(none) ses=16 comm="Chrome_IOThread" exe="/opt/brave.com/brave/brave" subj=unconfined
type=CWD msg=audit(1733944378.432:87049): cwd="/home/alice"
type=PATH msg=audit(1733944378.432:87049): item=0 name="/dev/shm/" inode=1 dev=00:18 mode=041777 ouid=0 ogid=0 rdev=00:00 nametype=PARENT cap_fp=0 cap_fi=0 cap_fe=0 cap_fver=0 cap_frootid=0
type=PATH msg=audit(1733944378.432:87049): item=1 name="/dev/shm/.org.chromium.Chromium.RcUt2F" inode=21008 dev=00:18 mode=0100600 ouid=1003 ogid=1004 rdev=00:00 nametype=DELETE cap_fp=0 cap_fi=0 cap_fe=0 cap_fver=0 cap_frootid=0
type=PROCTITLE msg=audit(1733944378.432:87049): proctitle="/opt/brave.com/brave/brave"
type=SYSCALL msg=audit(1733944378.452:87050): arch=c000003e syscall=87 success=yes exit=0 a0=1c94023e1780 a1=ffffffff a2=0 a3=0 items=2 ppid=6867 pid=17615 auid=1003 uid=1003 gid=1004 euid=1003 suid=1003 fsuid=1003 egid=1004 sgid=1004 fsgid=1004 tty=(none) ses=10 comm="code" exe="/usr/share/code/code" subj=unconfined
type=CWD msg=audit(1733944378.452:87050): cwd="/home/alice/Downloads"
type=PATH msg=audit(1733944378.452:87050): item=0 name="/dev/shm/" inode=1 dev=00:18 mode=041777 ouid=0 ogid=0 rdev=00:00 nametype=PARENT cap_fp=0 cap_fi=0 cap_fe=0 cap_fver=0 cap_frootid=0
type=PATH msg=audit(1733944378.452:87050): item=1 name="/dev/shm/.org.chromium.Chromium.pwBVX7" inode=21009 dev=00:18 mode=0100600 ouid=1003 ogid=1004 rdev=00:00 nametype=DELETE cap_fp=0 cap_fi=0 cap_fe=0 cap_fver=0 cap_frootid=0
type=PROCTITLE msg=audit(1733944378.452:87050): proctitle="/usr/share/code/code"
type=SYSCALL msg=audit(1733944378.668:87051): arch=c000003e syscall=87 success=yes exit=0 a0=27dc0a06c800 a1=55e7475e98d1 a2=74592045fdca265f a3=0 items=2 ppid=14442 pid=14448 auid=1003 uid=1003 gid=1004 euid=1003 suid=1003 fsuid=1003 egid=1004 sgid=1004 fsgid=1004 tty=(none) ses=16 comm="brave" exe="/opt/brave.com/brave/brave" subj=unconfined
type=CWD msg=audit(1733944378.668:87051): cwd="/home/alice"
type=PATH msg=audit(1733944378.668:87051): item=0 name="/dev/shm/" inode=1 dev=00:18 mode=041777 ouid=0 ogid=0 rdev=00:00 nametype=PARENT cap_fp=0 cap_fi=0 cap_fe=0 cap_fver=0 cap_frootid=0
type=PATH msg=audit(1733944378.668:87051): item=1 name="/dev/shm/.org.chromium.Chromium.Undf0G" inode=21010 dev=00:18 mode=0100600 ouid=1003 ogid=1004 rdev=00:00 nametype=DELETE cap_fp=0 cap_fi=0 cap_fe=0 cap_fver=0 cap_frootid=0
type=PROCTITLE msg=audit(1733944378.668:87051): proctitle="/opt/brave.com/brave/brave"
type=SYSCALL msg=audit(1733944378.668:87052): arch=c000003e syscall=87 success=yes exit=0 a0=27dc0a06d200 a1=55e7475e98d1 a2=b4626a48207e24af a3=0 items=2 ppid=14442 pid=14448 auid=1003 uid=1003 gid=1004 euid=1003 suid=1003 fsuid=1003 egid=1004 sgid=1004 fsgid=1004 tty=(none) ses=16 comm="brave" exe="/opt/brave.com/brave/brave" subj=unconfined
type=CWD msg=audit(1733944378.668:87052): cwd="/home/alice"
type=PATH msg=audit(1733944378.668:87052): item=0 name="/dev/shm/" inode=1 dev=00:18 mode=041777 ouid=0 ogid=0 rdev=00:00 nametype=PARENT cap_fp=0 cap_fi=0 cap_fe=0 cap_fver=0 cap_frootid=0
type=PATH msg=audit(1733944378.668:87052): item=1 name="/dev/shm/.org.chromium.Chromium.7U03hG" inode=21011 dev=00:18 mode=0100600 ouid=1003 ogid=1004 rdev=00:00 nametype=DELETE cap_fp=0 cap_fi=0 cap_fe=0 cap_fver=0 cap_frootid=0
type=PROCTITLE msg=audit(1733944378.668:87052): proctitle="/opt/brave.com/brave/brave"
type=SYSCALL msg=audit(1733944378.672:87053): arch=c000003e syscall=87 success=yes exit=0 a0=27dc0a06c840 a1=55e7475e98d1 a2=c9739d6013609e7d a3=0 items=2 ppid=14442 pid=14448 auid=1003 uid=1003 gid=1004 euid=1003 suid=1003 fsuid=1003 egid=1004 sgid=1004 fsgid=1004 tty=(none) ses=16 comm="brave" exe="/opt/brave.com/brave/brave" subj=unconfined
type=CWD msg=audit(1733944378.672:87053): cwd="/home/alice"
type=PATH msg=audit(1733944378.672:87053): item=0 name="/dev/shm/" inode=1 dev=00:18 mode=041777 ouid=0 ogid=0 rdev=00:00 nametype=PARENT cap_fp=0 cap_fi=0 cap_fe=0 cap_fver=0 cap_frootid=0
type=PATH msg=audit(1733944378.672:87053): item=1 name="/dev/shm/.org.chromium.Chromium.xJrOSH" inode=21012 dev=00:18 mode=0100600 ouid=1003 ogid=1004 rdev=00:00 nametype=DELETE cap_fp=0 cap_fi=0 cap_fe=0 cap_fver=0 cap_frootid=0
type=PROCTITLE msg=audit(1733944378.672:87053): proctitle="/opt/brave.com/brave/brave"
